MAL_ID,Genre
1,Action
1,Adventure
1,Comedy
1,Drama
1,Sci-Fi
1,Space
5,Action
5,Drama
5,Mystery
5,Sci-Fi
5,Space
6,Action
6,Sci-Fi
6,Adventure
6,Comedy
6,Drama
6,Shounen
7,Action
7,Mystery
7,Police
7,Supernatural
7,Drama
7,Magic
8,Adventure
8,Fantasy
8,Shounen
8,Supernatural
15,Action
15,Sports
15,Comedy
15,Shounen
16,Comedy
16,Drama
16,Josei
16,Romance
16,Slice of Life
17,Slice of Life
17,Comedy
17,Sports
17,Shounen
18,Action
18,Cars
18,Sports
18,Drama
18,Seinen
19,Drama
19,Horror
19,Mystery
19,Police
19,Psychological
19,Seinen
19,Thriller
20,Action
20,Adventure
20,Comedy
20,Super Power
20,Martial Arts
20,Shounen
21,Action
21,Adventure
21,Comedy
21,Super Power
21,Drama
21,Fantasy
21,Shounen
22,Action
22,Comedy
22,Sports
22,School
22,Shounen
23,Action
23,Shounen
23,Sports
24,Comedy
24,Romance
24,School
24,Shounen
25,Action
25,Adventure
25,Comedy
25,Ecchi
25,Sci-Fi
25,Shounen
26,Action
26,Sci-Fi
26,Psychological
26,Drama
27,Action
27,Supernatural
27,Vampire
28,Comedy
28,Shounen
29,Action
29,Military
29,Sci-Fi
29,Historical
29,Drama
29,Seinen
30,Action
30,Sci-Fi
30,Dementia
30,Psychological
30,Drama
30,Mecha
31,Drama
31,Mecha
31,Psychological
31,Sci-Fi
32,Sci-Fi
32,Dementia
32,Psychological
32,Drama
32,Mecha
33,Action
33,Adventure
33,Demons
33,Drama
33,Fantasy
33,Horror
33,Military
33,Romance
33,Seinen
33,Supernatural
43,Action
43,Mecha
43,Police
43,Psychological
43,Sci-Fi
43,Seinen
44,Action
44,Historical
44,Drama
44,Romance
44,Martial Arts
44,Samurai
44,Shounen
45,Action
45,Adventure
45,Comedy
45,Historical
45,Romance
45,Samurai
45,Shounen
46,Samurai
46,Historical
46,Drama
46,Shounen
47,Action
47,Military
47,Sci-Fi
47,Adventure
47,Horror
47,Supernatural
47,Seinen
48,Game
48,Sci-Fi
48,Adventure
48,Mystery
48,Magic
48,Fantasy
49,Comedy
49,Magic
49,Romance
49,Seinen
49,Supernatural
50,Comedy
50,Supernatural
50,Magic
50,Romance
50,Seinen
51,Action
51,Drama
51,Romance
51,Shoujo
51,Supernatural
52,Sci-Fi
52,Comedy
52,Sports
52,Drama
52,Shounen
53,Harem
53,Slice of Life
53,Comedy
53,Drama
53,Romance
54,Action
54,Military
54,Sci-Fi
54,Police
54,Drama
54,Mecha
54,Shounen
55,Action
55,Adventure
55,Fantasy
55,Horror
55,Sci-Fi
56,Adventure
56,Fantasy
56,Sci-Fi
56,Shounen
57,Comedy
57,Drama
57,Music
57,Shounen
57,Slice of Life
58,Adventure
58,Romance
58,Mecha
58,Military
58,Sci-Fi
58,Horror
58,Space
58,Drama
59,Sci-Fi
59,Comedy
59,Drama
59,Romance
59,Ecchi
59,Seinen
60,Action
60,Demons
60,Historical
60,Romance
60,Shounen
60,Supernatural
61,Action
61,Comedy
61,Magic
61,Romance
61,Fantasy
61,School
61,Shoujo
62,Harem
62,Drama
62,Magic
62,Romance
63,Sci-Fi
63,Harem
63,Comedy
63,Romance
63,Ecchi
63,Shounen
64,Action
64,Comedy
64,Drama
64,Magic
64,Seinen
65,Action
65,Comedy
65,Drama
65,Magic
65,Seinen
66,Slice of Life
66,Comedy
66,School
67,Action
67,Adventure
67,Historical
67,Supernatural
67,Romance
67,Samurai
67,Fantasy
68,Sci-Fi
68,Adventure
68,Comedy
68,Super Power
68,Shounen
69,Action
69,Fantasy
69,Military
69,Sci-Fi
71,Action
71,Military
71,Sci-Fi
71,Comedy
71,Mecha
72,Action
72,Comedy
72,School
73,Action
73,Military
73,Mecha
74,Comedy
74,School
74,Shoujo
74,Super Power
75,Action
75,Drama
75,Mecha
75,Military
75,Sci-Fi
76,Action
76,Comedy
76,Drama
76,Magic
76,Super Power
77,Action
77,Comedy
77,Drama
77,Magic
77,Super Power
79,Harem
79,Comedy
79,Drama
79,Magic
79,Romance
79,Ecchi
79,Fantasy
79,School
79,Seinen
80,Action
80,Military
80,Sci-Fi
80,Space
80,Mecha
81,Adventure
81,Drama
81,Mecha
81,Military
81,Romance
81,Sci-Fi
82,Military
82,Sci-Fi
82,Space
82,Drama
82,Mecha
83,Military
83,Sci-Fi
83,Drama
83,Romance
83,Mecha
84,Military
84,Sci-Fi
84,Adventure
84,Space
84,Drama
84,Romance
84,Mecha
85,Military
85,Sci-Fi
85,Space
85,Drama
85,Romance
85,Mecha
86,Space
86,Comedy
86,Mecha
86,Military
86,Drama
86,Sci-Fi
87,Military
87,Sci-Fi
87,Space
87,Drama
87,Mecha
88,Drama
88,Mecha
88,Military
88,Sci-Fi
88,Space
89,Drama
89,Mecha
89,Military
89,Sci-Fi
89,Space
90,Action
90,Military
90,Sci-Fi
90,Space
90,Drama
90,Mecha
91,Action
91,Drama
91,Mecha
91,Military
91,Sci-Fi
91,Space
92,Sci-Fi
92,Adventure
92,Space
92,Drama
92,Mecha
93,Action
93,Drama
93,Mecha
93,Military
93,Romance
93,Sci-Fi
93,Space
94,Action
94,Drama
94,Mecha
94,Military
94,Romance
94,Sci-Fi
94,Space
95,Action
95,Military
95,Sci-Fi
95,Adventure
95,Space
95,Drama
95,Romance
95,Mecha
96,Adventure
96,Comedy
96,Drama
96,Martial Arts
96,Mecha
96,Romance
96,Sci-Fi
96,Space
96,Sports
97,Action
97,Sci-Fi
97,Adventure
98,Action
98,Comedy
98,Drama
98,Fantasy
98,Magic
98,Mecha
98,Romance
98,School
98,Shoujo Ai
99,Comedy
99,Drama
99,Fantasy
99,Magic
100,Comedy
100,Drama
100,Fantasy
100,Magic
100,Romance
100,Shoujo
100,Super Power
101,Slice of Life
101,Supernatural
101,Drama
101,Romance
102,Comedy
102,Drama
102,Romance
102,Shoujo
103,Adventure
103,Comedy
103,Fantasy
103,Magic
103,Romance
103,Shoujo
104,Adventure
104,Comedy
104,Horror
104,Psychological
104,Supernatural
104,Drama
104,Romance
104,Shoujo
105,Slice of Life
105,Comedy
105,Romance
105,Shounen
106,Drama
106,Romance
106,School
106,Shoujo
107,Adventure
107,Comedy
107,Fantasy
107,Sci-Fi
107,Shounen
108,Adventure
108,Fantasy
108,Psychological
108,Comedy
108,Shounen
109,Adventure
109,Comedy
109,Mecha
109,Sci-Fi
110,Action
110,Comedy
110,Drama
110,Shounen
111,Sci-Fi
111,Adventure
111,Comedy
111,Magic
112,Action
112,Ecchi
112,Adventure
112,Fantasy
112,Magic
112,Comedy
112,Super Power
112,Sci-Fi
113,Action
113,Mecha
113,Romance
113,Sci-Fi
113,Space
114,Comedy
114,School
114,Shounen
115,Adventure
115,Comedy
115,Fantasy
116,Adventure
116,Comedy
116,Romance
116,Fantasy
117,Adventure
117,Comedy
117,Romance
117,Fantasy
118,Adventure
118,Comedy
118,Fantasy
119,Comedy
119,Drama
119,Romance
119,Slice of Life
120,Slice of Life
120,Comedy
120,Supernatural
120,Drama
120,Romance
120,Shoujo
121,Action
121,Adventure
121,Comedy
121,Drama
121,Fantasy
121,Magic
121,Military
121,Shounen
122,Music
122,Comedy
122,Supernatural
122,Drama
122,Romance
122,Shoujo
123,Adventure
123,Fantasy
123,Magic
123,Martial Arts
123,Comedy
123,Romance
123,Historical
123,Drama
123,Shoujo
124,Adventure
124,Fantasy
124,Romance
124,Drama
124,Shoujo
125,Comedy
125,Romance
125,School
126,Comedy
126,Drama
126,Romance
127,Action
127,Sci-Fi
127,Comedy
127,Fantasy
127,Mecha
127,Shounen
128,Action
128,Drama
128,Mecha
128,Sci-Fi
128,Shounen
129,Action
129,Adventure
129,Comedy
129,Demons
129,Drama
129,Shounen
129,Supernatural
130,Action
130,Adventure
130,Comedy
130,Demons
130,Drama
130,Josei
130,Supernatural
131,Action
131,Adventure
131,Comedy
131,Demons
131,Drama
131,Josei
131,Supernatural
132,Action
132,Comedy
132,Drama
132,Mystery
132,Shounen
132,Super Power
132,Supernatural
133,Comedy
133,Ecchi
133,Romance
133,School
133,Slice of Life
134,Action
134,Psychological
134,Military
134,Drama
134,Sci-Fi
135,Comedy
135,Game
135,Shounen
135,Supernatural
136,Action
136,Adventure
136,Super Power
136,Fantasy
136,Shounen
137,Action
137,Adventure
137,Super Power
137,Shounen
138,Action
138,Adventure
138,Super Power
138,Fantasy
138,Shounen
139,Action
139,Adventure
139,Super Power
139,Fantasy
139,Shounen
141,Mecha
141,Sci-Fi
142,Adventure
142,Comedy
142,Demons
142,Drama
142,Fantasy
142,Magic
142,Mystery
142,Romance
142,Shoujo
143,Supernatural
143,Drama
143,Magic
143,Romance
143,Mecha
143,Shounen
143,Shoujo Ai
144,Drama
144,Romance
144,Slice of Life
144,Supernatural
145,Comedy
145,Drama
145,Romance
145,School
145,Shoujo
145,Slice of Life
146,Sci-Fi
146,Comedy
146,Drama
146,Magic
146,Romance
146,Ecchi
147,Drama
147,Romance
147,Slice of Life
148,Drama
148,Romance
148,Slice of Life
149,Action
149,Mystery
149,Supernatural
149,Drama
149,Romance
149,Fantasy
149,Josei
149,Shounen Ai
150,Action
150,Military
150,Mystery
150,Horror
150,Supernatural
150,Drama
150,Vampire
151,Action
151,Sci-Fi
151,Comedy
151,Ecchi
151,Shoujo Ai
152,Action
152,Sci-Fi
152,Super Power
153,Action
153,Adventure
153,Fantasy
153,Magic
153,Supernatural
154,Action
154,Adventure
154,Comedy
154,Super Power
154,Supernatural
154,Shounen
155,Action
155,Drama
155,Fantasy
155,Horror
155,Magic
155,Sci-Fi
155,Supernatural
156,Action
156,Super Power
156,Drama
156,Magic
156,Romance
156,Fantasy
156,Shoujo
157,Comedy
157,Ecchi
157,Fantasy
157,Harem
157,Magic
157,Romance
157,School
157,Shounen
157,Super Power
157,Supernatural
158,Slice of Life
158,Drama
158,Romance
158,Shoujo
158,Shoujo Ai
159,Adventure
159,Fantasy
159,Horror
159,Mecha
159,Psychological
159,Sci-Fi
159,Shounen
159,Space
159,Supernatural
160,Adventure
160,Drama
160,Fantasy
160,Military
160,Sci-Fi
161,Action
161,Comedy
161,Historical
161,Samurai
161,Shounen
162,Comedy
162,Fantasy
162,Kids
162,Romance
162,School
162,Shounen
163,Adventure
163,Comedy
163,Fantasy
163,Historical
163,Shounen
164,Action
164,Adventure
164,Fantasy
165,Action
165,Drama
165,Mecha
165,Music
165,Mystery
165,Psychological
165,Romance
165,Sci-Fi
166,Historical
166,Mecha
166,Samurai
166,Sci-Fi
167,Sci-Fi
167,Adventure
167,Comedy
167,Drama
167,Fantasy
167,Mecha
167,Shounen
168,Action
168,Sci-Fi
168,Adventure
168,Super Power
168,Drama
169,Action
169,Horror
169,Mystery
169,Romance
169,Super Power
169,Supernatural
169,Vampire
170,Comedy
170,Drama
170,School
170,Shounen
170,Sports
171,Adventure
171,Drama
171,Fantasy
173,Mystery
173,Comedy
173,Historical
173,Demons
173,Supernatural
173,Drama
173,Shounen
174,Action
174,Ecchi
174,Martial Arts
174,Comedy
174,Super Power
174,School
174,Shounen
175,Action
175,Adventure
175,Romance
175,Sci-Fi
175,Shounen
175,Super Power
176,Adventure
176,Romance
177,Action
177,Adventure
177,Fantasy
177,Magic
177,Romance
177,Supernatural
177,Shounen
178,Comedy
178,Magic
178,Romance
178,School
178,Shoujo
179,Comedy
179,Magic
179,Romance
179,School
180,Action
180,Ecchi
180,Mecha
180,Sci-Fi
180,Shounen
180,Space
181,Action
181,Ecchi
181,Mecha
181,Sci-Fi
181,Shounen
181,Space
182,Adventure
182,Psychological
182,Romance
182,Fantasy
182,Mecha
183,School
183,Shounen
183,Sports
184,Action
184,Mecha
184,Sci-Fi
184,Shounen
184,Space
185,Action
185,Cars
185,Drama
185,Seinen
185,Sports
186,Action
186,Cars
186,Drama
186,Seinen
186,Sports
187,Action
187,Cars
187,Sports
187,Drama
187,Romance
187,Seinen
188,Comedy
188,Hentai
188,Mystery
188,Supernatural
189,Comedy
189,Ecchi
189,Harem
189,Romance
189,Shounen
189,Slice of Life
190,Comedy
190,Drama
190,Ecchi
190,Romance
190,Shounen
191,Slice of Life
191,Comedy
191,Romance
192,Adventure
192,Comedy
192,Romance
193,Comedy
193,Drama
193,Ecchi
193,Harem
193,Magic
193,Romance
193,School
194,Adventure
194,Mecha
194,Military
194,Sci-Fi
194,Shounen
195,Sci-Fi
195,Comedy
195,Drama
195,Romance
195,School
196,Comedy
196,Drama
196,Harem
196,School
196,Sci-Fi
197,Sci-Fi
197,Comedy
197,Romance
197,Ecchi
197,School
198,Action
198,Mystery
198,Super Power
199,Adventure
199,Supernatural
199,Drama
200,Comedy
200,Magic
200,Romance
200,Shounen
201,Comedy
201,Drama
201,Ecchi
201,Romance
202,Action
202,Adventure
202,Drama
202,Fantasy
202,Mystery
202,Sci-Fi
203,Adventure
203,Hentai
203,Demons
203,Magic
203,Fantasy
204,Action
204,Comedy
204,Ecchi
204,Harem
204,Super Power
205,Action
205,Adventure
205,Comedy
205,Historical
205,Samurai
205,Shounen
206,Action
206,Adventure
206,Drama
206,Magic
206,Romance
206,Fantasy
207,Action
207,Adventure
207,Fantasy
207,Magic
207,Shounen
207,Supernatural
208,Action
208,Sci-Fi
208,Adventure
208,Mystery
208,Historical
208,Magic
209,Action
209,Sci-Fi
209,Adventure
209,Comedy
209,Super Power
209,Drama
210,Slice of Life
210,Comedy
210,Martial Arts
210,Fantasy
210,Shounen
211,Hentai
212,Action
212,Adventure
212,Comedy
212,Mecha
212,Sci-Fi
212,Super Power
213,Comedy
213,Romance
213,Hentai
214,Comedy
214,Romance
214,Hentai
215,Comedy
215,Romance
216,Comedy
216,Romance
217,Comedy
217,Drama
217,Hentai
217,Romance
218,Action
218,Comedy
218,Mecha
218,Military
218,Parody
218,Romance
218,Sci-Fi
218,Shounen
218,Space
219,Action
219,Comedy
219,Drama
219,Mecha
219,Psychological
219,Sci-Fi
219,Shounen
219,Space
220,Hentai
220,Horror
221,Action
221,Comedy
221,Hentai
221,Sci-Fi
222,Action
222,Adventure
222,Comedy
222,Mystery
222,Sci-Fi
223,Adventure
223,Comedy
223,Fantasy
223,Martial Arts
223,Shounen
223,Super Power
225,Action
225,Sci-Fi
225,Adventure
225,Comedy
225,Super Power
225,Magic
225,Fantasy
225,Shounen
226,Action
226,Horror
226,Psychological
226,Supernatural
226,Drama
226,Romance
226,Seinen
227,Action
227,Sci-Fi
227,Comedy
227,Parody
227,Dementia
227,Psychological
227,Mecha
228,Mystery
228,Horror
228,Psychological
228,Supernatural
229,Comedy
229,Parody
229,Martial Arts
230,Action
230,Comedy
230,Martial Arts
230,Seinen
231,Action
231,Comedy
231,Supernatural
231,Fantasy
231,Seinen
232,Adventure
232,Comedy
232,Drama
232,Magic
232,Romance
232,Fantasy
232,School
232,Shoujo
233,Comedy
233,Sci-Fi
233,Shoujo
234,Adventure
234,Sports
234,Shounen
235,Adventure
235,Mystery
235,Comedy
235,Police
235,Shounen
236,Adventure
236,Comedy
236,Drama
236,Military
236,Sci-Fi
236,Shounen
236,Supernatural
237,Adventure
237,Drama
237,Mecha
237,Romance
237,Sci-Fi
238,Action
238,Adventure
238,Martial Arts
238,Shounen
238,Super Power
239,Drama
239,Mystery
239,Sci-Fi
239,Supernatural
239,Thriller
240,Slice of Life
240,Comedy
240,Parody
241,Harem
241,Comedy
241,Romance
241,Ecchi
241,Fantasy
241,School
241,Shounen
242,Slice of Life
242,Comedy
242,Drama
242,School
242,Josei
243,Comedy
243,Music
243,Romance
243,Shoujo
243,Shounen Ai
244,Historical
244,Mystery
245,Slice of Life
245,Comedy
245,Drama
245,School
245,Shounen
246,Adventure
246,Comedy
246,Fantasy
246,Romance
246,Shounen
247,Fantasy
247,Magic
247,Supernatural
247,Demons
247,Historical
247,Shoujo
248,Comedy
248,Ecchi
248,Harem
248,Romance
248,Shounen
249,Action
249,Adventure
249,Comedy
249,Historical
249,Demons
249,Supernatural
249,Magic
249,Romance
249,Fantasy
249,Shounen
250,Adventure
250,Comedy
250,Demons
250,Supernatural
250,Magic
250,Shounen
251,Adventure
251,Comedy
251,Demons
251,Fantasy
251,Shoujo
252,Military
252,Mystery
252,Psychological
252,Supernatural
252,Drama
252,Magic
252,Shounen
253,Slice of Life
253,Comedy
253,School
254,Comedy
254,Slice of Life
255,Slice of Life
255,Comedy
256,Sci-Fi
256,Space
256,Drama
256,Romance
256,Mecha
257,Ecchi
257,Super Power
257,Martial Arts
257,School
258,Horror
258,Drama
258,Vampire
259,Comedy
259,Harem
259,Romance
259,School
260,Comedy
260,Drama
260,Harem
260,Romance
260,Slice of Life
261,Comedy
261,Harem
261,Romance
261,Slice of Life
262,Comedy
262,Harem
262,Romance
262,School
263,Comedy
263,Sports
263,Drama
263,Shounen
264,Comedy
264,Shounen
264,Sports
265,Comedy
265,Sports
265,Shounen
266,Drama
266,Mecha
266,Military
266,Romance
266,Sci-Fi
266,Shounen
266,Slice of Life
267,Action
267,Drama
267,Sci-Fi
267,Seinen
267,Super Power
268,Adventure
268,Comedy
268,Ecchi
269,Action
269,Adventure
269,Comedy
269,Super Power
269,Supernatural
269,Shounen
270,Action
270,Horror
270,Supernatural
270,Vampire
270,Seinen
271,Sci-Fi
271,Adventure
271,Mecha
271,Shounen
272,Action
272,Mystery
272,Drama
273,Slice of Life
273,Drama
273,Magic
273,Shounen
274,Action
274,Sci-Fi
274,Super Power
274,Ecchi
274,Mecha
275,Ecchi
275,Comedy
275,Harem
275,Romance
276,Comedy
276,Ecchi
276,Military
276,Romance
276,Sci-Fi
277,Military
277,Sci-Fi
277,Comedy
277,Drama
277,Romance
277,Ecchi
278,Action
278,Sci-Fi
278,Comedy
278,Shounen
279,Fantasy
279,Historical
279,Horror
279,Mystery
279,Psychological
279,Supernatural
280,Adventure
280,Comedy
280,Fantasy
280,Shoujo
281,Comedy
281,Mecha
281,Romance
282,Action
282,Mystery
282,Drama
282,Romance
282,Seinen
283,Slice of Life
283,Historical
283,Drama
284,Action
284,Drama
284,Military
284,Romance
284,Shounen
285,Action
285,Adventure
285,Drama
285,Mecha
285,Military
285,Sci-Fi
286,Adventure
286,Mecha
286,Sci-Fi
286,Shounen
287,Action
287,Sports
287,Martial Arts
287,Shounen
288,Action
288,Sci-Fi
288,Adventure
288,Comedy
288,Sports
288,Shounen
289,Comedy
289,Drama
290,Action
290,Military
290,Sci-Fi
290,Space
290,Romance
291,Comedy
291,Harem
291,Romance
291,Supernatural
291,Drama
292,Drama
292,Shounen
292,Sports
293,Comedy
293,Fantasy
293,Sci-Fi
294,Adventure
294,Comedy
294,Drama
294,Mecha
294,Military
294,Sci-Fi
294,Space
295,Adventure
295,Drama
295,Mecha
295,Military
295,Sci-Fi
295,Space
296,Action
296,Sci-Fi
296,Adventure
296,Comedy
296,Fantasy
296,School
296,Shounen
297,Action
297,Ecchi
297,Adventure
297,Comedy
297,Shounen
298,Adventure
298,Comedy
298,Fantasy
298,Game
298,Sci-Fi
298,Shounen
299,Game
299,Mystery
299,Sci-Fi
300,Action
300,Demons
300,Fantasy
300,Horror
300,Romance
301,Action
301,Adventure
301,Mystery
301,Comedy
301,Seinen
302,Adventure
302,Drama
302,Sci-Fi
303,Comedy
303,Magic
303,Supernatural
304,Comedy
304,Magic
304,Romance
304,Seinen
304,Supernatural
305,Action
305,Comedy
305,Shounen
306,Comedy
306,Parody
306,Ecchi
306,Fantasy
307,Kids
307,Fantasy
307,Comedy
308,Sci-Fi
308,Mystery
308,Drama
308,Fantasy
308,Shounen
309,Comedy
309,Magic
309,Parody
310,Comedy
310,Supernatural
311,Sports
311,Drama
311,Romance
311,School
311,Shoujo
312,Action
312,Drama
312,Sports
313,Sports
313,Drama
313,Romance
313,School
313,Shoujo
314,Drama
314,Shoujo
314,Sports
315,Action
315,Drama
315,Fantasy
315,Romance
316,Comedy
316,Hentai
316,Yuri
317,Action
317,Super Power
317,Fantasy
318,Comedy
318,Ecchi
318,Harem
318,Romance
318,Sci-Fi
319,Ecchi
319,Fantasy
319,Comedy
319,Romance
320,Action
320,Hentai
320,Police
320,Drama
321,Action
321,Ecchi
321,Comedy
321,Sci-Fi
322,Comedy
322,Drama
322,Josei
322,Romance
322,Slice of Life
323,Mystery
323,Dementia
323,Police
323,Psychological
323,Supernatural
323,Drama
323,Thriller
324,Comedy
324,Mecha
324,Police
324,Sci-Fi
325,Slice of Life
325,Drama
325,Romance
325,School
325,Shoujo
326,Horror
326,Josei
326,Mystery
326,Supernatural
327,Comedy
327,Magic
327,Fantasy
327,Shoujo
328,Music
328,Slice of Life
328,Drama
328,Romance
328,Shoujo
329,Drama
329,Romance
329,Sci-Fi
329,Seinen
329,Space
330,Comedy
330,Drama
330,Romance
330,Ecchi
330,Shounen
331,Adventure
331,Comedy
331,Magic
331,Fantasy
331,Shounen
332,Adventure
332,Comedy
332,Magic
332,Fantasy
332,Shounen
333,Comedy
333,Drama
333,Sci-Fi
334,Comedy
334,Drama
334,Romance
334,Shoujo
335,Comedy
335,Magic
335,Mystery
335,Shounen
335,Supernatural
336,Fantasy
336,Shoujo
337,Comedy
337,Romance
337,Supernatural
338,Military
338,Historical
338,Drama
338,Romance
338,Shoujo
339,Dementia
339,Drama
339,Mystery
339,Psychological
339,Sci-Fi
339,Supernatural
340,Action
340,Historical
340,Martial Arts
340,Samurai
340,Shounen
341,Drama
341,Mystery
341,Shounen
342,Drama
342,Military
342,Sci-Fi
342,Space
343,Comedy
343,Romance
343,Vampire
343,Fantasy
343,Seinen
344,Sci-Fi
344,Supernatural
344,Drama
344,School
345,Slice of Life
345,Historical
345,Drama
345,Romance
345,Seinen
346,Drama
346,Harem
346,Romance
346,School
346,Slice of Life
347,Action
347,Sci-Fi
347,Adventure
347,Magic
347,Vampire
347,Fantasy
348,Comedy
348,Fantasy
348,Magic
348,Slice of Life
349,Supernatural
349,Drama
349,Magic
349,Fantasy
350,Comedy
350,Magic
351,Comedy
351,Magic
351,Shoujo
352,Magic
352,Fantasy
352,Comedy
352,Shoujo
353,Comedy
353,Magic
353,Shoujo
354,Comedy
354,Ecchi
354,Magic
354,Sci-Fi
355,Action
355,Drama
355,Fantasy
355,Romance
355,School
355,Supernatural
356,Action
356,Supernatural
356,Magic
356,Romance
356,Fantasy
357,Comedy
357,Magic
357,Ecchi
358,Drama
358,Romance
358,Sci-Fi
359,Action
359,Sports
359,School
359,Shounen
360,Adventure
360,Supernatural
360,Drama
360,Fantasy
361,Romance
361,Drama
362,Romance
362,Drama
363,Romance
363,Drama
364,Mystery
364,Seinen
365,Police
365,Comedy
365,Romance
365,Mystery
365,Shounen Ai
366,Action
366,Ecchi
366,Adventure
366,Comedy
366,Sci-Fi
367,Comedy
367,Fantasy
367,Magic
368,Hentai
369,Psychological
369,Supernatural
369,Dementia
369,Mystery
369,Drama
369,Horror
370,Action
370,Adventure
370,Comedy
370,Ecchi
370,Police
370,Sci-Fi
370,Shounen
371,Comedy
371,Drama
371,Magic
371,Fantasy
371,Shoujo
372,Comedy
372,Drama
372,Fantasy
372,Magic
372,Romance
372,Shoujo
373,Sci-Fi
373,Adventure
373,Comedy
373,Mecha
373,Seinen
374,Action
374,Comedy
374,Ecchi
374,Romance
374,Sci-Fi
375,Action
375,Adventure
375,Comedy
375,Mecha
375,Sci-Fi
375,Seinen
376,Horror
376,Psychological
376,Supernatural
376,Drama
376,Ecchi
376,Seinen
377,Action
377,Adventure
377,Cars
377,Comedy
377,Sci-Fi
377,Shounen
378,Action
378,Adventure
378,Cars
378,Comedy
378,Sci-Fi
378,Shounen
379,Comedy
379,Parody
379,Sci-Fi
379,Shounen
380,Adventure
380,Fantasy
380,Romance
380,Comedy
380,Historical
380,Shoujo
381,Adventure
381,Drama
381,Fantasy
381,Historical
381,Martial Arts
381,Romance
381,Shoujo
382,Comedy
382,Ecchi
382,Romance
382,Seinen
382,Slice of Life
383,Comedy
383,Sci-Fi
384,Action
384,Sci-Fi
384,Horror
384,Psychological
384,Supernatural
384,Drama
384,Ecchi
385,Drama
385,Fantasy
385,Sci-Fi
385,Supernatural
386,Comedy
386,Sports
386,Romance
386,Shounen
387,Slice of Life
387,Mystery
387,Psychological
387,Drama
387,Fantasy
388,Cars
388,Shounen
388,Sports
389,Action
389,Sci-Fi
389,Super Power
389,Fantasy
390,Sports
390,Drama
390,Romance
390,Shounen
391,Adventure
391,Fantasy
391,Shounen
392,Action
392,Comedy
392,Demons
392,Supernatural
392,Martial Arts
392,Shounen
393,Adventure
393,Drama
393,Fantasy
393,Mecha
393,Romance
393,Sci-Fi
393,Shoujo
394,Comedy
394,Drama
394,Harem
394,Romance
394,Slice of Life
395,Action
395,Sci-Fi
395,Horror
395,Psychological
395,Supernatural
395,Drama
395,Ecchi
396,Action
396,Military
396,Romance
396,Sci-Fi
396,Space
397,Action
397,Military
397,Romance
397,Sci-Fi
397,Space
398,Action
398,Military
398,Romance
398,Sci-Fi
398,Space
399,Action
399,Military
399,Romance
399,Sci-Fi
399,Space
400,Action
400,Sci-Fi
400,Adventure
400,Space
400,Comedy
401,Romance
401,Samurai
401,Historical
401,Drama
401,Shounen
402,Adventure
402,Comedy
402,Magic
402,Fantasy
403,Comedy
403,Ecchi
403,Harem
403,Romance
404,Action
404,Adventure
404,Comedy
404,Ecchi
404,Fantasy
404,Seinen
405,Horror
405,Supernatural
405,Vampire
406,Shounen
406,Sports
407,Comedy
407,Drama
407,Mystery
407,Police
407,Shounen
408,Action
408,Adventure
408,Drama
408,Fantasy
408,Sci-Fi
411,Action
411,Adventure
411,Drama
411,Mecha
411,Sci-Fi
411,Shounen
412,Comedy
412,Ecchi
412,Slice of Life
413,Sci-Fi
413,Horror
415,Slice of Life
415,Comedy
416,Action
416,Military
416,Adventure
416,Comedy
416,Historical
416,Drama
416,Romance
417,Action
417,Magic
417,Fantasy
418,Adventure
418,Comedy
418,Shounen
419,Adventure
419,Comedy
419,Historical
419,Supernatural
419,Samurai
419,Shounen
420,Adventure
420,Military
420,Sci-Fi
420,Shounen
421,Comedy
421,Military
421,Sci-Fi
421,Shounen
422,Comedy
422,Military
422,Sci-Fi
422,Shounen
423,Comedy
423,Military
423,Sci-Fi
423,Shounen
424,Adventure
424,Comedy
424,Police
424,Sci-Fi
425,Comedy
425,Sports
425,Shounen Ai
426,Action
426,Adventure
426,Comedy
426,Fantasy
427,Comedy
427,Sports
427,Drama
427,Fantasy
427,Shoujo
428,Adventure
428,Comedy
428,Sports
428,Drama
428,Shoujo
429,Comedy
429,Drama
429,Shoujo
430,Military
430,Comedy
430,Historical
430,Drama
430,Fantasy
430,Shounen
431,Adventure
431,Drama
431,Fantasy
431,Romance
432,Action
432,Adventure
432,Space
432,Sci-Fi
433,Drama
433,Military
433,Romance
433,Sci-Fi
434,Action
434,Adventure
434,Fantasy
435,Adventure
435,Comedy
435,Drama
435,Fantasy
435,Magic
435,Mecha
435,Romance
435,Shoujo
437,Dementia
437,Drama
437,Horror
437,Psychological
438,Action
438,Drama
438,Shounen
439,Adventure
439,Drama
439,Fantasy
440,Comedy
440,Drama
440,Fantasy
440,Mystery
440,Psychological
440,Shoujo
441,Dementia
441,Drama
441,Fantasy
441,Romance
441,Shoujo
441,Shoujo Ai
442,Adventure
442,Comedy
442,Historical
442,Supernatural
442,Drama
442,Shounen
443,Comedy
443,Ecchi
443,Romance
443,Sci-Fi
444,Drama
444,Romance
444,School
444,Shoujo
444,Shoujo Ai
445,Adventure
445,Comedy
445,Romance
445,Fantasy
446,Action
446,Drama
446,Shounen
447,Action
447,Drama
447,Shounen
448,Adventure
448,Drama
448,Martial Arts
448,Romance
448,Shounen
448,Supernatural
449,Action
449,Adventure
449,Comedy
449,Historical
449,Demons
449,Supernatural
449,Drama
449,Magic
449,Romance
449,Fantasy
449,Shounen
450,Action
450,Adventure
450,Comedy
450,Historical
450,Demons
450,Supernatural
450,Drama
450,Magic
450,Romance
450,Fantasy
450,Shounen
451,Action
451,Adventure
451,Comedy
451,Historical
451,Demons
451,Supernatural
451,Drama
451,Magic
451,Romance
451,Fantasy
451,Shounen
452,Action
452,Adventure
452,Comedy
452,Historical
452,Demons
452,Supernatural
452,Drama
452,Magic
452,Romance
452,Fantasy
452,Shounen
454,Comedy
454,Fantasy
454,Game
455,Adventure
455,Fantasy
455,Mystery
455,Romance
455,Sci-Fi
455,Thriller
456,Comedy
456,School
456,Slice of Life
457,Adventure
457,Slice of Life
457,Mystery
457,Historical
457,Supernatural
457,Fantasy
457,Seinen
458,Comedy
458,Ecchi
458,Magic
458,Sci-Fi
458,Seinen
459,Action
459,Adventure
459,Comedy
459,Super Power
459,Fantasy
459,Shounen
460,Action
460,Adventure
460,Comedy
460,Super Power
460,Fantasy
460,Shounen
461,Action
461,Adventure
461,Comedy
461,Super Power
461,Fantasy
461,Shounen
462,Action
462,Adventure
462,Comedy
462,Super Power
462,Fantasy
462,Shounen
463,Action
463,Adventure
463,Comedy
463,Super Power
463,Fantasy
463,Shounen
464,Adventure
464,Comedy
464,Fantasy
464,Shounen
465,Adventure
465,Comedy
465,Fantasy
465,Shounen
466,Action
466,Adventure
466,Fantasy
466,Comedy
466,Super Power
466,Shounen
467,Action
467,Military
467,Sci-Fi
467,Police
467,Mecha
467,Seinen
468,Military
468,Sci-Fi
468,Police
468,Psychological
468,Mecha
469,Comedy
469,Romance
469,Vampire
469,School
469,Shounen
470,Slice of Life
470,Comedy
470,Romance
470,Drama
471,Comedy
471,Drama
471,Harem
471,Romance
471,School
471,Slice of Life
472,Drama
472,Harem
472,Romance
472,School
472,Slice of Life
473,Action
473,Military
473,Adventure
473,Drama
473,Shounen
474,Drama
474,Mecha
474,Military
474,Romance
474,Sci-Fi
474,Space
475,Drama
475,Sci-Fi
476,Sports
476,Supernatural
476,Drama
476,Romance
477,Sci-Fi
477,Slice of Life
477,Fantasy
477,Shounen
478,Action
478,Mecha
478,Romance
478,Super Power
478,Supernatural
478,Sci-Fi
479,Action
479,Adventure
479,Comedy
479,Super Power
479,Supernatural
479,Drama
479,Shounen
481,Adventure
481,Game
481,Shounen
482,Action
482,Game
482,Comedy
482,Fantasy
482,Shounen
483,Action
483,Sci-Fi
483,Space
483,Super Power
483,Drama
484,Adventure
484,Shounen
484,Supernatural
485,Slice of Life
485,Comedy
486,Action
486,Adventure
486,Psychological
486,Slice of Life
487,Harem
487,Comedy
487,Romance
487,Ecchi
487,Fantasy
487,School
487,Shounen
488,Slice of Life
488,Comedy
489,Comedy
489,Drama
489,Slice of Life
489,Supernatural
490,Comedy
490,Parody
490,School
492,Action
492,Sci-Fi
492,Adventure
492,Mecha
493,Action
493,Military
493,Sci-Fi
493,Adventure
493,Police
493,Romance
493,Mecha
495,Adventure
495,Comedy
495,Ecchi
495,Fantasy
495,Magic
495,Shounen
495,Supernatural
496,Adventure
496,Historical
496,Drama
496,Fantasy
496,Shounen
497,Adventure
497,Ecchi
497,Fantasy
497,Magic
497,Mystery
497,Shoujo Ai
498,Action
498,Sci-Fi
498,Adventure
498,Mecha
499,Adventure
499,Horror
499,Romance
499,Shounen
499,Supernatural
501,Adventure
501,Comedy
501,Fantasy
501,Kids
501,Shounen
502,Action
502,Adventure
502,Comedy
502,Fantasy
502,Shounen
502,Super Power
503,Adventure
503,Drama
503,Fantasy
504,Action
504,Adventure
504,Drama
504,Martial Arts
504,Romance
504,Shounen
505,Magic
505,Comedy
505,Shoujo
506,Drama
506,Romance
506,Shoujo
507,Comedy
507,Romance
507,Shoujo
507,Shounen Ai
508,Adventure
508,Comedy
508,Kids
509,Comedy
509,Drama
509,Romance
509,School
509,Slice of Life
510,Comedy
510,Drama
510,Harem
510,Romance
510,School
511,Adventure
511,Comedy
511,Historical
511,Fantasy
512,Adventure
512,Comedy
512,Drama
512,Magic
512,Romance
512,Fantasy
513,Adventure
513,Fantasy
513,Romance
513,Sci-Fi
514,Drama
514,Horror
514,Magic
514,Psychological
514,Romance
514,Supernatural
515,Action
515,Adventure
515,Fantasy
515,Magic
515,Supernatural
516,Comedy
516,Mecha
516,Parody
516,Sci-Fi
516,Shounen
517,Comedy
517,Romance
517,School
517,Shounen
518,Magic
518,Shoujo
519,Comedy
519,Drama
519,Romance
519,Shounen
520,Romance
520,Shoujo
521,Adventure
521,Music
521,Comedy
521,Magic
521,Romance
521,Shoujo
522,Adventure
522,Drama
522,Police
522,Romance
522,Sci-Fi
522,Shounen
523,Adventure
523,Comedy
523,Supernatural
524,Comedy
524,Drama
524,Romance
525,Adventure
525,Drama
525,Fantasy
525,Historical
526,Drama
526,Sci-Fi
526,Shoujo
527,Action
527,Adventure
527,Comedy
527,Kids
527,Fantasy
528,Action
528,Adventure
528,Comedy
528,Kids
528,Drama
528,Fantasy
529,Drama
529,Military
529,Romance
529,School
529,Sci-Fi
530,Demons
530,Magic
530,Romance
530,Shoujo
531,Drama
531,Magic
531,Romance
531,Shoujo
532,Drama
532,Magic
532,Romance
532,Shoujo
533,Comedy
533,Slice of Life
534,Adventure
534,Comedy
534,Demons
534,Magic
534,Fantasy
535,Adventure
535,Comedy
535,Demons
535,Magic
535,Fantasy
536,Adventure
536,Comedy
536,Magic
536,Fantasy
536,Shounen
537,Action
537,Sci-Fi
537,Adventure
537,Martial Arts
538,Comedy
538,Harem
538,Romance
538,Sci-Fi
538,Shounen
539,Action
539,Comedy
539,Sci-Fi
539,Shounen
539,Space
540,Action
540,Comedy
540,Harem
540,Sci-Fi
540,Shounen
540,Space
541,Action
541,Comedy
541,Harem
541,Sci-Fi
541,Shounen
541,Space
543,Action
543,Sci-Fi
543,Horror
543,Drama
543,Romance
543,Vampire
543,Fantasy
544,Action
544,Sci-Fi
544,Adventure
544,Space
545,Comedy
545,Sci-Fi
546,Drama
546,Romance
546,School
546,Supernatural
547,Romance
547,Supernatural
547,School
547,Drama
548,Action
548,Drama
548,Romance
548,Sci-Fi
550,Action
550,Game
550,Comedy
550,Fantasy
550,Shounen
551,Action
551,Martial Arts
551,Shounen
551,Sports
552,Action
552,Adventure
552,Comedy
552,Fantasy
552,Kids
553,Comedy
553,Drama
553,Fantasy
553,Horror
553,Magic
553,Shoujo
553,Shounen Ai
553,Vampire
554,Adventure
554,Comedy
554,Drama
554,Historical
554,Mecha
554,Military
554,Romance
554,Shounen
555,Comedy
555,Mecha
555,Romance
555,Sci-Fi
555,Shoujo Ai
555,Shounen
556,Drama
556,Romance
556,Sci-Fi
557,Comedy
557,Historical
557,Romance
557,Sci-Fi
557,Shounen
558,Comedy
558,Drama
558,Shounen
558,Sports
559,Sci-Fi
559,Psychological
559,Drama
560,Action
560,Drama
560,Mecha
560,Military
560,Sci-Fi
561,Adventure
561,Mecha
561,Sci-Fi
561,Shounen
562,Adventure
562,Mecha
562,Sci-Fi
562,Shounen
563,Sci-Fi
563,Comedy
563,Romance
564,Comedy
564,Magic
564,Sci-Fi
564,Shounen
565,Action
565,Military
565,Sci-Fi
565,Adventure
565,Historical
565,Drama
566,Action
566,Comedy
566,Sci-Fi
566,Shounen
567,Action
567,Sci-Fi
567,Mystery
567,Psychological
567,Mecha
568,Adventure
568,Mecha
568,Sci-Fi
568,Shounen
569,Military
569,Sci-Fi
569,Space
569,Comedy
569,Parody
570,Military
570,Police
570,Psychological
570,Drama
570,Romance
571,Action
571,Sci-Fi
571,Romance
571,Mecha
572,Adventure
572,Fantasy
573,Action
573,Adventure
573,Comedy
573,Drama
573,Harem
573,Martial Arts
573,Mecha
573,Romance
573,Sci-Fi
573,Shounen
574,Sci-Fi
574,Fantasy
574,Mecha
576,Comedy
576,Fantasy
576,Harem
576,Magic
576,Romance
576,Shounen
577,Fantasy
577,Magic
578,Drama
578,Historical
579,Comedy
579,Ecchi
579,Sci-Fi
580,Comedy
581,Adventure
581,Comedy
581,Ecchi
581,Samurai
582,Comedy
582,Martial Arts
582,School
582,Shounen
584,Sci-Fi
584,Adventure
584,Slice of Life
584,Drama
585,Slice of Life
585,Drama
585,Romance
585,Shoujo
586,Mystery
586,Historical
586,Horror
586,Fantasy
587,Comedy
587,Drama
587,Romance
588,Ecchi
588,Fantasy
588,Romance
588,Comedy
588,Shounen
589,Action
589,Adventure
589,Drama
589,Shounen
590,Comedy
590,Romance
590,Shounen
591,Comedy
591,Ecchi
591,Harem
591,Romance
591,Supernatural
592,Adventure
592,Fantasy
593,Drama
593,Mecha
593,Military
593,Psychological
593,Sci-Fi
593,Space
594,Action
594,Adventure
594,Comedy
594,Shounen
594,Super Power
595,Mystery
595,Supernatural
595,Drama
595,Romance
595,Fantasy
596,Romance
596,Comedy
597,Adventure
597,Drama
597,Fantasy
598,Action
598,Sci-Fi
598,Drama
598,Mecha
598,Shounen
599,Action
599,Adventure
599,Comedy
599,Super Power
599,Supernatural
599,Magic
599,Vampire
600,Supernatural
600,Drama
600,Vampire
600,Shounen Ai
601,Comedy
601,Dementia
601,Psychological
602,Adventure
602,Comedy
602,Fantasy
602,Mecha
602,Shounen
602,Supernatural
603,Action
603,Comedy
603,Magic
603,Fantasy
603,Shoujo
604,Music
604,Comedy
604,Drama
604,Magic
604,Romance
604,Shoujo
605,Comedy
605,Romance
605,Vampire
605,Fantasy
606,Adventure
606,Comedy
606,Historical
606,Martial Arts
606,Samurai
607,Adventure
607,Comedy
607,Fantasy
608,Adventure
608,Mecha
608,Sci-Fi
608,Shounen
609,Drama
609,Romance
609,Sci-Fi
610,Comedy
610,Drama
610,Ecchi
610,Supernatural
611,Sci-Fi
611,Slice of Life
612,Comedy
612,Demons
612,Romance
612,School
613,Adventure
613,Fantasy
613,Supernatural
613,Shounen
614,Magic
614,Romance
615,Comedy
615,Magic
615,Parody
616,Drama
616,Fantasy
616,Magic
616,Shoujo
617,Adventure
617,Historical
617,Horror
617,Supernatural
617,Romance
617,Samurai
617,Fantasy
617,Shounen
618,Adventure
618,Horror
618,Magic
618,Martial Arts
618,Samurai
618,Shounen
618,Supernatural
619,Action
619,Sci-Fi
619,Demons
619,Supernatural
619,Thriller
620,Mystery
620,Horror
620,Drama
620,Fantasy
621,Action
621,Comedy
621,Horror
621,Mystery
621,Vampire
622,Drama
622,Romance
622,Sci-Fi
623,Adventure
623,Comedy
623,Magic
623,Romance
623,School
624,Action
624,Harem
624,Comedy
624,Ecchi
624,Shounen
625,Comedy
625,Romance
626,Comedy
626,Fantasy
626,Magic
626,Romance
626,Shounen
627,Comedy
627,Sports
627,Drama
627,Shounen
629,Sci-Fi
629,Comedy
629,Magic
629,Romance
629,Fantasy
630,Sci-Fi
630,Comedy
630,Magic
630,Romance
630,School
631,Ecchi
631,Romance
631,Comedy
631,Sci-Fi
632,Ecchi
632,Romance
632,Comedy
632,Military
632,Sci-Fi
633,Adventure
633,Romance
633,Drama
633,Shoujo
634,Drama
634,Psychological
634,Romance
634,Seinen
634,Slice of Life
635,Action
635,Adventure
635,Comedy
635,Drama
635,Shounen
636,Adventure
636,Comedy
636,Drama
636,Martial Arts
636,Samurai
636,Shounen
637,Comedy
637,Romance
637,Ecchi
637,School
637,Seinen
641,Comedy
641,Ecchi
641,Romance
641,Shounen
642,Ecchi
642,Romance
642,Shounen
644,Comedy
644,Drama
644,Josei
644,Romance
644,Slice of Life
645,Game
645,Shounen
646,Comedy
646,Supernatural
646,School
646,Shounen
647,Adventure
647,Fantasy
647,Romance
647,Supernatural
647,Demons
647,Historical
647,Drama
647,Shoujo
648,Comedy
648,Drama
648,Harem
648,Romance
648,Sci-Fi
649,Comedy
649,Ecchi
649,Harem
649,Romance
650,Action
650,Comedy
650,Police
650,Seinen
651,Hentai
651,Comedy
651,Romance
652,Sci-Fi
652,Comedy
653,Comedy
653,Sci-Fi
654,Comedy
654,Sci-Fi
655,Comedy
655,Sci-Fi
656,Romance
656,Supernatural
656,Comedy
656,Historical
656,Drama
658,Game
658,Psychological
658,Thriller
658,Seinen
659,Comedy
659,School
659,Slice of Life
660,Comedy
660,Fantasy
660,Magic
660,Romance
660,Shounen
661,Harem
661,Romance
661,School
661,Drama
664,Adventure
664,Fantasy
664,Comedy
664,Military
664,Drama
664,Shounen
665,Adventure
665,Drama
665,Fantasy
665,Horror
665,Shounen
665,Supernatural
665,Vampire
666,Adventure
666,Drama
666,Fantasy
666,Horror
666,Shounen
666,Supernatural
666,Vampire
667,Comedy
667,Drama
667,Romance
667,School
667,Shoujo Ai
667,Slice of Life
668,Comedy
668,Harem
668,Romance
669,Comedy
669,Romance
669,School
670,Drama
670,Romance
670,Slice of Life
671,Drama
671,Music
673,Comedy
675,Supernatural
675,Drama
676,Romance
676,Drama
677,Drama
677,Romance
677,Shoujo
678,Adventure
678,Fantasy
678,Magic
678,Martial Arts
678,Super Power
678,Drama
678,Shounen
679,Adventure
679,Drama
679,Fantasy
679,Shounen
681,Magic
681,Comedy
681,Sci-Fi
682,Fantasy
682,Magic
682,Comedy
682,Harem
682,Romance
683,Comedy
683,Fantasy
683,Magic
683,Romance
684,Fantasy
684,Magic
684,Romance
685,Drama
685,Harem
685,Romance
685,School
685,Sci-Fi
685,Slice of Life
686,Parody
686,Martial Arts
686,Comedy
686,Super Power
686,Samurai
686,Sci-Fi
687,Sci-Fi
687,Comedy
687,Magic
687,Romance
687,Fantasy
687,Shoujo
688,Psychological
688,Drama
688,Magic
689,Drama
689,Magic
690,Action
690,Horror
690,Demons
690,Drama
690,Vampire
690,Shoujo
691,Action
691,Comedy
691,Drama
691,Martial Arts
691,Romance
691,Slice of Life
691,Sports
692,Harem
692,Hentai
692,Romance
693,Action
693,Comedy
693,Drama
693,Ecchi
693,Police
693,Sci-Fi
693,Shounen
694,Comedy
694,Drama
694,Romance
694,Slice of Life
695,Comedy
695,Romance
695,Slice of Life
696,Comedy
696,Harem
696,Romance
696,Sci-Fi
696,Shounen
696,Space
704,Drama
704,Romance
704,Slice of Life
704,Supernatural
705,Adventure
705,Magic
705,Comedy
705,Sci-Fi
706,Comedy
706,Drama
707,Comedy
707,Drama
708,Adventure
708,Sci-Fi
709,Action
709,Adventure
709,Fantasy
709,Sci-Fi
709,Slice of Life
710,Comedy
710,Drama
710,Romance
710,Seinen
711,Military
711,Sci-Fi
711,Space
711,Drama
712,Action
712,Adventure
712,Comedy
712,Mecha
712,Military
713,Drama
713,Romance
713,Supernatural
714,Comedy
714,Parody
714,Romance
714,School
714,Shounen
715,Comedy
715,Drama
715,Ecchi
715,Romance
715,Seinen
718,Comedy
718,Drama
718,Romance
718,Seinen
718,Slice of Life
719,Drama
719,Romance
719,Sci-Fi
719,Yaoi
721,Comedy
721,Drama
721,Fantasy
721,Magic
721,Mystery
721,Romance
722,Comedy
722,Romance
723,Slice of Life
723,Drama
723,Shoujo
724,Hentai
724,Historical
724,Horror
724,Drama
724,Yaoi
725,Drama
725,Romance
727,Comedy
727,Kids
727,Shoujo
729,Comedy
729,Romance
729,School
729,Shoujo
729,Sports
730,Drama
730,Romance
730,Shounen Ai
731,Adventure
731,Drama
731,Music
731,Sci-Fi
732,Action
732,Sci-Fi
732,Horror
732,Supernatural
732,Vampire
733,Drama
733,Romance
733,Yaoi
734,Drama
734,Romance
734,Yaoi
736,Hentai
736,Drama
736,Yaoi
738,Action
738,Adventure
738,Comedy
738,Fantasy
738,Shounen
740,Demons
740,Magic
740,Romance
740,Shoujo
741,Comedy
741,Drama
741,Hentai
741,Romance
741,Yaoi
743,Drama
743,Romance
743,School
743,Slice of Life
744,Comedy
744,Romance
744,Sci-Fi
744,Shounen
746,Comedy
746,Drama
746,Romance
746,Yaoi
747,Drama
747,Romance
747,Yaoi
748,Romance
749,Kids
749,Comedy
750,Slice of Life
750,Comedy
751,Action
751,Sci-Fi
751,Adventure
751,Comedy
752,Drama
752,Shounen Ai
753,Hentai
754,Adventure
754,Drama
754,Fantasy
754,Shoujo
755,Hentai
755,Yaoi
756,Romance
756,School
756,Drama
757,Adventure
757,Drama
757,Fantasy
758,Action
758,Drama
758,Mecha
758,Psychological
758,Romance
758,Sci-Fi
759,Comedy
759,Drama
760,Adventure
760,Drama
760,Martial Arts
760,Romance
760,Shounen
760,Supernatural
761,Adventure
761,Comedy
761,Shounen
762,Action
762,Adventure
762,Supernatural
762,Drama
762,Shounen
763,Action
763,Adventure
763,Comedy
763,Mecha
763,Sci-Fi
764,Adventure
764,Comedy
764,Mecha
764,Sci-Fi
764,Shounen
764,Sports
765,Adventure
765,Magic
765,Comedy
765,Sci-Fi
766,Comedy
766,Drama
766,Mecha
766,Sci-Fi
767,Action
767,Sci-Fi
767,Comedy
767,Police
767,Ecchi
769,Sci-Fi
769,Comedy
769,Ecchi
769,Mecha
769,Shounen
770,Drama
770,Sci-Fi
771,Drama
771,Fantasy
771,Shoujo
773,Ecchi
773,Adventure
773,Comedy
773,Mecha
773,Sci-Fi
776,Slice of Life
776,Comedy
776,Drama
776,Romance
776,Shounen
777,Action
777,Military
777,Horror
777,Supernatural
777,Vampire
777,Seinen
779,Adventure
779,Mystery
779,Comedy
779,Police
779,Shounen
780,Adventure
780,Mystery
780,Comedy
780,Police
780,Shounen
781,Adventure
781,Mystery
781,Comedy
781,Police
781,Shounen
782,Psychological
782,Mecha
782,Military
782,Supernatural
782,Drama
783,Comedy
783,Ecchi
783,Police
783,Shounen
785,Comedy
785,Drama
785,Historical
785,Magic
785,Mecha
785,Sci-Fi
786,Comedy
786,Fantasy
786,School
788,Ecchi
788,Comedy
788,Harem
788,School
789,Drama
789,Fantasy
789,Psychological
789,Supernatural
790,Psychological
790,Mystery
790,Sci-Fi
791,Action
791,Adventure
791,Fantasy
791,Magic
791,Drama
791,Seinen
792,Adventure
792,Comedy
792,Shounen
793,Mystery
793,Comedy
793,Psychological
793,Supernatural
793,Drama
795,Psychological
795,Drama
795,School
795,Shoujo
795,Shoujo Ai
796,Adventure
796,Comedy
796,Fantasy
796,Magic
796,Shounen
797,Comedy
797,Ecchi
797,Harem
797,Romance
798,Drama
798,Military
798,Seinen
799,Comedy
799,Drama
799,Slice of Life
800,Comedy
800,Sci-Fi
800,Slice of Life
801,Action
801,Military
801,Sci-Fi
801,Mystery
801,Police
801,Mecha
801,Seinen
807,Action
807,Adventure
807,Fantasy
807,Drama
807,Shounen
808,Action
808,Adventure
808,Harem
808,Comedy
808,Super Power
808,Magic
808,Romance
808,Ecchi
808,Fantasy
808,Shounen
810,Comedy
810,Drama
810,Sci-Fi
810,Seinen
811,Comedy
811,Drama
811,Ecchi
811,Romance
811,School
812,Adventure
812,Drama
812,Magic
812,Sci-Fi
813,Action
813,Adventure
813,Comedy
813,Fantasy
813,Martial Arts
813,Shounen
813,Super Power
814,Comedy
814,Sports
814,Shounen
815,Action
815,Sports
815,Shounen
816,Military
816,Sci-Fi
816,Comedy
816,Mecha
817,Comedy
817,Military
817,Romance
817,Sci-Fi
818,Comedy
818,Drama
818,Romance
818,Slice of Life
819,Romance
819,Shoujo
820,Military
820,Sci-Fi
820,Space
820,Drama
821,Action
821,Cars
821,Drama
821,Seinen
821,Sports
822,Action
822,Cars
822,Sports
822,Drama
822,Seinen
823,Hentai
823,Romance
824,Comedy
824,Ecchi
824,Magic
824,Romance
824,School
825,Adventure
825,Drama
825,Shounen
827,Hentai
828,Hentai
830,Hentai
831,Comedy
831,Fantasy
831,Slice of Life
832,Mecha
832,Sci-Fi
833,Action
833,Comedy
833,Mecha
833,Sci-Fi
833,Shounen
834,Action
834,Adventure
834,Comedy
834,Super Power
834,Supernatural
834,Shounen
835,Drama
835,Romance
836,Comedy
836,Drama
836,Harem
836,Romance
836,Slice of Life
837,Comedy
837,Ecchi
837,School
837,Seinen
838,Drama
838,Seinen
838,Thriller
839,Action
839,Fantasy
839,Martial Arts
839,Samurai
839,Super Power
840,Comedy
840,Romance
840,Sci-Fi
841,Comedy
841,Ecchi
841,Slice of Life
842,Action
842,Comedy
842,Horror
844,Adventure
844,Shounen
844,Supernatural
845,Adventure
845,Fantasy
845,Shounen
846,Comedy
846,Romance
846,School
846,Shounen
848,Sci-Fi
848,Mecha
849,Comedy
849,Mystery
849,Parody
849,School
849,Sci-Fi
849,Slice of Life
850,Harem
850,Comedy
850,Drama
850,Romance
850,School
850,Shounen Ai
851,Comedy
851,Shounen
852,Slice of Life
852,Comedy
852,Drama
852,Romance
852,Shoujo
853,Comedy
853,Harem
853,Romance
853,School
853,Shoujo
854,Action
854,Adventure
854,Space
854,Comedy
854,Romance
854,Military
854,Sci-Fi
855,Drama
855,Romance
855,School
855,Shoujo Ai
856,Action
856,Drama
856,Fantasy
856,Sci-Fi
857,Action
857,Comedy
857,Ecchi
857,Shounen
857,Sports
858,Drama
858,Mecha
858,Military
858,Romance
858,Sci-Fi
858,Slice of Life
859,Adventure
859,Comedy
859,Drama
859,Fantasy
859,Shounen
860,Action
860,Comedy
860,Demons
860,Fantasy
860,Magic
861,Comedy
861,Drama
861,Mystery
861,Psychological
861,Supernatural
863,Comedy
863,Drama
863,Ecchi
863,School
863,Slice of Life
864,Space
864,Mecha
864,Military
864,Sci-Fi
865,Sci-Fi
865,Adventure
865,Space
865,Mecha
866,Adventure
866,Comedy
866,Fantasy
866,Magic
866,Shounen
867,Adventure
867,Comedy
867,Fantasy
867,Magic
867,Supernatural
868,Adventure
868,Comedy
868,Fantasy
868,Magic
868,Shounen
869,Adventure
869,Comedy
869,Fantasy
869,Magic
869,Shounen
870,Comedy
870,Fantasy
870,Parody
872,Adventure
872,Comedy
872,Fantasy
872,Magic
873,Adventure
873,Drama
873,Fantasy
873,Game
873,Sci-Fi
874,Adventure
874,Comedy
874,Drama
874,Fantasy
874,Shounen
875,Adventure
875,Comedy
875,Dementia
875,Psychological
875,Romance
876,Action
876,Adventure
876,Drama
876,Mystery
876,Shounen
877,Music
877,Slice of Life
877,Comedy
877,Drama
877,Romance
877,Shoujo
878,Action
878,Mecha
878,Romance
878,Sci-Fi
879,Military
879,Drama
879,Magic
879,Romance
879,Fantasy
879,Shoujo Ai
880,Comedy
880,Magic
880,Romance
880,Seinen
880,Supernatural
881,Comedy
881,Ecchi
881,Romance
881,School
882,Action
882,Adventure
882,Comedy
882,Demons
882,Supernatural
882,Martial Arts
882,Shounen
883,Action
883,Adventure
883,Comedy
883,Demons
883,Supernatural
883,Martial Arts
883,Shounen
884,Action
884,Fantasy
885,Fantasy
885,Dementia
885,Drama
886,Comedy
886,Ecchi
886,Harem
886,Romance
886,Supernatural
887,Action
887,Mecha
887,Military
887,Sci-Fi
887,Space
888,Action
888,Mecha
888,Military
888,Sci-Fi
888,Space
889,Action
889,Seinen
890,Adventure
890,Mecha
890,Sci-Fi
890,Shounen
891,Action
891,Adventure
891,Comedy
891,Fantasy
891,Sci-Fi
891,Shounen
891,Super Power
892,Action
892,Adventure
892,Comedy
892,Fantasy
892,Sci-Fi
892,Shounen
892,Super Power
893,Action
893,Adventure
893,Comedy
893,Fantasy
893,Sci-Fi
893,Shounen
893,Super Power
894,Action
894,Sci-Fi
894,Adventure
894,Comedy
894,Fantasy
894,Shounen
895,Action
895,Sci-Fi
895,Adventure
895,Comedy
895,Fantasy
895,Shounen
896,Action
896,Adventure
896,Comedy
896,Fantasy
896,Sci-Fi
896,Shounen
897,Action
897,Adventure
897,Fantasy
897,Sci-Fi
897,Shounen
898,Action
898,Adventure
898,Comedy
898,Fantasy
898,Sci-Fi
898,Shounen
899,Action
899,Adventure
899,Comedy
899,Fantasy
899,Sci-Fi
899,Shounen
900,Action
900,Adventure
900,Comedy
900,Fantasy
900,Sci-Fi
900,Shounen
901,Action
901,Adventure
901,Comedy
901,Fantasy
901,Sci-Fi
901,Shounen
902,Action
902,Adventure
902,Comedy
902,Fantasy
902,Sci-Fi
902,Shounen
903,Action
903,Adventure
903,Comedy
903,Demons
903,Fantasy
903,Martial Arts
903,Shounen
903,Super Power
904,Action
904,Adventure
904,Comedy
904,Fantasy
904,Martial Arts
904,Shounen
904,Super Power
905,Action
905,Adventure
905,Comedy
905,Fantasy
905,Sci-Fi
905,Shounen
906,Action
906,Adventure
906,Comedy
906,Fantasy
906,Sci-Fi
906,Shounen
907,Comedy
907,Drama
907,School
907,Shoujo
908,Fantasy
908,Comedy
908,Shounen
909,Adventure
909,Mecha
909,Sci-Fi
909,Space
910,Adventure
910,Comedy
910,Martial Arts
911,Adventure
911,Shounen
911,Supernatural
912,Adventure
912,Shounen
913,Action
913,Ecchi
913,Martial Arts
914,Comedy
914,Ecchi
914,School
914,Sports
915,Adventure
915,Drama
915,Shounen
916,Action
916,Mystery
916,Comedy
916,Horror
916,Police
916,Supernatural
916,Seinen
917,Action
917,Cars
917,Police
917,Seinen
918,Action
918,Comedy
918,Historical
918,Parody
918,Samurai
918,Sci-Fi
918,Shounen
919,Drama
919,Romance
919,Sci-Fi
920,Comedy
920,Magic
920,Parody
921,Comedy
921,Parody
921,Magic
924,Adventure
924,Mecha
924,Sci-Fi
924,Shounen
925,Action
925,Sci-Fi
925,Adventure
925,Space
925,Mecha
925,Shounen
926,Adventure
926,Mecha
926,Sci-Fi
926,Shounen
927,Sci-Fi
927,Adventure
927,Space
927,Mecha
928,Sci-Fi
928,Adventure
928,Mecha
928,Shounen
929,Action
929,Sci-Fi
929,Adventure
929,Drama
929,Fantasy
929,Mecha
930,Sci-Fi
930,Space
930,Drama
930,Mecha
932,Comedy
932,Sci-Fi
932,Slice of Life
933,Comedy
933,Magic
933,Supernatural
934,Mystery
934,Dementia
934,Horror
934,Psychological
934,Supernatural
934,Thriller
935,Action
935,Sci-Fi
935,Super Power
936,Adventure
936,Comedy
936,Drama
936,Fantasy
936,Shounen
936,Supernatural
937,Action
937,Sci-Fi
937,Adventure
937,Police
937,Mecha
938,Action
938,Mecha
938,Sci-Fi
938,Shounen
940,Comedy
940,Ecchi
940,Romance
940,Shounen
940,Supernatural
941,Comedy
941,Ecchi
941,Magic
941,Parody
941,Vampire
942,Mystery
942,Comedy
942,Drama
942,Romance
942,Fantasy
943,Drama
943,Fantasy
943,Magic
943,Slice of Life
944,Action
944,Adventure
944,Sci-Fi
944,Seinen
949,Action
949,Comedy
949,Drama
949,Mecha
949,Military
949,Sci-Fi
949,Shounen
949,Space
950,Adventure
950,Shounen
951,Comedy
951,Slice of Life
951,Shoujo
952,Comedy
952,Magic
953,Action
953,Sci-Fi
953,Adventure
953,Mystery
953,Drama
953,Shoujo
956,Adventure
956,Mecha
956,Sci-Fi
956,Shounen
957,Adventure
957,Comedy
957,Drama
957,Fantasy
957,Historical
957,Romance
958,Action
958,Adventure
958,Mecha
958,Police
958,Sci-Fi
959,Adventure
959,Drama
959,Historical
959,Romance
960,Adventure
960,Drama
960,Historical
960,Romance
961,Action
961,Adventure
961,Martial Arts
961,Comedy
961,Shounen
962,Sci-Fi
962,Slice of Life
962,Fantasy
962,Shounen
963,Drama
963,Romance
963,Slice of Life
964,Comedy
964,Ecchi
965,Slice of Life
965,Comedy
965,Fantasy
966,Slice of Life
966,Comedy
966,Ecchi
966,School
966,Seinen
967,Action
967,Drama
967,Martial Arts
967,Sci-Fi
967,Shounen
968,Action
968,Comedy
968,Martial Arts
968,School
968,Shounen
969,Action
969,Adventure
969,Fantasy
969,Romance
969,Supernatural
969,Drama
969,Mystery
969,Shounen
970,Action
970,Adventure
970,Historical
971,Action
971,Sci-Fi
971,Adventure
971,Super Power
971,Kids
971,Mecha
971,Shounen
972,Hentai
972,Supernatural
973,Adventure
973,Sci-Fi
974,Adventure
974,Psychological
974,Comedy
974,Sci-Fi
975,Sci-Fi
975,Seinen
975,Slice of Life
976,Sci-Fi
976,Slice of Life
976,Seinen
977,Action
977,Sci-Fi
977,Hentai
977,Mecha
977,Yaoi
978,Action
978,Psychological
978,Adventure
978,Mecha
978,Sci-Fi
978,Horror
978,Shounen
979,Action
979,Drama
979,Martial Arts
979,Shounen
979,Super Power
980,Comedy
980,Kids
980,Magic
980,Military
980,Sci-Fi
981,Comedy
981,Ecchi
981,Harem
981,Romance
981,School
981,Shounen
982,Comedy
982,Parody
982,Ecchi
982,School
983,Comedy
984,Adventure
984,Comedy
984,Fantasy
984,Sci-Fi
984,Shounen
985,Adventure
985,Drama
985,Fantasy
985,Shounen
986,Adventure
986,Comedy
986,Fantasy
986,Sci-Fi
986,Shounen
987,Action
987,Adventure
987,Comedy
987,Super Power
987,Martial Arts
987,Fantasy
987,Shounen
988,Action
988,Comedy
988,Historical
988,Military
988,Samurai
989,Historical
989,Military
990,Fantasy
990,Romance
990,Comedy
990,Drama
991,Action
991,Comedy
991,Ecchi
991,Magic
991,Romance
992,Action
992,Sci-Fi
992,Harem
992,Comedy
992,Mecha
992,Shounen
993,Sci-Fi
993,Harem
993,Comedy
993,Drama
993,Romance
993,Mecha
994,Mystery
995,Action
995,Comedy
995,Sports
995,Shounen
996,Adventure
996,Comedy
996,Drama
996,Fantasy
996,Magic
996,Romance
996,Shoujo
997,Adventure
997,Comedy
997,Drama
997,Magic
997,Romance
997,Fantasy
997,Shoujo
998,Action
998,Adventure
998,Comedy
998,Demons
998,Drama
998,Ecchi
998,Horror
998,Mystery
998,Romance
998,Sci-Fi
999,Action
999,Comedy
999,Drama
999,Ecchi
999,Horror
999,Mystery
999,Sci-Fi
999,Supernatural
1000,Action
1000,Sci-Fi
1000,Adventure
1000,Space
1000,Drama
1000,Seinen
1001,Adventure
1001,Drama
1001,Shounen
1002,Action
1002,Sci-Fi
1002,Space
1002,Comedy
1002,Drama
1002,Mecha
1003,Magic
1003,Comedy
1003,Romance
1003,Supernatural
1003,Seinen
1004,Drama
1004,Psychological
1004,Romance
1004,Slice of Life
1005,Adventure
1005,Fantasy
1005,Sci-Fi
1005,Shounen
1006,Action
1006,Comedy
1006,Romance
1006,School
1006,Sci-Fi
1006,Shounen
1006,Space
1007,Comedy
1007,Martial Arts
1007,Romance
1007,Shounen
1008,Comedy
1008,Drama
1008,Romance
1008,Shounen
1009,Action
1009,Comedy
1009,Martial Arts
1009,Shounen
1010,Action
1010,Adventure
1010,Comedy
1010,Supernatural
1010,Martial Arts
1010,Shounen
1011,Adventure
1011,Comedy
1011,Martial Arts
1011,Romance
1011,Shounen
1011,Supernatural
1012,Comedy
1012,Martial Arts
1012,School
1012,Shounen
1013,Historical
1013,Magic
1013,Mystery
1013,Seinen
1013,Supernatural
1014,Slice of Life
1014,Magic
1014,Comedy
1014,Shoujo
1015,Comedy
1016,Drama
1016,Mecha
1016,Sci-Fi
1016,Shounen
1017,Action
1017,Adventure
1017,Comedy
1017,Demons
1017,Fantasy
1017,Magic
1018,Adventure
1018,Comedy
1018,Fantasy
1018,Magic
1018,Shounen
1019,Action
1019,Historical
1019,Supernatural
1019,Drama
1019,Romance
1019,School
1019,Shounen Ai
1020,Action
1020,Romance
1020,Supernatural
1020,Historical
1020,Drama
1020,Shoujo
1020,Shounen Ai
1021,Drama
1021,Music
1021,Romance
1021,Shoujo
1022,Action
1022,Adventure
1022,Comedy
1022,Drama
1022,Sci-Fi
1022,Shounen
1023,Sci-Fi
1023,Adventure
1023,Psychological
1023,Supernatural
1023,Drama
1024,Action
1024,Drama
1025,Sci-Fi
1025,Adventure
1025,Music
1025,Slice of Life
1025,Space
1025,Comedy
1026,Adventure
1026,Supernatural
1026,Historical
1026,Horror
1026,Shoujo
1027,Action
1027,Super Power
1027,Sci-Fi
1027,Shounen
1028,Fantasy
1028,Magic
1029,Slice of Life
1029,Drama
1029,Romance
1030,Kids
1031,Adventure
1031,Fantasy
1032,Adventure
1032,Historical
1032,Drama
1032,Romance
1033,Action
1033,Adventure
1033,Drama
1033,Fantasy
1033,Historical
1033,Romance
1034,Action
1034,Drama
1034,Military
1034,Sci-Fi
1034,Space
1035,Adventure
1035,Comedy
1035,Fantasy
1035,Shoujo
1035,Shounen Ai
1036,Historical
1036,Romance
1036,Shoujo
1036,Supernatural
1037,Action
1037,Supernatural
1037,Magic
1037,Fantasy
1038,Hentai
1039,Romance
1039,Supernatural
1039,Drama
1040,Slice of Life
1040,Drama
1040,Romance
1040,School
1040,Shoujo
1041,Drama
1041,Music
1041,Romance
1041,Sports
1041,Yaoi
1042,Drama
1042,Music
1042,Romance
1042,Sports
1042,Yaoi
1043,Action
1043,Magic
1043,Mystery
1043,Supernatural
1044,Adventure
1044,Drama
1044,Magic
1045,Adventure
1045,Comedy
1045,Ecchi
1045,Fantasy
1045,Magic
1045,Shounen
1046,Adventure
1046,Comedy
1046,Fantasy
1047,Sci-Fi
1047,Music
1047,Drama
1048,Demons
1048,Horror
1048,Supernatural
1049,Music
1049,Kids
1049,Drama
1049,Fantasy
1050,Sci-Fi
1050,Adventure
1050,Comedy
1050,Shounen
1051,Action
1051,Adventure
1051,Mecha
1051,Military
1051,Sci-Fi
1052,Action
1052,Adventure
1052,Supernatural
1052,Shounen
1053,Comedy
1053,Drama
1053,Ecchi
1053,Romance
1053,School
1055,Sci-Fi
1055,Mecha
1056,Comedy
1056,Drama
1056,Romance
1056,School
1056,Shoujo
1057,Action
1057,Comedy
1057,Ecchi
1058,Adventure
1058,Comedy
1058,Historical
1059,Action
1059,Adventure
1059,Comedy
1059,Sci-Fi
1059,Super Power
1060,Comedy
1060,Ecchi
1060,Seinen
1062,Action
1062,Comedy
1064,Adventure
1064,Comedy
1064,Mecha
1064,Sci-Fi
1064,Shounen
1065,Sports
1065,Romance
1065,School
1065,Drama
1065,Slice of Life
1065,Shounen
1066,Comedy
1066,Parody
1067,Action
1067,Harem
1067,Magic
1067,Romance
1067,Ecchi
1067,Mecha
1068,Sci-Fi
1068,Adventure
1068,Mecha
1068,Shounen
1069,Action
1069,Sci-Fi
1069,Adventure
1069,Drama
1069,Mecha
1069,Shounen
1070,Comedy
1070,Romance
1071,Romance
1071,Drama
1072,Action
1072,Historical
1072,Fantasy
1072,Mecha
1074,Game
1074,Adventure
1074,Comedy
1074,Shounen
1075,Comedy
1076,Action
1076,Adventure
1076,Fantasy
1078,Comedy
1078,Shoujo
1079,Action
1079,Adventure
1079,Romance
1079,Mecha
1079,Sci-Fi
1079,Police
1080,Action
1080,Drama
1080,Military
1080,Psychological
1080,Sci-Fi
1080,Space
1081,Action
1081,Adventure
1081,Space
1081,Drama
1081,Sci-Fi
1081,Seinen
1082,Sci-Fi
1082,Mystery
1082,Comedy
1082,Police
1082,Psychological
1082,Drama
1082,Ecchi
1083,Drama
1083,Slice of Life
1083,Sports
1084,Romance
1084,Drama
1085,Adventure
1085,Horror
1085,Mystery
1086,Adventure
1086,Comedy
1086,Mecha
1086,Military
1086,Romance
1086,Sci-Fi
1086,Shounen
1087,Comedy
1087,Drama
1087,Romance
1087,School
1087,Shounen
1087,Slice of Life
1087,Super Power
1088,Action
1088,Mecha
1088,Military
1088,Music
1088,Romance
1088,Sci-Fi
1088,Space
1089,Action
1089,Military
1089,Sci-Fi
1089,Music
1089,Space
1089,Romance
1089,Mecha
1090,Action
1090,Military
1090,Sci-Fi
1090,Adventure
1090,Space
1090,Drama
1090,Mecha
1091,Action
1091,Military
1091,Sci-Fi
1091,Space
1091,Drama
1091,Mecha
1092,Action
1092,Military
1092,Sci-Fi
1092,Adventure
1092,Space
1092,Drama
1092,Mecha
1093,Comedy
1093,Slice of Life
1093,Seinen
1094,Action
1094,Adventure
1094,Comedy
1094,Fantasy
1094,Shounen
1094,Super Power
1095,Drama
1095,Mecha
1095,Military
1095,Police
1096,Military
1096,Sci-Fi
1096,Mystery
1096,Police
1096,Drama
1096,Mecha
1097,Drama
1097,Ecchi
1097,Harem
1097,Historical
1097,Mecha
1097,Supernatural
1098,Adventure
1098,Comedy
1098,Fantasy
1098,Shounen
1099,Adventure
1099,Drama
1099,Fantasy
1099,Shounen
1100,Sci-Fi
1100,Adventure
1100,Comedy
1101,Action
1101,Comedy
1101,Sci-Fi
1101,Shounen
1101,Space
1102,Action
1102,Historical
1102,Military
1102,Sci-Fi
1103,Ecchi
1103,Comedy
1103,Mecha
1103,Romance
1103,Sci-Fi
1104,Ecchi
1104,Comedy
1104,Mecha
1104,Romance
1104,Sci-Fi
1105,Comedy
1105,Psychological
1106,Psychological
1106,Comedy
1107,Action
1107,Adventure
1107,Demons
1107,Drama
1107,Horror
1107,Super Power
1108,Magic
1108,Adventure
1108,Fantasy
1108,Supernatural
1108,Historical
1108,Shounen
1109,Drama
1109,Horror
1109,Mystery
1109,Seinen
1110,Adventure
1110,Music
1110,Comedy
1110,Magic
1110,Romance
1110,Shoujo
1111,Action
1111,Adventure
1111,Comedy
1111,Ecchi
1111,Mecha
1111,Sci-Fi
1111,Space
1112,Action
1112,Adventure
1112,Comedy
1112,Ecchi
1112,Mecha
1112,Sci-Fi
1112,Space
1113,Hentai
1115,Romance
1115,Shoujo
1116,Slice of Life
1116,Drama
1117,Adventure
1117,Comedy
1117,Kids
1117,Drama
1117,Fantasy
1118,Action
1118,Adventure
1118,Comedy
1118,Kids
1118,Drama
1118,Fantasy
1119,Adventure
1119,Comedy
1119,Kids
1119,Drama
1119,Fantasy
1120,Adventure
1120,Comedy
1120,Drama
1120,Fantasy
1120,Kids
1121,Adventure
1121,Comedy
1121,Kids
1121,Drama
1121,Fantasy
1122,Action
1122,Sci-Fi
1122,Adventure
1122,Comedy
1122,Kids
1122,Fantasy
1123,Adventure
1123,Fantasy
1123,Shounen
1123,Supernatural
1124,Military
1124,Romance
1124,Sci-Fi
1124,Space
1126,Sci-Fi
1126,Slice of Life
1127,Comedy
1127,Ecchi
1127,Magic
1127,Sci-Fi
1128,Comedy
1128,Romance
1128,Sci-Fi
1129,Sci-Fi
1129,Comedy
1129,Romance
1130,Action
1130,Drama
1130,Fantasy
1130,Romance
1130,Sci-Fi
1132,Action
1132,Adventure
1132,Comedy
1132,Drama
1132,Fantasy
1132,Shounen
1133,Action
1133,Comedy
1133,Harem
1133,Mecha
1133,Police
1133,Sci-Fi
1133,Shounen
1133,Space
1135,Action
1135,Fantasy
1135,Magic
1135,Super Power
1136,Action
1136,Adventure
1136,Psychological
1136,Comedy
1136,Mecha
1136,Drama
1136,Horror
1136,Mystery
1136,Sci-Fi
1137,Sci-Fi
1137,Adventure
1137,Drama
1137,Fantasy
1137,Shounen
1138,Adventure
1138,Comedy
1138,Sci-Fi
1138,Shounen
1139,Kids
1139,Adventure
1139,Fantasy
1140,Adventure
1140,Drama
1140,Fantasy
1140,Romance
1140,Sci-Fi
1141,Adventure
1141,Drama
1141,Fantasy
1141,Romance
1142,Drama
1142,Josei
1142,Romance
1142,Slice of Life
1143,Adventure
1143,Fantasy
1143,Game
1143,Magic
1143,Mystery
1143,Sci-Fi
1144,Sci-Fi
1144,Drama
1144,Romance
1144,Shounen
1145,Action
1145,Mystery
1145,Drama
1145,Shounen
1146,Comedy
1146,Harem
1146,Romance
1146,Sci-Fi
1146,Shounen
1147,Action
1147,Sci-Fi
1147,Harem
1147,Space
1147,Comedy
1147,Shounen
1148,Historical
1148,Horror
1148,Supernatural
1149,Adventure
1149,Comedy
1149,Mecha
1149,Sci-Fi
1149,Shounen
1150,Action
1150,Adventure
1150,Fantasy
1150,Magic
1150,Supernatural
1151,Sci-Fi
1151,Comedy
1151,Police
1151,Mecha
1152,Police
1152,Comedy
1152,Mecha
1152,Sci-Fi
1152,Shounen
1153,Action
1153,Police
1153,Martial Arts
1153,Romance
1153,Drama
1153,Seinen
1154,Adventure
1154,Drama
1154,Sci-Fi
1155,Adventure
1155,Comedy
1155,Sci-Fi
1155,Space
1156,Action
1156,Drama
1156,Mystery
1156,Sci-Fi
1157,Action
1157,Adventure
1157,Fantasy
1157,Sci-Fi
1157,Shounen
1158,Adventure
1158,Comedy
1158,Shounen
1158,Supernatural
1159,Adventure
1159,Comedy
1159,Sci-Fi
1159,Shounen
1160,Action
1160,Mecha
1160,Sci-Fi
1161,Adventure
1161,Comedy
1161,Fantasy
1161,Mecha
1161,Shounen
1162,Adventure
1162,Comedy
1162,Fantasy
1162,Mecha
1162,Shounen
1163,Adventure
1163,Horror
1163,Mecha
1164,Adventure
1164,Comedy
1164,Fantasy
1164,Magic
1164,Shounen
1165,Adventure
1165,Mecha
1165,Sci-Fi
1165,Shounen
1166,Adventure
1166,Mecha
1166,Sci-Fi
1166,Shounen
1167,Action
1167,Historical
1167,Seinen
1168,Adventure
1168,Comedy
1168,Drama
1168,Military
1168,Sci-Fi
1168,Space
1169,Adventure
1169,Drama
1169,Sci-Fi
1170,Adventure
1170,Comedy
1170,Supernatural
1170,Magic
1170,Fantasy
1170,Shounen
1171,Adventure
1171,Comedy
1171,Demons
1171,Supernatural
1171,Magic
1171,Fantasy
1171,Shounen
1172,Adventure
1172,Comedy
1172,Demons
1172,Magic
1172,Fantasy
1172,Shounen
1174,Fantasy
1174,Magic
1174,Romance
1175,Sci-Fi
1175,Comedy
1175,Sports
1175,Shounen
1176,Action
1176,Adventure
1176,Fantasy
1177,Sci-Fi
1177,Horror
1177,Psychological
1177,School
1178,Action
1178,Sci-Fi
1178,Mecha
1179,Sci-Fi
1179,Adventure
1179,Space
1179,Supernatural
1179,Mecha
1179,Shounen
1180,Action
1180,Comedy
1180,Police
1180,Romance
1180,Sci-Fi
1181,Action
1181,Adventure
1181,Comedy
1181,Fantasy
1181,Magic
1182,Action
1182,Fantasy
1182,Magic
1182,Romance
1183,Action
1183,Ecchi
1183,Martial Arts
1183,Shounen
1183,Super Power
1184,Adventure
1184,Comedy
1184,Drama
1184,Sci-Fi
1184,Shounen
1184,Space
1185,Action
1185,Comedy
1185,Ecchi
1185,Sci-Fi
1185,Shounen
1185,Space
1185,Sports
1186,Action
1186,Sci-Fi
1186,Adventure
1186,Comedy
1186,Sports
1186,Drama
1186,School
1186,Shounen
1187,Comedy
1187,Drama
1187,Sci-Fi
1188,Comedy
1188,Slice of Life
1189,Action
1189,Adventure
1189,Fantasy
1189,Romance
1189,Sci-Fi
1190,Adventure
1190,Comedy
1190,Sports
1190,Shounen
1191,Action
1191,Sci-Fi
1191,Harem
1191,Comedy
1191,Romance
1191,Mecha
1192,Horror
1192,Psychological
1192,Supernatural
1193,Comedy
1193,Magic
1193,Fantasy
1193,School
1194,Action
1194,Adventure
1194,Comedy
1194,Mecha
1194,Sci-Fi
1194,Shounen
1195,Action
1195,Adventure
1195,Harem
1195,Comedy
1195,Magic
1195,Romance
1195,Ecchi
1195,Fantasy
1195,School
1196,Comedy
1196,Parody
1198,Comedy
1198,Romance
1198,School
1198,Slice of Life
1199,Comedy
1199,Kids
1200,Adventure
1200,Samurai
1200,Fantasy
1202,Action
1202,Adventure
1202,Fantasy
1202,Magic
1202,Sci-Fi
1203,Historical
1203,Music
1204,Drama
1204,Fantasy
1204,Kids
1205,Adventure
1205,Fantasy
1206,Drama
1206,Historical
1206,Slice of Life
1207,Drama
1207,Fantasy
1207,Psychological
1207,Romance
1207,Shoujo
1208,Adventure
1208,Historical
1208,Demons
1208,Supernatural
1208,Fantasy
1209,Action
1209,Sports
1209,Seinen
1210,Comedy
1210,Psychological
1210,Drama
1210,Romance
1211,Action
1211,Adventure
1211,Mecha
1211,Military
1211,Romance
1211,Sci-Fi
1211,Space
1212,Adventure
1212,Mecha
1212,Sci-Fi
1212,Shounen
1214,Slice of Life
1214,Comedy
1214,Drama
1214,Seinen
1215,Space
1215,Mecha
1215,Military
1215,Sci-Fi
1216,Drama
1216,Romance
1216,Shounen Ai
1217,Comedy
1217,Romance
1217,Drama
1217,Shounen Ai
1218,Comedy
1218,Drama
1218,Ecchi
1218,Romance
1218,School
1219,Comedy
1219,Drama
1219,Romance
1219,Ecchi
1220,Romance
1220,Sci-Fi
1221,Action
1221,Comedy
1221,Magic
1221,School
1221,Sci-Fi
1221,Shoujo
1221,Slice of Life
1221,Super Power
1222,Slice of Life
1222,Drama
1222,Romance
1222,Shoujo
1223,Shoujo
1224,Action
1224,Sci-Fi
1224,Adventure
1224,Music
1224,Super Power
1224,Supernatural
1224,Romance
1224,Fantasy
1224,Shounen
1225,Action
1225,Adventure
1225,Horror
1225,Demons
1225,Romance
1225,Fantasy
1226,Action
1226,Adventure
1226,Space
1226,Comedy
1226,Romance
1226,Drama
1226,Sci-Fi
1227,Space
1227,Supernatural
1227,Demons
1227,Historical
1227,Horror
1227,Sci-Fi
1227,Shounen
1228,Action
1228,Comedy
1228,Ecchi
1228,Fantasy
1228,Supernatural
1230,Adventure
1230,Drama
1230,Mecha
1230,Military
1230,Sci-Fi
1231,Action
1231,Adventure
1231,Comedy
1231,Harem
1231,Mecha
1231,Sci-Fi
1232,Action
1232,Comedy
1232,Harem
1232,Mecha
1232,Sci-Fi
1233,Action
1233,Comedy
1233,Military
1233,Romance
1233,Shounen
1234,Comedy
1234,Ecchi
1234,Romance
1234,Sci-Fi
1235,Ecchi
1235,Comedy
1235,Romance
1236,Adventure
1236,Mecha
1236,Sci-Fi
1236,Shounen
1236,Space
1237,Action
1237,Adventure
1237,Comedy
1237,Fantasy
1237,Shounen
1237,Super Power
1238,Adventure
1238,Comedy
1238,Fantasy
1238,Shounen
1239,Drama
1239,Magic
1239,Romance
1239,Shoujo
1240,Drama
1240,Magic
1240,Shoujo
1241,Drama
1241,Mecha
1241,Military
1241,Sci-Fi
1241,Space
1243,Sci-Fi
1243,Mystery
1243,Psychological
1243,Supernatural
1243,Drama
1244,Action
1244,Mecha
1244,Supernatural
1244,Drama
1244,Sci-Fi
1245,Action
1245,Sci-Fi
1245,Horror
1245,Demons
1245,Supernatural
1245,Drama
1245,Shoujo
1246,Action
1246,Military
1246,Mystery
1246,Psychological
1246,Drama
1246,Seinen
1247,Sci-Fi
1247,Adventure
1247,Comedy
1247,Shounen
1248,Action
1248,Space
1248,Mecha
1248,Romance
1248,Military
1248,Drama
1248,Sci-Fi
1249,Action
1249,Adventure
1249,Space
1249,Comedy
1249,Mecha
1249,Military
1249,Sci-Fi
1250,Adventure
1250,Comedy
1250,Super Power
1250,Magic
1250,Romance
1250,Fantasy
1250,Shounen
1251,Adventure
1251,Comedy
1251,Historical
1251,Romance
1251,Sci-Fi
1252,Action
1252,Adventure
1252,Drama
1252,Historical
1252,Mystery
1252,Romance
1252,Sci-Fi
1253,Action
1253,Adventure
1253,Demons
1253,Fantasy
1253,Sci-Fi
1253,Shounen
1253,Super Power
1254,Adventure
1254,Fantasy
1254,Sci-Fi
1254,Shounen
1255,Adventure
1255,Fantasy
1255,Sci-Fi
1255,Shounen
1256,Adventure
1256,Sci-Fi
1256,Shounen
1257,Adventure
1257,Sci-Fi
1257,Shounen
1258,Adventure
1258,Sci-Fi
1258,Shounen
1259,Adventure
1259,Sci-Fi
1259,Shounen
1260,Adventure
1260,Sci-Fi
1260,Shounen
1261,Action
1261,Comedy
1261,Mecha
1261,Super Power
1261,Sci-Fi
1261,Shounen
1262,Adventure
1262,Space
1262,Mecha
1262,Military
1262,Sci-Fi
1262,Shounen
1263,Drama
1263,Fantasy
1263,Hentai
1263,Romance
1264,Adventure
1264,Samurai
1264,Sci-Fi
1264,Shounen
1265,Adventure
1265,Fantasy
1265,Samurai
1265,Shounen
1266,Adventure
1266,Samurai
1266,Fantasy
1266,Shounen
1267,Adventure
1267,Fantasy
1267,Samurai
1267,Shounen
1268,Action
1268,Super Power
1268,Drama
1269,Action
1269,Demons
1269,Horror
1270,Action
1270,Military
1270,Sci-Fi
1270,Mecha
1271,Comedy
1271,Romance
1271,Ecchi
1271,School
1272,Hentai
1272,Demons
1273,Hentai
1273,Demons
1274,Hentai
1274,Demons
1275,Fantasy
1275,Hentai
1275,Romance
1276,Action
1276,Adventure
1276,Demons
1276,Drama
1276,Fantasy
1276,Magic
1277,Adventure
1277,Fantasy
1277,Magic
1277,Demons
1277,Drama
1278,Comedy
1278,Magic
1278,Romance
1278,Shoujo
1279,Adventure
1279,Historical
1279,Sci-Fi
1280,Fantasy
1280,Magic
1280,Comedy
1280,Supernatural
1280,Horror
1281,Mystery
1281,Horror
1281,Supernatural
1283,Adventure
1283,Comedy
1283,Fantasy
1284,Comedy
1284,Fantasy
1285,Action
1285,Military
1285,Sci-Fi
1285,Mecha
1286,Action
1286,Military
1286,Sci-Fi
1286,Mecha
1287,Action
1287,Sci-Fi
1287,Adventure
1287,Space
1287,Drama
1288,Comedy
1288,Mecha
1288,Police
1288,Sci-Fi
1289,Sci-Fi
1289,Comedy
1289,Police
1289,Mecha
1290,Sci-Fi
1290,Police
1290,Mecha
1292,Action
1292,Adventure
1292,Samurai
1293,Action
1293,Sci-Fi
1293,Adventure
1293,Comedy
1293,Drama
1293,Romance
1295,Action
1295,Adventure
1295,Comedy
1295,Romance
1295,Sci-Fi
1295,Super Power
1296,Action
1296,Comedy
1296,Mecha
1296,Sci-Fi
1296,Super Power
1297,Action
1297,Comedy
1297,Mecha
1297,Sci-Fi
1297,Super Power
1298,Action
1298,Comedy
1298,Mecha
1298,Sci-Fi
1298,Super Power
1299,Mecha
1299,Military
1300,Comedy
1300,Shounen
1301,Sci-Fi
1301,Adventure
1301,Space
1301,Drama
1301,Fantasy
1302,Sci-Fi
1302,Adventure
1302,Space
1302,Drama
1303,Action
1303,Drama
1303,Sci-Fi
1311,Ecchi
1311,Romance
1311,Comedy
1311,Sci-Fi
1311,Drama
1312,Military
1312,Sci-Fi
1312,Adventure
1312,Comedy
1312,Mecha
1313,Action
1313,Adventure
1313,Comedy
1313,Drama
1313,Fantasy
1313,Kids
1314,Action
1314,Sci-Fi
1314,Shounen
1316,Game
1316,School
1316,Sports
1317,Sports
1317,Shounen
1324,Drama
1324,Shoujo
1324,Shounen Ai
1325,Adventure
1325,Drama
1325,Fantasy
1327,Action
1327,Comedy
1327,Drama
1327,Romance
1327,School
1327,Shounen
1327,Sports
1328,Sports
1328,Comedy
1328,Romance
1328,Seinen
1329,Historical
1329,Drama
1331,Action
1331,Adventure
1331,Comedy
1331,Fantasy
1331,Hentai
1331,Magic
1331,Supernatural
1332,Fantasy
1332,Hentai
1333,Adventure
1333,Comedy
1333,Kids
1333,Fantasy
1335,Sci-Fi
1335,Comedy
1335,Mecha
1336,Action
1336,Adventure
1336,Drama
1336,Horror
1336,Sci-Fi
1337,Comedy
1337,Demons
1337,Fantasy
1337,Horror
1337,Shounen
1337,Supernatural
1338,Action
1338,Sci-Fi
1338,Horror
1338,Demons
1338,Supernatural
1339,Hentai
1340,Supernatural
1340,Horror
1340,Seinen
1341,Action
1341,Drama
1341,Horror
1342,Action
1342,Drama
1342,Horror
1343,Action
1343,Drama
1343,Horror
1344,Action
1344,Sci-Fi
1344,Drama
1345,Action
1345,Super Power
1345,Demons
1345,Seinen
1346,Sci-Fi
1346,Adventure
1346,Mystery
1346,Dementia
1346,Police
1346,Psychological
1346,Thriller
1346,Mecha
1347,Adventure
1347,Mecha
1347,Sci-Fi
1347,Shounen
1348,Action
1348,Adventure
1348,Mecha
1348,Sci-Fi
1348,Shounen
1349,Action
1349,Sci-Fi
1349,Mecha
1349,Shounen
1350,Action
1350,Sci-Fi
1350,Police
1350,Mecha
1351,Action
1351,Sci-Fi
1351,Police
1352,Action
1352,Adventure
1352,Police
1352,Sci-Fi
1353,Adventure
1353,Fantasy
1353,Hentai
1353,Demons
1353,Horror
1355,Action
1355,Sci-Fi
1356,Action
1356,Super Power
1356,Drama
1356,Martial Arts
1357,Action
1357,Martial Arts
1357,Sci-Fi
1357,Shounen
1358,Sci-Fi
1358,Adventure
1358,Shounen
1359,Hentai
1359,Yuri
1360,Hentai
1361,Sci-Fi
1362,Action
1362,Martial Arts
1362,Shounen
1363,Adventure
1363,Mystery
1363,Comedy
1363,Police
1363,Shounen
1364,Adventure
1364,Police
1364,Comedy
1364,Mystery
1364,Shounen
1365,Adventure
1365,Mystery
1365,Police
1365,Shounen
1366,Adventure
1366,Mystery
1366,Comedy
1366,Police
1366,Shounen
1367,Adventure
1367,Mystery
1367,Comedy
1367,Police
1367,Shounen
1368,Police
1368,Comedy
1368,Mystery
1368,Shounen
1369,Adventure
1369,Mystery
1369,Comedy
1369,Shounen
1370,Comedy
1370,Dementia
1370,Psychological
1370,Fantasy
1371,Sci-Fi
1371,Adventure
1371,Historical
1371,Supernatural
1371,Drama
1372,Action
1372,Comedy
1372,Police
1372,Seinen
1373,Drama
1374,Adventure
1374,Sci-Fi
1374,Shounen
1375,Comedy
1375,Historical
1375,Romance
1375,School
1375,Shoujo
1375,Slice of Life
1376,Comedy
1376,Fantasy
1376,Magic
1376,Shoujo
1377,Sci-Fi
1377,Space
1377,Drama
1378,Action
1378,Martial Arts
1378,Samurai
1379,Adventure
1379,Drama
1379,Fantasy
1380,Adventure
1380,Drama
1380,Horror
1380,Mecha
1380,Military
1380,Romance
1380,Sci-Fi
1380,Space
1381,Action
1381,Military
1381,Romance
1381,Sci-Fi
1381,Space
1382,Adventure
1382,Drama
1382,Mecha
1382,Sci-Fi
1382,Shounen
1383,Action
1383,Comedy
1383,Fantasy
1383,Hentai
1383,Horror
1383,Mecha
1383,Romance
1383,Supernatural
1384,Action
1384,Horror
1384,Demons
1384,Drama
1384,Vampire
1384,Shoujo
1385,Hentai
1386,Hentai
1387,Hentai
1388,Hentai
1389,Hentai
1390,Hentai
1390,Music
1390,Yuri
1391,Adventure
1391,Sci-Fi
1391,Shounen
1391,Sports
1392,Drama
1392,Sci-Fi
1392,Shounen
1392,Sports
1393,Drama
1393,Sci-Fi
1393,Shounen
1393,Sports
1394,Drama
1394,Sci-Fi
1394,Shounen
1394,Sports
1395,Drama
1395,Sci-Fi
1395,Shounen
1395,Sports
1396,Drama
1396,Sci-Fi
1396,Shounen
1396,Sports
1397,Action
1397,Military
1397,Sci-Fi
1397,Adventure
1397,Music
1397,Space
1397,Comedy
1397,Drama
1397,Romance
1397,Mecha
1397,Shounen
1398,Sci-Fi
1398,Adventure
1398,Space
1398,Comedy
1398,Mecha
1398,Shounen
1399,Action
1399,Sci-Fi
1399,Music
1399,Space
1399,Comedy
1399,Drama
1399,Mecha
1399,Shounen
1400,Action
1400,Sci-Fi
1400,Adventure
1400,Music
1400,Comedy
1400,Drama
1400,Mecha
1400,Shounen
1401,Hentai
1402,Fantasy
1402,Hentai
1402,Romance
1403,Hentai
1404,Hentai
1405,Comedy
1405,Hentai
1405,Parody
1405,Romance
1406,Drama
1406,Hentai
1406,Romance
1407,Hentai
1407,Yuri
1408,Hentai
1409,Sports
1409,Mecha
1409,Sci-Fi
1409,Shounen
1410,Mecha
1410,Sci-Fi
1410,Shounen
1410,Sports
1411,Adventure
1411,Comedy
1411,Ecchi
1411,Mecha
1411,Sci-Fi
1411,Space
1412,Action
1412,Adventure
1412,Mystery
1412,Comedy
1412,Seinen
1413,Action
1413,Adventure
1413,Comedy
1413,Seinen
1414,Action
1414,Adventure
1414,Mystery
1414,Comedy
1414,Seinen
1415,Action
1415,Adventure
1415,Mystery
1415,Comedy
1415,Seinen
1416,Action
1416,Adventure
1416,Mystery
1416,Comedy
1416,Seinen
1417,Action
1417,Adventure
1417,Mystery
1417,Comedy
1417,Seinen
1418,Action
1418,Adventure
1418,Mystery
1418,Comedy
1418,Seinen
1419,Action
1419,Adventure
1419,Mystery
1419,Comedy
1419,Seinen
1420,Action
1420,Adventure
1420,Mystery
1420,Comedy
1420,Seinen
1421,Action
1421,Adventure
1421,Mystery
1421,Comedy
1421,Seinen
1422,Action
1422,Adventure
1422,Mystery
1422,Comedy
1422,Seinen
1423,Action
1423,Adventure
1423,Mystery
1423,Comedy
1423,Seinen
1424,Action
1424,Adventure
1424,Mystery
1424,Comedy
1424,Seinen
1425,Action
1425,Adventure
1425,Mystery
1425,Comedy
1425,Seinen
1426,Action
1426,Adventure
1426,Comedy
1426,Seinen
1427,Action
1427,Adventure
1427,Mystery
1427,Comedy
1427,Seinen
1428,Action
1428,Adventure
1428,Mystery
1428,Comedy
1428,Seinen
1429,Action
1429,Adventure
1429,Mystery
1429,Comedy
1429,Seinen
1430,Action
1430,Adventure
1430,Comedy
1430,Mystery
1430,Seinen
1431,Action
1431,Adventure
1431,Mystery
1431,Comedy
1431,Seinen
1432,Action
1432,Adventure
1432,Mystery
1432,Comedy
1432,Seinen
1433,Action
1433,Adventure
1433,Mystery
1433,Comedy
1433,Seinen
1434,Action
1434,Adventure
1434,Mystery
1434,Comedy
1434,Seinen
1435,Action
1435,Adventure
1435,Mystery
1435,Comedy
1435,Seinen
1436,Action
1436,Adventure
1436,Comedy
1436,Shounen
1437,Action
1437,Adventure
1437,Comedy
1437,Mystery
1437,Shounen
1438,Action
1438,Adventure
1438,Mystery
1438,Comedy
1438,Seinen
1439,Action
1439,Adventure
1439,Mystery
1439,Comedy
1439,Seinen
1440,Adventure
1440,Comedy
1440,Shounen
1440,Supernatural
1441,Drama
1441,Fantasy
1441,Historical
1441,Kids
1441,Mystery
1442,Action
1442,Adventure
1442,Fantasy
1442,Historical
1442,Sci-Fi
1442,Supernatural
1443,Action
1443,Sci-Fi
1443,Adventure
1443,Space
1444,Adventure
1444,Mecha
1444,Sci-Fi
1444,Space
1445,Adventure
1445,Cars
1445,Sports
1445,Shounen
1448,Adventure
1448,Mecha
1448,Sci-Fi
1448,Shounen
1450,Adventure
1450,Comedy
1450,Drama
1450,Mecha
1450,Sci-Fi
1451,Action
1451,Supernatural
1451,Historical
1451,Thriller
1452,Comedy
1452,Romance
1452,School
1452,Shounen
1453,Slice of Life
1453,Comedy
1453,Drama
1453,Romance
1453,Seinen
1454,Action
1454,Demons
1454,Horror
1454,Romance
1454,Supernatural
1455,Action
1455,Supernatural
1455,Samurai
1455,Historical
1456,Action
1456,Adventure
1456,Police
1456,Mystery
1457,Action
1457,Sci-Fi
1457,Music
1457,Psychological
1457,Drama
1457,Mecha
1458,Action
1458,Adventure
1458,Mecha
1458,Sci-Fi
1458,Shounen
1458,Space
1459,Action
1459,Adventure
1459,Space
1459,Mecha
1459,Romance
1459,Military
1459,Drama
1459,Sci-Fi
1459,Shounen
1460,Action
1460,Military
1460,Sci-Fi
1460,Adventure
1460,Space
1460,Drama
1460,Mecha
1462,Drama
1462,Horror
1462,Psychological
1462,Sci-Fi
1465,Action
1465,Mecha
1465,School
1465,Sci-Fi
1465,Seinen
1466,Sci-Fi
1466,Adventure
1466,Space
1468,Action
1468,Sci-Fi
1468,Super Power
1468,Martial Arts
1468,Shounen
1469,Action
1469,Adventure
1469,Comedy
1469,Fantasy
1470,Action
1470,Comedy
1470,Mystery
1470,Shounen
1471,Action
1471,Comedy
1471,Mystery
1471,Shounen
1472,Action
1472,Comedy
1472,Mystery
1472,Shounen
1473,Action
1473,Comedy
1473,Mystery
1473,Shounen
1474,Action
1474,Comedy
1474,Mystery
1474,Shounen
1475,Action
1475,Comedy
1475,Mystery
1475,Shounen
1476,Action
1476,Mystery
1476,Comedy
1476,Shounen
1477,Action
1477,Comedy
1477,Mystery
1477,Shounen
1478,Adventure
1478,Comedy
1478,Shounen
1479,Shounen
1480,Mecha
1480,Military
1480,Sci-Fi
1481,Action
1481,Sci-Fi
1481,Adventure
1481,Comedy
1481,Drama
1481,Romance
1482,Action
1482,Adventure
1482,Comedy
1482,Super Power
1482,Demons
1482,Shounen
1483,Adventure
1483,Drama
1483,Historical
1483,Mystery
1483,Seinen
1483,Slice of Life
1484,Action
1484,Demons
1484,Fantasy
1484,Horror
1484,Supernatural
1485,Comedy
1485,Drama
1485,Shoujo
1486,Comedy
1486,Drama
1486,Romance
1486,Shoujo
1487,Adventure
1487,Comedy
1487,Fantasy
1487,Game
1487,Magic
1487,Sci-Fi
1488,Action
1488,Military
1488,Adventure
1488,Drama
1488,Romance
1489,Comedy
1489,Parody
1489,Magic
1489,Ecchi
1489,Vampire
1490,Action
1490,Adventure
1490,Drama
1490,Sci-Fi
1490,Space
1491,Sci-Fi
1491,Adventure
1491,Space
1491,Drama
1492,Action
1492,Martial Arts
1492,Super Power
1493,Action
1493,Fantasy
1493,Martial Arts
1493,Super Power
1493,School
1494,Horror
1494,Mystery
1494,Psychological
1494,Sci-Fi
1495,Space
1495,Drama
1495,Sci-Fi
1496,Comedy
1496,Ecchi
1496,Fantasy
1496,Shoujo Ai
1497,Drama
1497,Music
1497,Romance
1498,Action
1498,Comedy
1498,Fantasy
1498,Shounen
1498,Supernatural
1498,Vampire
1499,Hentai
1500,Comedy
1500,Horror
1500,Supernatural
1500,Drama
1500,Ecchi
1501,Comedy
1502,Comedy
1502,Parody
1502,Magic
1502,Fantasy
1502,Seinen
1503,Adventure
1503,Comedy
1503,Fantasy
1503,Magic
1503,Parody
1503,Seinen
1504,Drama
1504,Mecha
1504,Military
1504,Sci-Fi
1505,Adventure
1505,Mystery
1505,Comedy
1505,Police
1505,Shounen
1506,Adventure
1506,Comedy
1506,Mystery
1506,Police
1506,Shounen
1508,Drama
1508,Horror
1508,Sci-Fi
1509,Adventure
1509,Comedy
1509,Magic
1509,Romance
1509,Shoujo
1510,Hentai
1511,Hentai
1512,Hentai
1512,School
1512,Sports
1513,Hentai
1514,Comedy
1514,Magic
1514,Romance
1514,Sci-Fi
1515,Parody
1515,Comedy
1515,Super Power
1515,Sci-Fi
1515,Shounen
1516,Comedy
1516,Drama
1516,Romance
1516,Shoujo
1517,Action
1517,Sci-Fi
1517,Comedy
1517,Horror
1517,Drama
1517,Magic
1517,Romance
1517,Fantasy
1519,Action
1519,Seinen
1520,Drama
1520,Mystery
1520,Psychological
1520,Thriller
1521,Drama
1524,Slice of Life
1524,Fantasy
1524,Supernatural
1524,School
1524,Drama
1525,Action
1525,Adventure
1525,Comedy
1525,Fantasy
1525,Kids
1526,Action
1526,Adventure
1526,Kids
1526,Drama
1526,Fantasy
1527,Adventure
1527,Comedy
1527,Fantasy
1527,Kids
1528,Sci-Fi
1528,Comedy
1528,Mecha
1529,Action
1529,Ecchi
1529,Psychological
1529,Mecha
1530,Slice of Life
1530,Supernatural
1530,Drama
1530,Romance
1531,Slice of Life
1531,Comedy
1531,Romance
1531,Ecchi
1531,Fantasy
1532,Comedy
1532,Drama
1532,Romance
1532,Shoujo
1532,Shounen Ai
1532,Slice of Life
1533,Adventure
1533,Magic
1533,Comedy
1533,Romance
1533,Shoujo
1534,Action
1534,Comedy
1534,Magic
1534,Fantasy
1534,Shoujo
1535,Mystery
1535,Police
1535,Psychological
1535,Supernatural
1535,Thriller
1535,Shounen
1536,Action
1536,Fantasy
1536,Supernatural
1536,Comedy
1536,School
1536,Shounen
1537,Action
1537,Sci-Fi
1537,Adventure
1537,Romance
1537,Shounen
1538,Action
1538,Comedy
1538,Drama
1538,Military
1539,Romance
1539,Shounen
1539,Sports
1540,Romance
1540,Shounen
1540,Sports
1541,Action
1541,Historical
1541,Martial Arts
1542,Action
1542,Adventure
1542,Mecha
1542,Sci-Fi
1543,Comedy
1543,Romance
1543,School
1543,Sci-Fi
1544,Mecha
1544,Sci-Fi
1544,Shounen
1544,Space
1546,Adventure
1546,Harem
1546,Comedy
1546,Supernatural
1546,Magic
1546,Romance
1546,Ecchi
1546,Fantasy
1546,School
1547,Comedy
1547,School
1547,Slice of Life
1547,Supernatural
1548,Sci-Fi
1548,Mystery
1548,Drama
1549,Adventure
1549,Fantasy
1549,Drama
1549,Sci-Fi
1550,Drama
1550,Shoujo
1550,Sports
1552,Comedy
1552,Drama
1552,Romance
1553,Action
1553,Sci-Fi
1553,Adventure
1553,Space
1554,Supernatural
1554,Drama
1555,Comedy
1555,Harem
1555,Romance
1555,School
1556,Horror
1556,Demons
1556,Supernatural
1556,Magic
1556,Ecchi
1556,Fantasy
1556,Seinen
1557,Action
1557,Magic
1557,Fantasy
1557,Supernatural
1557,Demons
1557,Historical
1557,Shoujo
1558,Comedy
1558,Demons
1558,Fantasy
1558,Hentai
1558,Magic
1558,Parody
1559,Action
1559,Comedy
1559,Martial Arts
1559,School
1559,Shounen
1560,Action
1560,Sci-Fi
1560,Ecchi
1560,Martial Arts
1560,Shounen
1561,Music
1562,Comedy
1562,Shoujo
1563,Adventure
1563,Drama
1563,Fantasy
1563,Magic
1563,Mecha
1563,Romance
1563,Shoujo
1564,Action
1564,Adventure
1564,Comedy
1564,Kids
1564,Fantasy
1565,Action
1565,Adventure
1565,Comedy
1565,Kids
1565,Fantasy
1566,Military
1566,Sci-Fi
1566,Mystery
1566,Police
1566,Mecha
1566,Seinen
1567,Adventure
1567,Magic
1567,Romance
1567,Shoujo
1568,Action
1568,Comedy
1568,Romance
1568,Martial Arts
1568,Seinen
1569,Comedy
1569,Drama
1569,Romance
1569,School
1570,Comedy
1570,Harem
1570,Magic
1570,Romance
1570,School
1571,Mystery
1571,Comedy
1571,Horror
1571,Supernatural
1571,Shoujo
1572,Adventure
1572,Kids
1572,Shounen
1573,Action
1573,Comedy
1573,Drama
1573,Ecchi
1573,Fantasy
1573,Horror
1573,Magic
1573,Shounen
1574,Adventure
1574,Mecha
1574,Sci-Fi
1574,Shounen
1575,Action
1575,Military
1575,Sci-Fi
1575,Super Power
1575,Drama
1575,Mecha
1575,School
1576,Action
1576,Drama
1576,Historical
1576,Samurai
1577,Action
1577,Comedy
1577,Police
1577,Seinen
1578,Adventure
1578,Comedy
1578,Drama
1578,Fantasy
1578,Magic
1578,Romance
1578,Sci-Fi
1578,Shoujo
1579,Harem
1579,Music
1579,Comedy
1579,Drama
1579,Magic
1579,Romance
1579,School
1579,Shoujo
1580,Adventure
1580,Demons
1580,Supernatural
1580,Shounen
1581,Comedy
1581,Drama
1581,Harem
1581,Magic
1581,Romance
1581,School
1582,Action
1582,Adventure
1582,Military
1582,Sci-Fi
1583,Action
1583,Mecha
1583,Sci-Fi
1583,Seinen
1584,Comedy
1584,Military
1584,Sci-Fi
1585,Demons
1585,Fantasy
1586,Adventure
1586,Mecha
1587,Supernatural
1587,Demons
1587,Historical
1588,Comedy
1588,Romance
1588,School
1589,Drama
1589,Seinen
1589,Slice of Life
1590,Action
1590,Adventure
1590,Fantasy
1590,Comedy
1591,Comedy
1591,Romance
1591,School
1592,Comedy
1592,Drama
1592,Romance
1592,Seinen
1592,Slice of Life
1593,Comedy
1593,School
1593,Slice of Life
1594,Mystery
1594,Horror
1594,Psychological
1594,Supernatural
1595,Hentai
1596,Action
1596,Comedy
1596,Ecchi
1596,Parody
1596,Shounen
1596,Sports
1596,Super Power
1597,Comedy
1598,Adventure
1598,Mecha
1598,Sci-Fi
1599,Action
1599,Adventure
1599,Sci-Fi
1599,Shounen
1599,Super Power
1600,Sci-Fi
1600,Comedy
1601,Drama
1601,Mystery
1602,Drama
1602,Ecchi
1602,Mecha
1602,Military
1602,Sci-Fi
1602,Space
1603,Action
1603,Mecha
1603,Sci-Fi
1604,Action
1604,Comedy
1604,Shounen
1604,Super Power
1606,Action
1606,Adventure
1606,Comedy
1606,Demons
1606,Supernatural
1606,Shounen
1607,Drama
1607,Romance
1607,Supernatural
1608,Comedy
1608,Drama
1608,Martial Arts
1608,Seinen
1609,Action
1609,Magic
1611,Adventure
1611,Drama
1611,Horror
1611,Military
1611,Mystery
1611,Psychological
1611,Sci-Fi
1611,Shounen
1611,Supernatural
1613,Fantasy
1613,Comedy
1614,Action
1614,Sports
1614,Shounen
1617,Comedy
1617,Josei
1617,Romance
1617,Slice of Life
1618,Action
1618,Sci-Fi
1618,Adventure
1619,Ecchi
1619,Fantasy
1619,Magic
1619,Comedy
1619,Harem
1619,Romance
1619,Super Power
1619,Shounen
1620,Action
1620,Sci-Fi
1620,Adventure
1620,Space
1620,Comedy
1620,Shounen
1621,Action
1621,Comedy
1621,School
1622,Action
1622,Fantasy
1622,Historical
1622,Magic
1623,Action
1623,Sci-Fi
1623,Comedy
1623,School
1624,Romance
1624,School
1624,Drama
1625,Ecchi
1625,Adventure
1625,Space
1625,Comedy
1625,Romance
1625,Military
1625,Sci-Fi
1626,Action
1626,Adventure
1626,Comedy
1626,Drama
1626,Mecha
1626,Sci-Fi
1626,Shounen
1627,Adventure
1627,Ecchi
1627,Mecha
1627,Sci-Fi
1628,Action
1628,Demons
1628,Horror
1628,Shounen
1628,Supernatural
1629,Action
1629,Psychological
1629,Drama
1629,Horror
1630,Adventure
1630,Comedy
1630,Fantasy
1631,Sci-Fi
1631,Mecha
1632,Hentai
1632,School
1633,Hentai
1634,Hentai
1635,Hentai
1636,Hentai
1637,Drama
1637,Historical
1637,Romance
1637,Shoujo
1637,Shounen Ai
1638,Adventure
1638,Fantasy
1639,Hentai
1639,Yaoi
1640,Sci-Fi
1640,Supernatural
1640,Drama
1640,Romance
1640,Fantasy
1640,Shounen Ai
1641,Action
1641,Fantasy
1641,Martial Arts
1641,Comedy
1641,Super Power
1642,Fantasy
1642,Magic
1642,Shoujo
1643,Action
1643,Comedy
1643,Mecha
1643,Sci-Fi
1644,Fantasy
1644,Romance
1645,Action
1645,Sci-Fi
1645,Adventure
1645,Space
1645,Drama
1645,Seinen
1647,Action
1647,Demons
1647,Ecchi
1647,Horror
1647,Mecha
1647,Sci-Fi
1647,Super Power
1648,Comedy
1648,Romance
1648,Sci-Fi
1650,Action
1650,Adventure
1650,Drama
1650,Military
1650,Sci-Fi
1650,Space
1651,Action
1651,Military
1651,Sci-Fi
1651,Adventure
1651,Space
1651,Drama
1652,Action
1652,Military
1652,Sci-Fi
1652,Adventure
1652,Space
1652,Drama
1654,Slice of Life
1654,Comedy
1654,Drama
1654,Romance
1654,School
1654,Shoujo Ai
1655,Comedy
1655,Music
1656,Comedy
1656,Kids
1657,Action
1657,Fantasy
1658,Action
1658,Comedy
1658,Fantasy
1658,Historical
1658,Horror
1658,Martial Arts
1658,Samurai
1658,Shounen
1658,Supernatural
1659,Fantasy
1659,Magic
1659,Comedy
1659,Drama
1660,Action
1660,Adventure
1660,Drama
1660,Sci-Fi
1661,Action
1661,Sci-Fi
1661,School
1662,Drama
1662,Sci-Fi
1662,Seinen
1662,Space
1663,Adventure
1663,Drama
1663,Historical
1663,Slice of Life
1664,Action
1664,Adventure
1664,Supernatural
1664,Mystery
1664,Sci-Fi
1664,Shounen
1665,Action
1665,Sci-Fi
1665,Mecha
1666,Sci-Fi
1666,Adventure
1666,Supernatural
1666,Shounen
1667,Action
1667,Sci-Fi
1667,Supernatural
1667,Shounen
1668,Action
1668,Adventure
1668,Comedy
1668,Sci-Fi
1668,Shounen
1668,Sports
1669,Action
1669,Adventure
1669,Comedy
1669,Sci-Fi
1669,Shounen
1669,Sports
1670,Action
1670,Sci-Fi
1670,Adventure
1670,Comedy
1670,Sports
1670,Shounen
1671,Action
1671,Sci-Fi
1671,Adventure
1672,Sci-Fi
1672,Comedy
1672,Shounen
1673,Sci-Fi
1673,Shounen
1674,Action
1674,Sports
1674,Shounen
1675,Action
1675,Sci-Fi
1675,Mecha
1675,Shounen
1676,Action
1676,Adventure
1676,Military
1676,Sci-Fi
1676,Space
1677,Military
1677,Sci-Fi
1677,Adventure
1677,Space
1677,Drama
1678,Action
1678,Sci-Fi
1678,Adventure
1678,Mecha
1678,Shounen
1679,Comedy
1679,Ecchi
1679,Romance
1679,Slice of Life
1681,Action
1681,Adventure
1681,Fantasy
1681,Kids
1681,Magic
1681,Supernatural
1682,Action
1682,Drama
1682,Mecha
1682,Sci-Fi
1683,Comedy
1683,Fantasy
1683,Sci-Fi
1684,Comedy
1685,Action
1685,Adventure
1685,Comedy
1685,Shounen
1686,Action
1686,Adventure
1686,Comedy
1686,Super Power
1686,Supernatural
1686,Shounen
1688,Magic
1688,Romance
1688,School
1689,Drama
1689,Romance
1689,Slice of Life
1690,Sci-Fi
1690,Psychological
1690,Drama
1690,Mecha
1690,Seinen
1691,Action
1691,Magic
1691,Romance
1691,Fantasy
1691,Shounen
1692,Drama
1692,Harem
1692,Romance
1693,Action
1693,Mecha
1693,Sci-Fi
1694,Action
1694,Comedy
1694,Mecha
1694,Sci-Fi
1695,Slice of Life
1695,Historical
1695,Drama
1695,Shoujo
1696,Action
1696,Adventure
1696,Fantasy
1698,Music
1698,Slice of Life
1698,Comedy
1698,Drama
1698,Romance
1698,Josei
1699,Drama
1699,Fantasy
1699,Historical
1699,Romance
1701,Comedy
1701,Ecchi
1701,Romance
1701,Sci-Fi
1701,Seinen
1702,Demons
1702,Hentai
1702,Horror
1702,Super Power
1702,Supernatural
1703,Action
1703,Drama
1704,Action
1704,Adventure
1704,Sci-Fi
1704,Shounen
1704,Super Power
1705,Adventure
1705,Drama
1705,Horror
1705,Sci-Fi
1705,Shounen
1705,Supernatural
1706,Action
1706,Adventure
1706,Drama
1706,Historical
1706,Sci-Fi
1706,Seinen
1707,Action
1707,Sci-Fi
1707,Comedy
1707,Sports
1707,Martial Arts
1707,Shounen
1708,Action
1708,Super Power
1708,Demons
1708,Supernatural
1708,Shounen
1709,Action
1709,Adventure
1709,Comedy
1709,Drama
1709,Fantasy
1709,Kids
1710,Action
1710,Game
1710,Sci-Fi
1710,Adventure
1710,Comedy
1710,Mecha
1710,Shounen
1711,Adventure
1711,Comedy
1711,Ecchi
1711,Romance
1711,Sci-Fi
1712,Mecha
1712,Sci-Fi
1712,Shounen
1713,Action
1713,Military
1713,Sci-Fi
1713,Adventure
1713,Shounen
1718,Drama
1718,Romance
1718,Shoujo
1718,Slice of Life
1719,Action
1719,Comedy
1719,Drama
1719,Magic
1719,Seinen
1720,Comedy
1720,Drama
1720,Harem
1720,Romance
1720,School
1721,Drama
1721,Romance
1721,School
1721,Seinen
1721,Slice of Life
1722,Harem
1722,Comedy
1722,Romance
1722,Ecchi
1722,Fantasy
1722,Shounen
1723,Drama
1723,Romance
1723,Fantasy
1723,School
1724,Adventure
1724,Fantasy
1725,Comedy
1725,Romance
1725,School
1725,Drama
1726,Action
1726,Demons
1726,Fantasy
1727,Drama
1727,Fantasy
1727,Music
1727,Romance
1727,School
1728,Comedy
1728,Slice of Life
1728,Shoujo
1729,Drama
1729,School
1729,Shoujo Ai
1729,Slice of Life
1731,Action
1731,Adventure
1731,Magic
1731,Martial Arts
1731,Fantasy
1732,Ecchi
1732,Fantasy
1732,Comedy
1732,Romance
1733,Action
1733,Sci-Fi
1733,Cars
1734,Comedy
1734,Drama
1734,Romance
1734,School
1735,Action
1735,Adventure
1735,Comedy
1735,Super Power
1735,Martial Arts
1735,Shounen
1736,Action
1736,Adventure
1736,Shounen
1737,Sci-Fi
1737,Adventure
1737,Space
1737,Drama
1737,Mecha
1737,Shounen
1738,Action
1738,Comedy
1738,Martial Arts
1738,Parody
1738,Shounen
1739,Kids
1740,Action
1740,Police
1740,Drama
1740,Seinen
1741,Comedy
1741,Ecchi
1742,Mystery
1742,Super Power
1742,Supernatural
1742,Drama
1743,Action
1743,Comedy
1743,Parody
1743,Sci-Fi
1744,Kids
1744,Adventure
1744,Fantasy
1744,Magic
1744,Comedy
1744,Romance
1744,School
1744,Drama
1744,Shoujo
1745,Action
1745,Adventure
1745,Police
1745,Shounen
1746,Adventure
1746,Mecha
1746,Sci-Fi
1746,Shounen
1747,Action
1747,Sci-Fi
1747,Adventure
1747,Space
1748,Comedy
1748,Sci-Fi
1748,Shounen
1749,Ecchi
1749,Comedy
1749,Romance
1749,Supernatural
1750,Ecchi
1750,Comedy
1750,Romance
1750,Supernatural
1751,Action
1751,Comedy
1751,Fantasy
1752,Comedy
1753,Comedy
1754,Comedy
1755,Comedy
1756,Comedy
1757,Comedy
1758,Comedy
1759,Action
1759,Adventure
1759,Historical
1759,Sci-Fi
1759,Shounen
1760,Action
1760,Military
1760,Adventure
1760,Drama
1760,Seinen
1761,Action
1761,Adventure
1761,Military
1761,Drama
1761,Seinen
1762,Action
1762,Adventure
1762,Drama
1762,Fantasy
1762,Historical
1763,Action
1763,Adventure
1763,Fantasy
1763,Hentai
1764,Comedy
1764,Drama
1764,School
1764,Shounen
1764,Slice of Life
1764,Sports
1765,Super Power
1765,Supernatural
1765,Vampire
1766,Action
1766,Martial Arts
1766,Fantasy
1767,Horror
1767,Psychological
1767,Sci-Fi
1768,Action
1768,Adventure
1768,Drama
1768,Mecha
1768,Sci-Fi
1768,Shounen
1769,Action
1769,Parody
1769,Comedy
1769,Sci-Fi
1770,Hentai
1771,Action
1771,Sports
1771,Shounen
1772,Fantasy
1772,Military
1772,School
1772,Sci-Fi
1773,Action
1773,Adventure
1773,Martial Arts
1774,Action
1774,Adventure
1774,Mecha
1774,Police
1774,Sci-Fi
1775,Action
1775,Adventure
1775,Drama
1775,Magic
1775,Fantasy
1776,Super Power
1776,Martial Arts
1777,Action
1777,Adventure
1777,Fantasy
1777,Supernatural
1778,Adventure
1778,Comedy
1778,Historical
1779,Hentai
1780,Demons
1780,Hentai
1780,Sci-Fi
1780,Super Power
1781,Hentai
1782,Hentai
1782,Horror
1783,Hentai
1784,Hentai
1785,Hentai
1786,Comedy
1786,Ecchi
1786,Romance
1786,School
1787,Demons
1787,Hentai
1788,Hentai
1789,Action
1789,Mecha
1789,Sci-Fi
1790,Action
1790,Comedy
1790,Ecchi
1790,Military
1790,Romance
1790,Sci-Fi
1791,Hentai
1791,Drama
1792,Action
1792,Adventure
1792,Mecha
1792,Sci-Fi
1792,Shounen
1793,Action
1793,Dementia
1793,Drama
1793,Sci-Fi
1794,Action
1794,Sci-Fi
1794,Adventure
1794,Comedy
1794,Police
1795,Action
1795,Sci-Fi
1795,Adventure
1795,Comedy
1795,Police
1796,Action
1796,Sci-Fi
1796,Adventure
1796,Comedy
1796,Police
1797,Comedy
1797,Parody
1797,Drama
1798,Comedy
1798,Parody
1798,Drama
1799,Action
1799,Adventure
1799,Drama
1799,Martial Arts
1799,Romance
1799,Shounen
1800,Action
1800,Adventure
1800,Drama
1800,Martial Arts
1800,Shounen
1802,Action
1802,Adventure
1802,Police
1802,Comedy
1802,Sci-Fi
1803,Action
1803,Adventure
1803,Comedy
1803,Police
1803,Sci-Fi
1804,Comedy
1804,Drama
1804,Romance
1804,Shoujo
1804,Slice of Life
1804,Supernatural
1805,Action
1805,Adventure
1805,Comedy
1805,Demons
1805,Supernatural
1805,Vampire
1806,Action
1806,Adventure
1806,Comedy
1806,Supernatural
1806,Vampire
1807,Action
1807,Fantasy
1807,Magic
1807,Comedy
1807,Drama
1808,Comedy
1808,Fantasy
1808,Magic
1808,Romance
1808,School
1808,Shoujo
1810,Drama
1810,Magic
1810,Romance
1810,Shounen
1811,Action
1811,Sci-Fi
1811,Space
1812,Sci-Fi
1813,Parody
1813,Slice of Life
1813,Comedy
1815,Action
1815,Supernatural
1815,Fantasy
1816,Sci-Fi
1816,Adventure
1816,Comedy
1816,Kids
1816,Mecha
1816,Shounen
1817,Sci-Fi
1817,Harem
1817,Comedy
1817,Romance
1817,Ecchi
1817,Shounen
1818,Action
1818,Adventure
1818,Super Power
1818,Demons
1818,Supernatural
1818,Fantasy
1818,Shounen
1819,Mecha
1819,Horror
1819,Sci-Fi
1820,Action
1820,Adventure
1820,Mecha
1820,Sci-Fi
1821,Harem
1821,Hentai
1822,Action
1822,Adventure
1822,Historical
1822,Demons
1822,Martial Arts
1822,Samurai
1822,Shounen
1823,Action
1823,Adventure
1823,Martial Arts
1823,Sci-Fi
1824,Drama
1824,Historical
1825,Drama
1825,Historical
1825,Shounen
1826,Adventure
1826,Kids
1826,Fantasy
1827,Action
1827,Adventure
1827,Historical
1827,Fantasy
1828,Action
1828,Fantasy
1829,Adventure
1829,Magic
1829,Fantasy
1830,Action
1830,Fantasy
1830,Comedy
1830,Drama
1831,Action
1831,Adventure
1831,Sci-Fi
1832,Action
1832,Sci-Fi
1832,Psychological
1832,Drama
1832,Mecha
1833,Action
1833,Sci-Fi
1833,Adventure
1834,Adventure
1834,Fantasy
1834,Hentai
1834,Magic
1835,Action
1835,Game
1835,Sci-Fi
1835,Shounen
1836,Comedy
1836,Drama
1836,Ecchi
1836,Fantasy
1836,Harem
1836,Magic
1836,Romance
1836,School
1836,Seinen
1837,Action
1837,Sci-Fi
1837,Adventure
1837,Comedy
1837,Parody
1837,Shounen
1838,Drama
1838,Romance
1838,School
1838,Shoujo
1839,Adventure
1839,Fantasy
1839,Kids
1839,Shoujo
1839,Slice of Life
1840,Action
1840,Adventure
1840,Harem
1840,Comedy
1840,Magic
1840,Romance
1840,Ecchi
1840,Fantasy
1840,School
1841,Comedy
1842,Drama
1842,Shounen
1842,Sports
1843,Military
1843,Drama
1843,Seinen
1844,Action
1844,Mystery
1844,Comedy
1844,Shoujo
1845,Action
1845,Mecha
1845,Sci-Fi
1846,Sports
1846,Romance
1846,Drama
1847,Comedy
1847,Drama
1847,Romance
1847,Seinen
1848,Action
1848,Adventure
1848,Fantasy
1848,Mecha
1849,Action
1849,Adventure
1849,Fantasy
1849,Mecha
1850,Action
1850,Adventure
1850,Fantasy
1850,Mecha
1851,Parody
1851,Adventure
1851,Fantasy
1851,Comedy
1851,Mecha
1852,Comedy
1852,School
1852,Seinen
1852,Slice of Life
1853,Action
1853,Adventure
1853,Comedy
1853,Magic
1853,Romance
1853,Sci-Fi
1853,Shoujo
1854,Action
1854,Sci-Fi
1854,Adventure
1855,Adventure
1855,Comedy
1855,Fantasy
1855,Magic
1855,Shounen
1856,Comedy
1857,Drama
1857,Sci-Fi
1858,Slice of Life
1858,Comedy
1858,School
1859,Action
1859,Sports
1859,Martial Arts
1859,Shounen
1860,Action
1860,Horror
1860,Supernatural
1860,Drama
1860,Martial Arts
1860,Fantasy
1860,School
1861,Slice of Life
1861,Comedy
1861,Sports
1861,Drama
1861,School
1861,Shounen
1862,Action
1862,Ecchi
1862,Magic
1862,Military
1862,Sci-Fi
1863,Adventure
1863,Fantasy
1863,Historical
1864,Drama
1864,Fantasy
1864,Harem
1864,Romance
1864,Shoujo
1865,Comedy
1865,Parody
1865,Sci-Fi
1866,Action
1866,Adventure
1866,Fantasy
1866,Magic
1866,Romance
1866,Shounen
1866,Supernatural
1867,Action
1867,Adventure
1867,Sci-Fi
1867,Shounen
1867,Space
1868,Adventure
1868,Drama
1868,Romance
1868,Mecha
1869,Comedy
1869,Drama
1869,Music
1869,Romance
1869,Shoujo
1869,Slice of Life
1872,Adventure
1872,Comedy
1872,Fantasy
1872,Kids
1872,Romance
1872,Shounen
1873,Adventure
1873,Sports
1873,Mecha
1873,School
1873,Sci-Fi
1873,Shounen
1874,Ecchi
1874,Comedy
1874,Harem
1874,Romance
1878,Historical
1878,Drama
1878,Shoujo
1879,Action
1879,Sci-Fi
1879,Mystery
1879,Seinen
1880,Action
1880,Sci-Fi
1880,Adventure
1880,Mystery
1880,Super Power
1880,Seinen
1881,Fantasy
1881,Magic
1881,School
1882,Fantasy
1882,Magic
1882,School
1883,Comedy
1884,Comedy
1885,Fantasy
1885,Game
1885,Comedy
1886,Magic
1886,Comedy
1886,Shoujo
1887,Slice of Life
1887,Comedy
1887,Parody
1887,School
1888,Comedy
1888,School
1888,Slice of Life
1889,Mystery
1889,Psychological
1889,Supernatural
1889,Thriller
1890,Drama
1890,Fantasy
1890,Music
1890,Sci-Fi
1890,Shoujo
1891,Adventure
1891,Comedy
1891,Sci-Fi
1891,Shounen
1892,Adventure
1892,Comedy
1892,Sci-Fi
1892,Shounen
1893,Comedy
1893,Romance
1893,Shoujo
1893,Slice of Life
1894,Adventure
1894,Comedy
1894,Fantasy
1894,Game
1895,Hentai
1896,Hentai
1897,Adventure
1897,Mecha
1897,School
1897,Sci-Fi
1898,Action
1898,Ecchi
1898,Comedy
1899,Adventure
1899,Mecha
1899,Sci-Fi
1899,Shounen
1900,Action
1900,Comedy
1900,Mecha
1900,Sci-Fi
1901,Action
1901,Sci-Fi
1901,Adventure
1901,Mystery
1901,Space
1901,Drama
1901,Romance
1901,Shoujo
1902,Comedy
1902,Fantasy
1903,Action
1903,Ecchi
1903,Sci-Fi
1904,Fantasy
1904,Magic
1904,Romance
1904,Supernatural
1904,Demons
1904,Historical
1904,Shoujo
1905,Fantasy
1905,Magic
1905,Romance
1905,Supernatural
1905,Historical
1905,Shoujo
1906,Drama
1906,Fantasy
1906,Historical
1906,Magic
1906,Romance
1906,Shoujo
1906,Supernatural
1907,Fantasy
1907,Comedy
1907,Supernatural
1907,Demons
1907,Historical
1907,Shoujo
1908,Romance
1908,Shounen Ai
1909,Comedy
1909,Romance
1909,Shounen Ai
1910,Adventure
1910,Drama
1910,Historical
1910,Mystery
1910,Seinen
1910,Slice of Life
1911,Comedy
1911,Mecha
1911,Shounen
1912,Romance
1912,School
1912,Shounen Ai
1913,Action
1913,Comedy
1913,School
1914,Adventure
1914,Comedy
1914,Drama
1914,Fantasy
1914,Historical
1914,Romance
1915,Action
1915,Magic
1915,Comedy
1915,Super Power
1915,Drama
1916,Mecha
1916,Military
1916,Sci-Fi
1916,Space
1917,Mecha
1917,Military
1917,Sci-Fi
1917,Space
1918,Comedy
1918,Parody
1918,Magic
1918,Fantasy
1919,Sci-Fi
1919,Adventure
1919,Comedy
1920,Action
1920,Adventure
1920,Comedy
1920,Romance
1920,Drama
1920,Sci-Fi
1921,Action
1921,Adventure
1921,Comedy
1921,Romance
1921,Drama
1921,Sci-Fi
1922,Action
1922,Sci-Fi
1922,Adventure
1922,Comedy
1922,Drama
1922,Romance
1923,Action
1923,Sci-Fi
1923,Adventure
1923,Comedy
1923,Drama
1923,Romance
1924,Action
1924,Adventure
1924,Comedy
1924,Drama
1924,Romance
1924,Sci-Fi
1925,Action
1925,Sci-Fi
1925,Adventure
1925,Comedy
1925,Drama
1925,Romance
1926,Slice of Life
1926,Music
1927,Action
1927,Super Power
1927,Martial Arts
1927,School
1928,Action
1928,Adventure
1928,Seinen
1929,Action
1929,Comedy
1929,Fantasy
1929,Magic
1929,Shoujo
1930,Fantasy
1930,Magic
1930,Comedy
1930,Shoujo
1931,Fantasy
1931,Magic
1931,Comedy
1931,Shoujo
1932,Action
1932,Fantasy
1932,Magic
1932,School
1932,Shoujo
1933,Action
1935,Action
1935,Sci-Fi
1935,Music
1935,Mystery
1935,Romance
1935,Mecha
1936,Sci-Fi
1936,Comedy
1936,Romance
1936,Shounen
1937,Fantasy
1937,Supernatural
1937,Historical
1937,Drama
1938,Action
1938,Adventure
1938,Fantasy
1938,Historical
1938,Military
1938,Sci-Fi
1939,Adventure
1939,Comedy
1939,Fantasy
1939,Mecha
1940,Sci-Fi
1940,Adventure
1940,Comedy
1940,Ecchi
1940,Shounen
1941,Adventure
1941,Drama
1941,Sci-Fi
1941,Space
1942,Adventure
1942,Sci-Fi
1942,Space
1943,Dementia
1943,Fantasy
1943,Horror
1943,Mystery
1943,Psychological
1943,Sci-Fi
1943,Thriller
1944,Action
1944,Adventure
1944,Comedy
1944,Drama
1944,Ecchi
1944,Mecha
1944,Romance
1944,Sci-Fi
1946,Adventure
1946,Drama
1946,Historical
1946,Romance
1946,Shoujo
1947,Action
1947,Fantasy
1947,Mecha
1949,Drama
1949,Romance
1951,Adventure
1951,Fantasy
1951,Horror
1951,Sci-Fi
1951,Supernatural
1952,Action
1952,Adventure
1952,Supernatural
1952,Drama
1952,Vampire
1952,Fantasy
1953,Comedy
1953,School
1953,Slice of Life
1954,Action
1954,Adventure
1954,Fantasy
1955,Comedy
1955,Fantasy
1955,Sci-Fi
1956,Action
1956,Super Power
1956,Ecchi
1956,Martial Arts
1956,School
1957,Adventure
1957,Magic
1957,Comedy
1957,Romance
1957,Shoujo
1958,Music
1958,Shoujo
1959,Action
1959,Police
1959,Drama
1959,Shounen
1960,Comedy
1960,Kids
1960,Fantasy
1961,Adventure
1961,Comedy
1961,Drama
1961,Fantasy
1962,Action
1962,Sci-Fi
1962,Comedy
1962,Drama
1964,Action
1964,Adventure
1964,Game
1964,Harem
1964,Mecha
1964,Sci-Fi
1965,Drama
1965,Romance
1965,Slice of Life
1965,Supernatural
1966,Demons
1966,Fantasy
1966,Horror
1966,Mystery
1966,Psychological
1966,Supernatural
1967,Military
1967,Sci-Fi
1967,Space
1967,Drama
1967,Mecha
1968,Military
1968,Sci-Fi
1968,Space
1968,Drama
1968,Romance
1968,Mecha
1969,Military
1969,Sci-Fi
1969,Space
1969,Drama
1969,Mecha
1972,Action
1972,Adventure
1972,Mystery
1972,Comedy
1972,Police
1973,Mystery
1973,Dementia
1973,Supernatural
1974,Drama
1974,Shoujo
1975,Mecha
1975,Sci-Fi
1977,Action
1977,Historical
1977,Drama
1977,Samurai
1978,Action
1978,Fantasy
1978,Sci-Fi
1979,Dementia
1979,Fantasy
1980,Action
1980,Comedy
1980,Mecha
1980,Sci-Fi
1980,Space
1981,Sci-Fi
1981,Mystery
1981,Psychological
1982,Slice of Life
1983,Drama
1984,Mystery
1985,Mecha
1985,Sci-Fi
1985,Shounen
1986,Mecha
1986,Military
1986,Sci-Fi
1986,Shounen
1986,Space
1988,Comedy
1988,Romance
1989,Comedy
1990,Fantasy
1990,Magic
1990,Comedy
1991,Mecha
1992,Action
1992,Comedy
1992,Mecha
1992,School
1993,Sci-Fi
1994,Adventure
1994,Comedy
1994,Fantasy
1994,Game
1994,Sci-Fi
1995,Ecchi
1995,Magic
1995,Sci-Fi
1995,Parody
1996,Comedy
1996,Fantasy
1996,Shoujo
1996,Supernatural
1998,Adventure
1998,Police
1998,Romance
1998,Music
1998,Sci-Fi
1999,Adventure
1999,Drama
1999,Mecha
1999,Sci-Fi
1999,Shounen
2000,Comedy
2000,Drama
2000,Mecha
2000,Sci-Fi
2001,Action
2001,Adventure
2001,Comedy
2001,Mecha
2001,Sci-Fi
2002,Action
2002,Mecha
2002,Military
2002,Sci-Fi
2002,Space
2003,Action
2003,Sci-Fi
2003,Mystery
2003,Mecha
2004,Comedy
2004,Drama
2004,Seinen
2004,Slice of Life
2004,Supernatural
2006,Game
2006,Adventure
2006,Comedy
2006,Fantasy
2006,Shounen
2007,Hentai
2008,Slice of Life
2008,Comedy
2008,Sports
2008,Martial Arts
2009,Action
2009,Slice of Life
2009,Comedy
2009,Sports
2009,Drama
2009,Martial Arts
2010,Action
2010,Comedy
2010,Police
2010,Shounen
2011,Action
2011,Comedy
2011,Police
2011,Shounen
2012,Adventure
2012,Comedy
2012,Horror
2012,Romance
2012,School
2012,Shounen
2012,Supernatural
2013,Action
2013,Comedy
2013,Drama
2013,Police
2013,Shounen
2014,Action
2014,Comedy
2014,Police
2014,Shounen
2015,Comedy
2015,School
2016,Mystery
2016,Horror
2016,Drama
2016,Fantasy
2017,Drama
2017,Fantasy
2017,Horror
2017,Mystery
2018,Horror
2018,Mystery
2019,Action
2019,Adventure
2019,Drama
2019,Sci-Fi
2020,Adventure
2020,Comedy
2020,Historical
2020,Fantasy
2020,Shounen
2021,Adventure
2021,Comedy
2021,Hentai
2022,Action
2022,Fantasy
2022,Supernatural
2023,Action
2023,Comedy
2023,Supernatural
2023,School
2023,Shounen
2024,Comedy
2024,Historical
2025,Action
2025,Sci-Fi
2025,Mystery
2025,Super Power
2026,Action
2026,Harem
2026,Comedy
2026,Parody
2026,Romance
2026,Shounen
2027,Comedy
2027,Romance
2027,School
2028,Sci-Fi
2028,Mecha
2028,Shounen
2029,Drama
2029,Fantasy
2029,Romance
2030,Adventure
2030,Drama
2030,Mystery
2031,Action
2031,Adventure
2031,Fantasy
2031,Magic
2032,Action
2032,Adventure
2032,Comedy
2032,Drama
2032,Fantasy
2032,Historical
2033,Comedy
2033,Dementia
2033,Psychological
2033,Sci-Fi
2034,Comedy
2034,Romance
2034,Shoujo
2035,Slice of Life
2035,Romance
2035,Historical
2035,Drama
2035,Seinen
2036,Adventure
2036,Comedy
2036,Drama
2036,Magic
2036,Sci-Fi
2037,Comedy
2037,Fantasy
2037,Magic
2037,Romance
2037,School
2037,Shoujo
2038,Comedy
2038,Magic
2038,Shoujo
2038,Slice of Life
2039,Comedy
2039,Magic
2040,Magic
2040,Shoujo
2041,Parody
2041,Adventure
2041,Fantasy
2041,Magic
2041,Comedy
2041,Romance
2041,School
2041,Shoujo
2042,Action
2042,Drama
2042,Fantasy
2042,Mecha
2042,Sci-Fi
2043,Action
2043,Adventure
2043,Comedy
2043,Mystery
2043,Romance
2044,Comedy
2044,Fantasy
2044,Magic
2044,Romance
2044,School
2044,Sci-Fi
2044,Shoujo
2045,Comedy
2045,Fantasy
2045,Magic
2045,Romance
2045,Shoujo
2046,Comedy
2046,Fantasy
2046,Magic
2046,Romance
2046,Shoujo
2047,Fantasy
2048,Action
2048,Mecha
2048,Military
2048,Sci-Fi
2049,Action
2049,Adventure
2049,Comedy
2049,Fantasy
2049,Romance
2050,Action
2050,Comedy
2050,Martial Arts
2050,Parody
2050,School
2050,Shounen
2050,Sports
2051,Action
2051,Drama
2051,Sci-Fi
2051,Shoujo
2051,Super Power
2052,Romance
2052,Sports
2053,Sci-Fi
2053,Adventure
2053,Comedy
2053,Fantasy
2053,Shounen
2054,Fantasy
2054,Magic
2054,Shoujo
2055,Adventure
2055,Slice of Life
2055,Mystery
2055,Drama
2056,Action
2056,Space
2056,Super Power
2056,Supernatural
2056,Sci-Fi
2056,Shounen
2057,Action
2057,Comedy
2057,Mystery
2057,Police
2058,Action
2058,Sci-Fi
2058,Comedy
2058,Parody
2058,Mecha
2058,School
2059,Comedy
2059,Police
2059,Romance
2060,Action
2060,Military
2060,Sci-Fi
2060,Adventure
2060,Space
2060,Mecha
2061,Action
2061,Military
2061,Sci-Fi
2061,Space
2062,Action
2062,Military
2062,Sci-Fi
2062,Space
2063,Action
2063,Military
2063,Sci-Fi
2063,Mecha
2064,Action
2064,Military
2064,Sci-Fi
2064,Mecha
2065,Action
2065,Military
2065,Sci-Fi
2065,Space
2065,Mecha
2066,Action
2066,Military
2066,Sci-Fi
2066,Adventure
2066,Space
2066,Mecha
2067,Action
2067,Comedy
2067,Mecha
2067,Parody
2067,Sci-Fi
2067,Shounen
2068,Action
2068,Sci-Fi
2068,Adventure
2068,Fantasy
2068,Mecha
2069,Adventure
2069,Fantasy
2070,Action
2070,Sci-Fi
2070,Hentai
2070,Space
2071,Drama
2071,Romance
2071,Shoujo
2072,Adventure
2072,Comedy
2072,Music
2073,Horror
2073,Shoujo
2074,Adventure
2074,Fantasy
2074,Comedy
2075,Adventure
2075,Comedy
2075,Josei
2075,Slice of Life
2076,Mystery
2076,Shounen
2077,Mystery
2077,School
2077,Shounen
2078,Adventure
2078,Fantasy
2078,Sci-Fi
2079,Adventure
2079,Comedy
2079,Ecchi
2079,Fantasy
2079,Magic
2080,Action
2080,Parody
2080,Magic
2080,Comedy
2080,Sci-Fi
2081,Magic
2081,Comedy
2081,Shounen
2082,Romance
2082,Slice of Life
2083,Action
2083,Martial Arts
2083,School
2084,Adventure
2084,Comedy
2084,Fantasy
2084,Mecha
2084,Shounen
2085,Adventure
2085,Comedy
2085,Fantasy
2085,Mecha
2085,Shounen
2086,Adventure
2086,Fantasy
2086,Comedy
2086,Shounen
2087,Action
2087,Comedy
2087,Fantasy
2087,Mecha
2087,Shounen
2088,Sci-Fi
2088,Adventure
2088,Space
2089,Action
2089,Sci-Fi
2089,Adventure
2089,Romance
2089,Mecha
2090,Action
2090,Sci-Fi
2090,Adventure
2090,Romance
2090,Mecha
2091,Romance
2091,Shoujo
2092,Drama
2092,Romance
2092,Shoujo
2093,Romance
2093,Shoujo
2093,Slice of Life
2094,Action
2094,Mecha
2094,Sci-Fi
2095,Adventure
2095,Sci-Fi
2096,Romance
2096,Sci-Fi
2096,Shoujo
2097,Action
2097,Comedy
2097,Sci-Fi
2098,Ecchi
2098,Slice of Life
2098,Fantasy
2098,Magic
2098,Comedy
2098,Romance
2098,Drama
2098,Shounen
2099,Sci-Fi
2099,Adventure
2099,Supernatural
2100,Sci-Fi
2100,Adventure
2100,Demons
2100,Fantasy
2100,Seinen
2101,Romance
2101,Shoujo
2102,Adventure
2102,Comedy
2102,Slice of Life
2102,Supernatural
2103,Drama
2103,Music
2103,Shounen
2104,Comedy
2104,Parody
2104,Romance
2104,School
2104,Shounen
2105,Supernatural
2105,Drama
2105,Romance
2106,Mecha
2106,Military
2106,Sci-Fi
2107,Action
2107,Adventure
2107,Fantasy
2107,Shounen
2108,Action
2108,Adventure
2108,Comedy
2108,Game
2108,Mecha
2108,Sci-Fi
2108,Shounen
2109,Action
2109,Adventure
2109,Game
2109,Mecha
2109,School
2109,Sci-Fi
2109,Shounen
2110,Action
2110,Adventure
2110,Game
2110,Mecha
2110,Sci-Fi
2110,Shounen
2111,Action
2111,Adventure
2111,Game
2111,Kids
2112,Shounen
2112,Sports
2113,Action
2113,Magic
2113,Fantasy
2113,Shounen
2114,Action
2114,Fantasy
2114,Magic
2114,Shounen
2116,Action
2116,Shounen
2116,Sports
2117,Action
2117,Sports
2117,Shounen
2118,Action
2118,Sports
2118,Shounen
2119,Action
2119,Sports
2119,Shounen
2120,Action
2120,Sports
2120,Shounen
2121,Action
2121,Shounen
2121,Sports
2122,Action
2122,Shounen
2122,Sports
2123,Action
2123,Adventure
2123,Fantasy
2123,Sci-Fi
2124,Action
2124,Mecha
2124,Military
2124,School
2124,Super Power
2125,Action
2125,Adventure
2125,Supernatural
2125,Shounen
2126,Action
2126,Adventure
2126,Comedy
2126,Supernatural
2126,Shounen
2127,Adventure
2127,Mecha
2127,Sci-Fi
2127,Shounen
2128,Action
2128,Adventure
2128,Mecha
2128,Sci-Fi
2128,Shounen
2129,Drama
2129,Romance
2129,School
2130,Action
2130,Comedy
2130,Supernatural
2130,Horror
2130,Vampire
2130,Shounen
2131,Comedy
2131,Magic
2131,Ecchi
2132,Comedy
2132,Supernatural
2132,Magic
2132,Romance
2132,Ecchi
2133,Drama
2133,Fantasy
2133,Slice of Life
2134,Hentai
2135,Hentai
2136,Hentai
2136,Historical
2137,Hentai
2138,Action
2138,Martial Arts
2138,Hentai
2138,Historical
2139,Drama
2139,Harem
2139,Hentai
2139,Romance
2140,Hentai
2141,Adventure
2141,Drama
2142,Adventure
2142,Comedy
2142,Fantasy
2142,Supernatural
2143,Action
2143,Adventure
2143,Drama
2143,Fantasy
2143,Shoujo
2144,Action
2144,Adventure
2145,Fantasy
2145,Hentai
2145,Supernatural
2146,Fantasy
2146,Music
2146,Romance
2146,School
2147,Comedy
2147,Horror
2147,Romance
2147,Sci-Fi
2148,Drama
2148,Romance
2148,Yaoi
2150,Adventure
2150,Comedy
2150,Fantasy
2150,Kids
2150,Slice of Life
2151,Kids
2151,Adventure
2151,Fantasy
2152,Comedy
2152,Drama
2152,Fantasy
2152,Historical
2152,Sci-Fi
2153,Fantasy
2154,Action
2154,Adventure
2154,Psychological
2154,Supernatural
2155,Harem
2155,Romance
2155,School
2156,Action
2156,Fantasy
2156,Game
2157,Mecha
2157,Sci-Fi
2158,Action
2158,Drama
2158,Military
2158,Sci-Fi
2158,Space
2159,Comedy
2159,Seinen
2159,Sports
2161,Action
2161,Mystery
2161,Super Power
2162,Adventure
2162,Historical
2162,Shounen
2163,Action
2163,Ecchi
2163,Comedy
2164,Adventure
2164,Comedy
2164,Drama
2164,Mystery
2164,Sci-Fi
2165,Comedy
2165,Horror
2165,Fantasy
2166,Slice of Life
2166,Comedy
2167,Comedy
2167,Drama
2167,Romance
2167,School
2167,Slice of Life
2167,Supernatural
2168,Adventure
2168,Comedy
2168,Supernatural
2169,Action
2169,Military
2169,Sci-Fi
2169,Shoujo Ai
2170,Action
2170,Mecha
2170,Romance
2170,Sci-Fi
2170,Super Power
2170,Supernatural
2171,Adventure
2171,Comedy
2171,Mystery
2171,Police
2171,Shounen
2172,Comedy
2172,Ecchi
2172,School
2172,Seinen
2173,Adventure
2173,Fantasy
2174,Action
2174,Adventure
2174,Martial Arts
2174,Romance
2175,Adventure
2175,Drama
2175,Fantasy
2176,Action
2176,Mecha
2176,Sci-Fi
2176,Super Power
2178,Action
2178,Horror
2178,Sci-Fi
2179,Drama
2179,Romance
2179,School
2180,Slice of Life
2180,Comedy
2180,Sports
2180,Romance
2180,School
2180,Shoujo
2181,Police
2181,Mecha
2182,Sci-Fi
2182,Fantasy
2182,Mecha
2183,Comedy
2183,Shounen
2183,Sports
2185,Action
2185,Adventure
2185,Fantasy
2185,Hentai
2186,Hentai
2187,Hentai
2188,Hentai
2189,Hentai
2189,School
2189,Supernatural
2190,Hentai
2191,Hentai
2193,Adventure
2193,Comedy
2193,Historical
2193,Drama
2193,Romance
2193,Fantasy
2194,Hentai
2195,Hentai
2196,Action
2196,Adventure
2196,Fantasy
2196,Magic
2196,Mecha
2196,Sci-Fi
2198,Comedy
2198,Magic
2198,Romance
2198,Seinen
2198,Supernatural
2199,Adventure
2199,Drama
2199,Fantasy
2200,Action
2200,Mecha
2200,Drama
2200,Sci-Fi
2200,Shounen
2201,Action
2201,Adventure
2201,Kids
2201,Drama
2201,Fantasy
2202,Action
2202,Adventure
2202,Drama
2202,Sci-Fi
2202,Space
2203,Action
2203,Adventure
2203,Drama
2203,Sci-Fi
2203,Space
2204,Mystery
2204,Horror
2204,Thriller
2204,Shounen
2205,Action
2205,Comedy
2205,Mecha
2205,Sci-Fi
2205,Shounen
2206,Sci-Fi
2206,Comedy
2207,Adventure
2207,Comedy
2207,Fantasy
2208,Drama
2208,Hentai
2208,Romance
2209,Action
2209,Martial Arts
2209,Hentai
2210,Romance
2210,Drama
2211,Adventure
2212,Action
2212,Sci-Fi
2212,Mecha
2213,Drama
2214,Action
2214,Drama
2215,Mecha
2215,Sci-Fi
2216,Action
2216,Historical
2216,Psychological
2216,Drama
2216,Martial Arts
2216,Samurai
2216,Seinen
2217,Sci-Fi
2217,Harem
2217,Comedy
2217,Romance
2217,Ecchi
2218,Drama
2218,Music
2218,Psychological
2218,Romance
2218,Slice of Life
2218,Yaoi
2219,Dementia
2219,Psychological
2219,Drama
2219,Romance
2219,Shoujo
2219,Shounen Ai
2220,Drama
2220,Shounen Ai
2221,Comedy
2221,Romance
2221,Shoujo
2222,Sci-Fi
2222,Slice of Life
2222,Comedy
2222,Shounen
2223,Slice of Life
2223,Fantasy
2224,Music
2224,Romance
2224,Shoujo
2224,Sports
2225,Slice of Life
2225,Historical
2225,Drama
2226,Fantasy
2226,Kids
2227,Historical
2227,Drama
2227,Shoujo
2228,Comedy
2228,Sports
2229,Adventure
2229,Comedy
2229,Demons
2229,Magic
2229,Martial Arts
2229,Fantasy
2229,Shounen
2230,Adventure
2230,Drama
2230,Magic
2230,Shoujo
2231,Romance
2231,School
2231,Shounen
2232,Comedy
2233,Comedy
2233,Kids
2234,Action
2234,Comedy
2234,Kids
2234,Mecha
2234,Parody
2234,Sci-Fi
2234,Shounen
2235,Drama
2235,Psychological
2235,Sci-Fi
2236,Adventure
2236,Drama
2236,Romance
2236,Sci-Fi
2237,Comedy
2237,Mystery
2238,Drama
2238,Historical
2238,Romance
2238,Samurai
2238,Yaoi
2239,Hentai
2240,Hentai
2243,Action
2243,Adventure
2243,Historical
2243,Drama
2244,Comedy
2244,Historical
2245,Romance
2245,Drama
2245,Sci-Fi
2246,Mystery
2246,Historical
2246,Horror
2246,Demons
2246,Psychological
2246,Supernatural
2246,Fantasy
2246,Seinen
2248,Action
2248,Comedy
2248,Sports
2248,Martial Arts
2248,Fantasy
2248,Shounen
2249,Action
2249,Adventure
2249,Fantasy
2250,Sci-Fi
2250,Space
2250,Horror
2251,Action
2251,Comedy
2251,Historical
2251,Mystery
2251,Supernatural
2252,Action
2252,Horror
2252,Demons
2252,Supernatural
2253,Action
2253,Drama
2253,Mecha
2253,Sci-Fi
2253,Shounen
2254,Military
2254,Sci-Fi
2254,Mecha
2254,Shounen
2255,Action
2255,Sci-Fi
2255,Mecha
2256,Action
2256,Drama
2256,Mecha
2257,Mecha
2257,Military
2257,Drama
2257,Sci-Fi
2257,Shounen
2258,Comedy
2258,Mecha
2258,Sci-Fi
2258,Shounen
2259,Comedy
2259,Fantasy
2259,Magic
2259,Romance
2259,School
2259,Shoujo
2260,Ecchi
2260,Mecha
2260,Comedy
2260,Sci-Fi
2261,Horror
2261,Psychological
2261,Sci-Fi
2262,Action
2262,Sci-Fi
2262,Horror
2262,Police
2262,Supernatural
2263,Adventure
2263,Comedy
2263,Sci-Fi
2263,Shounen
2264,Adventure
2264,Fantasy
2266,Hentai
2267,Mecha
2267,Mystery
2269,Action
2269,Space
2269,Mecha
2269,Military
2269,Sci-Fi
2272,Magic
2272,Shoujo
2273,Action
2273,Space
2273,Mecha
2273,Military
2273,Drama
2273,Sci-Fi
2274,Music
2275,Hentai
2276,Hentai
2277,Adventure
2277,Comedy
2277,Magic
2277,Fantasy
2278,Comedy
2278,Magic
2279,Adventure
2279,Fantasy
2279,Kids
2280,Comedy
2280,Parody
2281,Adventure
2281,Comedy
2281,Fantasy
2281,Mystery
2281,Sci-Fi
2281,Shounen
2282,Historical
2283,Action
2283,Martial Arts
2283,Mecha
2283,Sci-Fi
2283,Shounen
2283,Sports
2284,Adventure
2284,Comedy
2284,Mecha
2284,Sci-Fi
2284,Shounen
2285,Action
2285,Adventure
2285,Kids
2285,Mecha
2285,Sci-Fi
2285,Shounen
2286,Adventure
2286,Fantasy
2287,Game
2287,Adventure
2287,Comedy
2287,Fantasy
2287,Shounen
2288,Adventure
2288,Mecha
2288,Sci-Fi
2288,Shoujo
2289,Adventure
2289,Comedy
2289,Mecha
2289,Sci-Fi
2290,Adventure
2290,Fantasy
2291,Action
2291,Sci-Fi
2291,Ecchi
2291,Mecha
2292,Action
2292,Adventure
2292,Sci-Fi
2293,Action
2293,Sci-Fi
2293,Horror
2293,Super Power
2294,Action
2294,Space
2294,Mecha
2294,Romance
2294,Military
2294,Drama
2294,Sci-Fi
2298,Action
2298,Drama
2298,Mecha
2298,Sci-Fi
2299,Action
2299,Mecha
2299,Sci-Fi
2299,Shounen
2300,Action
2300,Mecha
2300,Sci-Fi
2300,Shounen
2301,Action
2301,Mecha
2301,Sci-Fi
2301,Shounen
2302,Mecha
2302,Parody
2302,Sci-Fi
2303,Mecha
2303,Parody
2303,Sci-Fi
2304,Mecha
2304,Parody
2304,Sci-Fi
2305,Mecha
2305,Parody
2305,Sci-Fi
2306,Comedy
2306,Parody
2306,Mecha
2307,Action
2307,Ecchi
2307,Comedy
2307,Mecha
2308,Harem
2308,Historical
2308,Supernatural
2308,Drama
2308,Ecchi
2308,Mecha
2309,Comedy
2309,Sci-Fi
2309,Slice of Life
2309,Sports
2310,Mecha
2310,Sci-Fi
2311,Adventure
2312,Action
2312,Romance
2312,Sci-Fi
2313,Adventure
2313,Comedy
2313,Fantasy
2313,Kids
2314,Adventure
2314,Drama
2315,Action
2315,Adventure
2315,Hentai
2315,Horror
2315,Sci-Fi
2316,Sports
2317,Comedy
2317,Ecchi
2317,Shoujo Ai
2318,Action
2318,Military
2318,Seinen
2319,Action
2319,Adventure
2319,Sci-Fi
2321,Action
2321,Sci-Fi
2321,Super Power
2321,Drama
2321,Mecha
2321,Shounen
2322,Comedy
2322,Ecchi
2322,Mecha
2322,Parody
2322,Sci-Fi
2322,Shounen
2322,Super Power
2324,Action
2324,Demons
2324,Hentai
2325,Adventure
2325,Hentai
2325,Magic
2325,Sci-Fi
2326,Hentai
2327,Hentai
2328,Hentai
2329,Hentai
2330,Adventure
2330,Fantasy
2330,Comedy
2331,Action
2331,Adventure
2331,Sci-Fi
2331,Space
2332,Action
2332,Adventure
2332,Comedy
2332,Ecchi
2332,Mecha
2332,Military
2332,Romance
2332,Sci-Fi
2333,Adventure
2333,Drama
2333,Historical
2333,Romance
2334,Adventure
2334,Historical
2334,Romance
2335,Action
2335,Comedy
2335,Fantasy
2335,Martial Arts
2335,Shounen
2336,Game
2336,Comedy
2336,Supernatural
2336,Shounen
2337,Sci-Fi
2337,Adventure
2337,Historical
2337,Drama
2337,Mecha
2337,Shounen
2338,Hentai
2338,Horror
2338,Demons
2339,Hentai
2339,Horror
2339,Demons
2340,Hentai
2340,Supernatural
2341,Action
2341,Demons
2341,Drama
2341,Hentai
2342,Fantasy
2342,Hentai
2342,Demons
2342,Horror
2342,Sci-Fi
2343,Fantasy
2343,Hentai
2343,Demons
2343,Horror
2343,Sci-Fi
2344,Fantasy
2344,Hentai
2344,Demons
2344,Horror
2344,Sci-Fi
2345,Fantasy
2345,Hentai
2345,Demons
2345,Horror
2346,Action
2346,Dementia
2346,Drama
2346,Horror
2346,Martial Arts
2346,Psychological
2346,Seinen
2348,Hentai
2349,Hentai
2349,Psychological
2350,Hentai
2350,Demons
2351,Hentai
2352,Hentai
2353,Hentai
2354,Demons
2354,Horror
2354,Sci-Fi
2354,Supernatural
2355,Demons
2355,Horror
2355,Sci-Fi
2355,Supernatural
2356,Demons
2356,Horror
2356,Psychological
2356,Supernatural
2357,Hentai
2359,Action
2359,Hentai
2359,Demons
2359,Drama
2360,Demons
2360,Fantasy
2360,Hentai
2360,Horror
2360,Sci-Fi
2361,Action
2361,Sci-Fi
2361,Adventure
2361,Space
2361,Mecha
2362,Action
2362,Mecha
2362,Sci-Fi
2363,Adventure
2363,Comedy
2363,Kids
2363,Fantasy
2364,Action
2364,Adventure
2364,Mecha
2364,Police
2364,Sci-Fi
2365,Adventure
2365,Fantasy
2365,Magic
2366,Supernatural
2367,Comedy
2367,Ecchi
2367,Magic
2367,School
2368,Hentai
2369,Mystery
2369,Supernatural
2369,Fantasy
2370,Hentai
2371,Hentai
2372,Drama
2372,Hentai
2373,Fantasy
2373,Hentai
2373,Supernatural
2374,Hentai
2374,School
2375,Hentai
2375,School
2376,Hentai
2377,Hentai
2378,Hentai
2379,Hentai
2380,Hentai
2382,Action
2382,Military
2382,Sci-Fi
2382,Adventure
2382,Mecha
2383,Action
2383,Adventure
2383,Romance
2383,Sci-Fi
2384,Comedy
2384,Supernatural
2384,Ecchi
2385,Comedy
2385,Fantasy
2385,Shounen
2386,Comedy
2386,Fantasy
2386,Shounen
2386,Sports
2387,Drama
2387,Romance
2388,Comedy
2389,Action
2389,Adventure
2389,Sci-Fi
2389,Shounen
2390,Action
2390,Adventure
2390,Comedy
2390,Parody
2390,Fantasy
2391,Adventure
2391,Comedy
2391,Fantasy
2391,Mecha
2392,Adventure
2392,Comedy
2392,Kids
2393,Adventure
2393,Comedy
2393,Fantasy
2393,Kids
2394,Hentai
2395,Hentai
2396,Hentai
2397,Sci-Fi
2397,Adventure
2397,Comedy
2397,Kids
2398,Adventure
2398,Comedy
2398,Drama
2398,Kids
2398,Sci-Fi
2399,Adventure
2399,Comedy
2399,Kids
2400,Comedy
2400,Supernatural
2402,Action
2402,Drama
2402,Shounen
2402,Slice of Life
2402,Sports
2403,Comedy
2403,Drama
2403,Ecchi
2403,School
2404,Action
2404,Horror
2404,Shounen
2404,Supernatural
2405,Drama
2405,Shoujo
2406,Slice of Life
2406,Comedy
2407,Comedy
2407,Kids
2407,Sci-Fi
2407,Shounen
2408,Action
2408,Adventure
2408,Comedy
2408,Drama
2408,Sci-Fi
2408,Shounen
2409,Adventure
2409,Comedy
2409,Fantasy
2409,Magic
2410,Hentai
2410,Sci-Fi
2411,Hentai
2412,Hentai
2413,Hentai
2414,Sci-Fi
2414,Comedy
2414,Police
2415,Adventure
2415,Sports
2416,Adventure
2416,Sports
2417,Comedy
2417,Drama
2417,Romance
2417,Yaoi
2418,Action
2418,Adventure
2418,Historical
2418,Samurai
2419,Romance
2419,Sci-Fi
2419,Seinen
2420,Drama
2420,Sci-Fi
2420,Seinen
2420,Space
2421,Comedy
2421,Fantasy
2422,Action
2422,Sci-Fi
2422,Adventure
2422,Comedy
2422,Shounen
2423,Action
2423,Military
2423,Sci-Fi
2423,Drama
2423,Shounen
2424,Comedy
2424,Shoujo
2427,Adventure
2427,Fantasy
2427,Kids
2428,Adventure
2428,Kids
2428,Fantasy
2429,Adventure
2429,Fantasy
2429,Kids
2430,Hentai
2431,Hentai
2432,Hentai
2432,School
2432,Yuri
2433,Hentai
2434,Hentai
2435,Hentai
2435,School
2436,Hentai
2437,Hentai
2437,Fantasy
2438,Hentai
2439,Hentai
2440,Hentai
2441,Fantasy
2441,Harem
2441,Hentai
2441,Magic
2441,Supernatural
2442,Fantasy
2442,Harem
2442,Hentai
2442,Magic
2442,Supernatural
2443,Hentai
2444,Hentai
2445,Hentai
2446,Hentai
2447,Hentai
2448,Action
2448,Sci-Fi
2448,Mecha
2449,Action
2449,Sci-Fi
2449,Mystery
2449,Police
2449,Psychological
2449,Mecha
2449,Seinen
2450,Comedy
2450,Sci-Fi
2450,Seinen
2451,Action
2451,Adventure
2451,Sci-Fi
2451,Space
2452,Action
2452,Adventure
2452,Sci-Fi
2452,Space
2453,Action
2453,Mecha
2453,Military
2453,Drama
2453,Sci-Fi
2454,Comedy
2454,Drama
2454,Romance
2454,Shounen
2454,Slice of Life
2455,Sci-Fi
2456,Adventure
2456,Drama
2456,Fantasy
2456,Music
2457,Comedy
2457,Magic
2457,Seinen
2458,Magic
2458,Comedy
2458,Romance
2458,School
2458,Drama
2459,Comedy
2459,Drama
2459,Romance
2459,Seinen
2460,Comedy
2460,Drama
2460,Romance
2460,Seinen
2461,Action
2461,Mecha
2461,Sci-Fi
2462,Action
2462,Martial Arts
2464,Adventure
2464,Comedy
2464,Fantasy
2465,Military
2465,Music
2465,Comedy
2465,Parody
2466,Parody
2467,Adventure
2468,Romance
2468,Drama
2469,Comedy
2469,Hentai
2469,Yuri
2470,Action
2470,Sci-Fi
2470,Adventure
2470,Space
2470,Drama
2471,Adventure
2471,Comedy
2471,Fantasy
2471,Kids
2471,Sci-Fi
2471,Shounen
2472,Action
2472,Adventure
2472,Comedy
2472,Fantasy
2472,Shounen
2473,Action
2473,Adventure
2473,Comedy
2473,Magic
2473,Mecha
2473,Sci-Fi
2474,Action
2474,Adventure
2474,Comedy
2474,Magic
2474,Mecha
2474,Sci-Fi
2475,Action
2475,Sci-Fi
2476,Harem
2476,Drama
2476,Romance
2476,School
2479,Action
2479,Demons
2479,Fantasy
2479,Hentai
2480,Action
2480,Fantasy
2480,Hentai
2480,Demons
2482,Action
2482,Sci-Fi
2482,Space
2482,Mecha
2483,Action
2483,Adventure
2483,Martial Arts
2483,Samurai
2484,Action
2484,Adventure
2484,Mecha
2484,School
2484,Sci-Fi
2484,Space
2485,Fantasy
2485,Magic
2485,Comedy
2485,Romance
2486,Comedy
2486,Drama
2486,Romance
2486,Shounen
2486,Slice of Life
2486,Supernatural
2487,Sci-Fi
2487,Adventure
2487,Drama
2487,Fantasy
2488,Adventure
2488,Fantasy
2489,Comedy
2489,Magic
2489,Fantasy
2490,Comedy
2490,Fantasy
2490,Shounen
2490,Sports
2491,Drama
2491,Romance
2491,Sports
2492,Drama
2492,Romance
2492,Sports
2493,Drama
2493,School
2493,Sports
2494,Harem
2494,Comedy
2494,Ecchi
2494,Fantasy
2495,Slice of Life
2495,Music
2495,Drama
2497,Adventure
2497,Comedy
2497,Ecchi
2497,Magic
2497,Sci-Fi
2498,Comedy
2498,Drama
2498,School
2498,Shounen
2498,Slice of Life
2498,Sports
2499,Comedy
2499,Drama
2499,School
2499,Shounen
2499,Slice of Life
2499,Sports
2500,Historical
2500,Military
2501,Adventure
2501,Comedy
2503,Adventure
2503,Comedy
2503,Shounen
2505,Hentai
2506,Hentai
2507,Hentai
2508,Comedy
2508,Parody
2508,Slice of Life
2510,Action
2510,Sci-Fi
2510,Parody
2510,Mecha
2511,Action
2511,Sci-Fi
2512,Adventure
2512,Mystery
2512,Comedy
2512,Police
2512,Shounen
2513,Adventure
2513,Mystery
2513,Comedy
2513,Police
2513,Shounen
2514,Adventure
2514,Mystery
2514,Police
2514,Shounen
2515,Adventure
2515,Mystery
2515,Comedy
2515,Police
2515,Shounen
2516,Space
2516,Mecha
2516,Military
2516,Sci-Fi
2516,Shounen
2517,Drama
2517,Historical
2517,Romance
2517,Seinen
2517,Slice of Life
2518,Comedy
2520,Fantasy
2520,Comedy
2520,Super Power
2520,Shounen
2521,Action
2521,Mecha
2521,Sci-Fi
2522,Magic
2522,Adventure
2522,Comedy
2522,Sci-Fi
2522,Shounen
2523,Adventure
2523,Drama
2523,Fantasy
2523,Martial Arts
2523,Romance
2523,Supernatural
2524,Action
2524,Ecchi
2524,Adventure
2524,Magic
2524,Comedy
2525,Comedy
2525,Ecchi
2526,Ecchi
2526,Slice of Life
2526,Comedy
2526,Romance
2526,Supernatural
2527,Action
2527,Comedy
2527,Ecchi
2527,Fantasy
2527,Magic
2527,Romance
2527,Sci-Fi
2527,Shounen
2528,Adventure
2528,Ecchi
2528,Fantasy
2529,Parody
2529,Adventure
2529,Fantasy
2529,Comedy
2530,Hentai
2530,Yuri
2531,Hentai
2532,Hentai
2533,Hentai
2534,Sci-Fi
2534,Harem
2534,Drama
2534,Romance
2534,Fantasy
2534,Shoujo
2535,Adventure
2535,Comedy
2535,Drama
2535,Fantasy
2535,Romance
2535,Sci-Fi
2535,Shoujo
2536,Sci-Fi
2536,Harem
2536,Drama
2536,Magic
2536,Romance
2536,Fantasy
2536,Shoujo
2537,Fantasy
2537,Sci-Fi
2537,Shoujo
2538,Drama
2538,Fantasy
2538,Mystery
2538,Romance
2538,School
2539,Hentai
2540,Comedy
2540,Hentai
2541,Hentai
2542,Drama
2542,Historical
2542,Romance
2542,Shoujo
2543,Adventure
2543,Historical
2543,Romance
2544,Adventure
2544,Drama
2544,Historical
2544,Slice of Life
2545,Adventure
2545,Historical
2545,Drama
2546,Slice of Life
2546,Historical
2546,Drama
2547,Slice of Life
2547,Historical
2547,Drama
2547,Shoujo
2548,Drama
2548,Historical
2548,Slice of Life
2549,Slice of Life
2549,Historical
2549,Drama
2549,Shoujo
2550,Comedy
2550,Parody
2551,Hentai
2551,Sci-Fi
2552,Comedy
2552,Seinen
2552,Slice of Life
2553,Drama
2553,Historical
2553,Slice of Life
2554,Drama
2554,Historical
2554,Slice of Life
2555,Slice of Life
2555,Drama
2555,Shoujo
2556,Adventure
2556,Drama
2557,Drama
2557,Historical
2557,Music
2557,Romance
2558,Drama
2558,Historical
2558,School
2558,Slice of Life
2559,Adventure
2559,Drama
2559,Historical
2559,Slice of Life
2560,Action
2560,Drama
2560,Sci-Fi
2560,Shounen
2560,Space
2561,Action
2561,Adventure
2561,Sci-Fi
2561,Shounen
2562,Drama
2562,Game
2562,Mystery
2562,Thriller
2563,Sci-Fi
2563,Slice of Life
2563,Fantasy
2563,Shounen
2564,Comedy
2564,Romance
2564,School
2564,Sci-Fi
2564,Slice of Life
2565,Adventure
2565,Shounen
2566,Comedy
2566,School
2566,Shounen
2567,Adventure
2567,Kids
2568,Drama
2569,Adventure
2569,Drama
2570,Kids
2570,Slice of Life
2570,Comedy
2570,Historical
2570,School
2570,Shoujo
2571,Adventure
2571,Comedy
2571,Kids
2572,Adventure
2572,Kids
2572,Fantasy
2573,Slice of Life
2573,Adventure
2573,Drama
2574,Adventure
2574,Fantasy
2575,Adventure
2575,Kids
2575,Slice of Life
2576,Drama
2576,Historical
2576,Slice of Life
2577,Adventure
2577,Slice of Life
2577,Historical
2577,Drama
2578,Adventure
2578,Fantasy
2578,Comedy
2578,Kids
2579,Adventure
2579,Historical
2579,Kids
2579,Romance
2580,Comedy
2580,Dementia
2580,Slice of Life
2581,Action
2581,Military
2581,Sci-Fi
2581,Space
2581,Drama
2581,Mecha
2582,Action
2582,Space
2582,Mecha
2582,Military
2582,Drama
2582,Sci-Fi
2583,Action
2583,Drama
2583,Mecha
2583,Military
2583,Sci-Fi
2584,Action
2584,Drama
2584,Mecha
2584,Military
2584,Sci-Fi
2585,Drama
2585,Mecha
2585,Military
2585,Sci-Fi
2586,Drama
2586,Mecha
2586,Military
2586,Sci-Fi
2588,Hentai
2589,Action
2589,Sci-Fi
2589,Adventure
2589,Comedy
2589,Super Power
2589,Shounen
2590,Hentai
2591,Adventure
2591,Historical
2591,Samurai
2591,Shounen
2592,Action
2592,Horror
2592,Sci-Fi
2592,Shounen Ai
2592,Supernatural
2592,Vampire
2593,Action
2593,Mystery
2593,Supernatural
2593,Thriller
2594,Adventure
2594,Music
2594,Comedy
2594,Drama
2594,School
2594,Seinen
2595,Drama
2595,Ecchi
2595,Romance
2595,School
2596,Sci-Fi
2596,Mystery
2596,Psychological
2596,Supernatural
2597,Adventure
2597,Police
2597,Comedy
2597,Mystery
2597,Shounen
2598,Action
2598,Sci-Fi
2598,Adventure
2598,Space
2598,Drama
2598,Mecha
2598,Shounen
2599,Action
2599,Sci-Fi
2599,Adventure
2599,Space
2599,Drama
2599,Mecha
2599,Shounen
2600,Action
2600,Sci-Fi
2600,Adventure
2600,Space
2600,Drama
2600,Mecha
2600,Shounen
2601,Action
2601,Mecha
2601,Sci-Fi
2601,Shounen
2602,Comedy
2602,Sports
2602,Ecchi
2602,School
2602,Shounen
2603,Action
2603,Sci-Fi
2603,Fantasy
2604,Mecha
2604,Military
2604,Sci-Fi
2605,Comedy
2605,Parody
2605,School
2605,Shounen
2606,Action
2606,Adventure
2606,Comedy
2606,Fantasy
2606,Shounen
2607,Action
2607,Sci-Fi
2607,Adventure
2607,Comedy
2608,Action
2608,Cars
2608,Seinen
2608,Sports
2609,Harem
2609,Drama
2609,Romance
2609,School
2610,Drama
2610,Harem
2610,Hentai
2610,Romance
2611,Comedy
2611,Kids
2612,Kids
2612,Magic
2613,Adventure
2613,Drama
2613,Sci-Fi
2614,Sci-Fi
2614,Adventure
2614,Drama
2615,Comedy
2615,Romance
2615,School
2616,Kids
2617,Comedy
2618,Adventure
2618,Mystery
2618,Historical
2618,Drama
2619,Action
2619,Adventure
2619,Mecha
2620,Action
2620,Adventure
2620,Mecha
2621,Drama
2621,Romance
2621,Shoujo
2621,Shounen Ai
2622,Action
2622,Military
2622,Sci-Fi
2622,Space
2623,Drama
2623,Historical
2624,Drama
2624,Historical
2625,Kids
2625,Fantasy
2625,Comedy
2625,Sci-Fi
2625,Shounen
2626,Fantasy
2627,Kids
2627,Comedy
2627,Sci-Fi
2627,Shounen
2628,Fantasy
2629,Comedy
2629,Kids
2629,Sci-Fi
2629,Shounen
2630,Comedy
2630,Kids
2630,Sci-Fi
2630,Shounen
2631,Kids
2631,Fantasy
2631,Sports
2631,Comedy
2631,Sci-Fi
2631,Shounen
2632,Sci-Fi
2632,Adventure
2632,Comedy
2632,Kids
2632,Shounen
2633,Adventure
2633,Comedy
2633,Fantasy
2633,Kids
2633,Sci-Fi
2633,Shounen
2634,Comedy
2634,Fantasy
2634,Kids
2634,Sci-Fi
2634,Shounen
2635,Comedy
2635,Fantasy
2635,Kids
2635,Sci-Fi
2635,Shounen
2636,Fantasy
2637,Kids
2637,Adventure
2637,Fantasy
2637,Comedy
2637,Shounen
2638,Kids
2638,Adventure
2638,Fantasy
2638,Comedy
2638,Shounen
2639,Fantasy
2640,Kids
2640,Adventure
2640,Fantasy
2640,Comedy
2640,Shounen
2641,Kids
2641,Adventure
2641,Fantasy
2641,Comedy
2641,Shounen
2642,Kids
2642,Fantasy
2644,Adventure
2644,Comedy
2644,Fantasy
2644,Kids
2644,Shounen
2645,Kids
2645,Adventure
2645,Fantasy
2645,Comedy
2645,Sci-Fi
2645,Shounen
2646,Fantasy
2647,Kids
2647,Fantasy
2648,Kids
2648,Fantasy
2648,Comedy
2649,Comedy
2649,Fantasy
2649,Kids
2649,Sci-Fi
2649,Shounen
2650,Adventure
2650,Fantasy
2650,Kids
2650,Sci-Fi
2650,Shounen
2651,Comedy
2651,Kids
2651,Fantasy
2652,Kids
2652,Fantasy
2652,Comedy
2652,Sci-Fi
2652,Shounen
2653,Adventure
2653,Comedy
2653,Fantasy
2653,Kids
2653,Shounen
2654,Adventure
2654,Fantasy
2654,Kids
2654,Shounen
2655,Adventure
2655,Comedy
2655,Fantasy
2655,Kids
2655,Shounen
2656,Adventure
2656,Comedy
2656,Kids
2656,Sci-Fi
2657,Adventure
2657,Comedy
2657,Fantasy
2657,Kids
2657,Shounen
2658,Adventure
2658,Fantasy
2658,Kids
2658,Sci-Fi
2658,Shounen
2659,Fantasy
2660,Fantasy
2661,Adventure
2661,Comedy
2662,Adventure
2662,Comedy
2662,Fantasy
2662,Kids
2662,Shounen
2664,Adventure
2664,Comedy
2664,Fantasy
2664,Kids
2664,Sci-Fi
2664,Shounen
2665,Adventure
2665,Comedy
2665,Kids
2665,Fantasy
2665,Mecha
2665,Shounen
2666,Adventure
2666,Comedy
2666,Fantasy
2666,Kids
2666,Shounen
2667,Fantasy
2668,Adventure
2668,Comedy
2668,Fantasy
2668,Kids
2668,Shounen
2668,Space
2669,Fantasy
2669,Space
2670,Adventure
2670,Comedy
2670,Fantasy
2670,Kids
2670,Shounen
2671,Adventure
2672,Fantasy
2673,Adventure
2673,Comedy
2673,Fantasy
2674,Adventure
2674,Comedy
2674,Fantasy
2674,Kids
2674,Sci-Fi
2674,Shounen
2675,Fantasy
2676,Adventure
2676,Fantasy
2676,Kids
2676,Sci-Fi
2676,Shounen
2677,Adventure
2677,Comedy
2677,Fantasy
2677,Kids
2677,Sci-Fi
2677,Shounen
2678,Adventure
2678,Fantasy
2678,Kids
2678,Shounen
2679,Comedy
2679,Sci-Fi
2680,Adventure
2680,Fantasy
2680,Shounen
2681,Comedy
2681,Hentai
2681,Sci-Fi
2681,Space
2682,Action
2682,Sports
2682,Shounen
2683,Action
2683,Mystery
2683,Horror
2683,Drama
2683,Martial Arts
2683,Fantasy
2683,School
2684,Action
2684,Sci-Fi
2684,Sports
2684,Shounen
2685,Action
2685,Adventure
2685,Drama
2685,Romance
2685,Fantasy
2685,Shounen
2686,Adventure
2686,Mecha
2686,Sci-Fi
2686,Shounen
2687,Comedy
2687,Fantasy
2688,Action
2688,Military
2688,Sci-Fi
2688,Adventure
2689,Sci-Fi
2689,Adventure
2690,Action
2690,Mystery
2690,Seinen
2691,Adventure
2691,Fantasy
2692,Action
2692,Parody
2692,Comedy
2693,Comedy
2693,Fantasy
2694,Action
2694,Historical
2694,Drama
2694,Samurai
2694,Seinen
2695,Action
2695,Sci-Fi
2695,Adventure
2695,Space
2695,Mecha
2696,Action
2696,Sci-Fi
2696,Adventure
2697,Action
2697,Sci-Fi
2698,Action
2698,Police
2698,Thriller
2698,Drama
2698,Seinen
2699,Action
2699,Comedy
2699,Sci-Fi
2700,Action
2700,Comedy
2700,Sci-Fi
2701,Comedy
2701,Kids
2702,Game
2702,Adventure
2702,Kids
2703,Shounen
2703,Sports
2704,Action
2704,Mecha
2704,Mystery
2704,Police
2705,Adventure
2705,Cars
2705,Sports
2705,Shounen
2706,Cars
2706,Sports
2706,Shounen
2707,Adventure
2707,Kids
2708,Comedy
2708,Fantasy
2708,Kids
2709,Cars
2709,Shounen
2709,Sports
2710,Comedy
2710,Shounen
2712,Comedy
2712,Romance
2713,Action
2713,Adventure
2713,Game
2713,Mecha
2713,Sci-Fi
2713,Shounen
2714,Drama
2714,School
2715,Adventure
2716,Comedy
2716,Shounen
2717,Action
2717,Adventure
2717,Space
2717,Drama
2717,Sci-Fi
2718,Adventure
2718,Fantasy
2718,Shounen
2719,Action
2719,Kids
2719,Fantasy
2719,Comedy
2719,Romance
2721,Comedy
2721,Hentai
2722,Action
2722,Sci-Fi
2722,Adventure
2722,Space
2723,Action
2723,Sci-Fi
2723,Comedy
2723,Magic
2723,Mecha
2724,Action
2724,Sci-Fi
2724,Adventure
2724,Music
2724,Mecha
2725,Comedy
2725,Magic
2725,Parody
2725,Police
2725,Sci-Fi
2725,Shounen
2725,Space
2726,Action
2726,Police
2726,Drama
2726,School
2726,Shoujo
2727,Action
2727,Comedy
2727,Magic
2727,School
2727,Shoujo
2728,Music
2729,Music
2729,Drama
2729,Shoujo
2730,Harem
2730,Comedy
2730,Romance
2730,Ecchi
2730,Seinen
2731,Action
2731,Parody
2731,Mecha
2732,Comedy
2732,Drama
2733,Parody
2734,Action
2734,Mecha
2735,Action
2735,Mecha
2735,Sci-Fi
2735,Shounen
2736,Comedy
2736,Fantasy
2736,Sci-Fi
2737,Action
2737,Super Power
2737,Drama
2738,Kids
2738,Fantasy
2739,Drama
2739,Fantasy
2739,Super Power
2740,Action
2740,Sports
2740,Drama
2740,Shounen
2741,Action
2741,Sports
2741,Drama
2741,Shounen
2742,Comedy
2742,Kids
2742,Sci-Fi
2743,Parody
2743,Comedy
2744,Comedy
2744,School
2744,Seinen
2745,Action
2745,Supernatural
2745,Comedy
2745,School
2745,Demons
2745,Horror
2745,Shounen
2746,Action
2746,Military
2746,Sci-Fi
2747,Action
2747,Sci-Fi
2747,Adventure
2747,Drama
2747,Mecha
2747,Shounen
2748,Comedy
2748,Sports
2748,Ecchi
2748,Shounen
2749,Adventure
2749,Comedy
2750,Adventure
2750,Comedy
2751,Slice of Life
2751,Fantasy
2751,Drama
2752,Action
2752,Comedy
2752,Sports
2753,Historical
2753,Drama
2754,Action
2754,Adventure
2754,Sci-Fi
2755,Sci-Fi
2755,Hentai
2755,Historical
2756,Sci-Fi
2756,Drama
2756,Fantasy
2757,Action
2757,Fantasy
2757,Comedy
2758,Mecha
2758,Sci-Fi
2758,Shounen
2758,Sports
2759,Action
2759,Sci-Fi
2759,Psychological
2759,Drama
2759,Mecha
2760,Sci-Fi
2760,Space
2760,Drama
2760,Mecha
2761,Sci-Fi
2761,Space
2761,Drama
2761,Mecha
2762,Action
2762,Adventure
2762,Comedy
2762,Romance
2762,School
2762,Shounen
2765,Action
2765,Military
2766,Adventure
2766,Magic
2766,Comedy
2767,Fantasy
2767,Kids
2767,Psychological
2767,Slice of Life
2768,Action
2768,Fantasy
2768,Magic
2768,Comedy
2768,Romance
2768,Music
2768,Drama
2769,Action
2769,Adventure
2769,Sci-Fi
2770,Action
2770,Sci-Fi
2770,Adventure
2770,Space
2771,Slice of Life
2771,Comedy
2771,Romance
2771,School
2771,Shoujo
2772,Action
2772,Fantasy
2772,Shounen
2775,Action
2775,Sci-Fi
2775,Horror
2775,Psychological
2775,Mecha
2776,Action
2776,Adventure
2776,Demons
2776,Fantasy
2776,Magic
2777,Action
2777,Military
2777,Adventure
2777,Romance
2777,Fantasy
2778,Action
2778,Adventure
2778,Fantasy
2778,Magic
2779,Drama
2779,School
2780,Action
2780,Adventure
2780,Comedy
2780,School
2780,Supernatural
2781,Mystery
2781,Psychological
2781,Supernatural
2782,Action
2782,Adventure
2782,Fantasy
2782,Magic
2782,Shounen
2783,Adventure
2783,Fantasy
2783,Shoujo
2784,Harem
2784,Comedy
2784,Magic
2784,Romance
2784,Ecchi
2785,Action
2785,Military
2785,Sci-Fi
2785,Drama
2785,Shoujo
2786,Action
2786,Demons
2786,Fantasy
2786,Game
2786,Shounen
2787,Action
2787,Supernatural
2787,Drama
2787,Romance
2787,Fantasy
2787,School
2788,Drama
2788,Hentai
2788,Romance
2788,Sci-Fi
2789,Adventure
2789,Fantasy
2789,Game
2789,Kids
2790,Comedy
2790,Ecchi
2790,School
2791,Action
2791,Comedy
2791,School
2792,Adventure
2792,Fantasy
2793,Sci-Fi
2793,Adventure
2793,Space
2793,Drama
2793,Romance
2793,Fantasy
2794,Hentai
2795,Action
2795,Drama
2795,Fantasy
2795,Mecha
2795,Romance
2795,Sci-Fi
2796,Comedy
2796,Kids
2797,Action
2797,Martial Arts
2797,Shounen
2798,Hentai
2799,Adventure
2799,Romance
2799,Shoujo
2800,Slice of Life
2800,Drama
2800,Shoujo
2801,Slice of Life
2801,Drama
2801,Shoujo
2802,Slice of Life
2802,Drama
2802,Shoujo
2803,Mecha
2803,Sci-Fi
2803,Shounen
2804,Adventure
2804,Magic
2804,Fantasy
2804,Shoujo
2805,Slice of Life
2805,Comedy
2805,Kids
2805,Magic
2805,Fantasy
2806,Adventure
2806,Comedy
2806,Fantasy
2808,Action
2808,Sci-Fi
2808,Mecha
2808,Shounen
2809,Adventure
2809,Comedy
2809,Kids
2810,Kids
2810,Historical
2810,Drama
2810,Shoujo
2811,Adventure
2811,Drama
2811,Mecha
2811,Sci-Fi
2813,Adventure
2813,Comedy
2813,Kids
2813,Drama
2813,Fantasy
2814,Comedy
2814,Kids
2815,Comedy
2815,Kids
2816,Adventure
2816,Drama
2816,Mecha
2816,Romance
2816,Sci-Fi
2816,Shounen
2817,Adventure
2817,Kids
2817,Romance
2817,Fantasy
2818,Action
2818,Sci-Fi
2818,Comedy
2818,Magic
2818,Fantasy
2818,Mecha
2818,Shounen
2819,Action
2819,Adventure
2819,Fantasy
2819,Shounen
2820,Action
2820,Kids
2820,Adventure
2820,Comedy
2821,Hentai
2822,Comedy
2823,Fantasy
2823,Comedy
2824,Adventure
2824,Comedy
2825,Adventure
2825,Fantasy
2825,Magic
2825,Romance
2826,Adventure
2826,Kids
2826,Fantasy
2827,Comedy
2828,Adventure
2828,Drama
2828,Historical
2828,Kids
2828,Slice of Life
2829,Adventure
2829,Slice of Life
2829,Historical
2829,Drama
2830,Slice of Life
2830,Adventure
2830,Drama
2831,Slice of Life
2831,Adventure
2831,Drama
2832,Slice of Life
2832,Adventure
2832,Fantasy
2832,Magic
2832,Game
2832,Martial Arts
2832,Comedy
2832,Mecha
2832,Super Power
2832,Supernatural
2832,School
2832,Drama
2832,Sci-Fi
2833,Adventure
2833,Sci-Fi
2834,Drama
2834,Magic
2834,Shoujo
2835,Adventure
2835,Comedy
2835,Romance
2835,Shoujo
2835,Shounen Ai
2836,Adventure
2836,Comedy
2836,Historical
2836,Kids
2837,Action
2837,Comedy
2837,Mecha
2837,Sci-Fi
2838,Adventure
2838,Fantasy
2838,Hentai
2838,Romance
2839,Action
2839,Comedy
2839,Mecha
2839,Sci-Fi
2840,Comedy
2840,Parody
2841,Hentai
2842,Adventure
2842,Fantasy
2847,Action
2847,Adventure
2847,Comedy
2847,Drama
2847,Fantasy
2847,Kids
2848,Adventure
2848,Demons
2848,Shounen
2851,Action
2851,Adventure
2851,Comedy
2851,Historical
2851,Martial Arts
2851,Shounen
2852,Hentai
2858,Hentai
2859,Hentai
2861,Hentai
2862,Hentai
2863,Hentai
2864,Hentai
2866,Hentai
2867,Hentai
2868,Hentai
2869,Hentai
2870,Hentai
2871,Hentai
2871,School
2872,Hentai
2873,Hentai
2874,Hentai
2875,Hentai
2876,Fantasy
2876,Kids
2881,Action
2881,Military
2881,Drama
2881,Seinen
2882,Kids
2882,Adventure
2882,Fantasy
2882,Historical
2882,Sci-Fi
2883,Hentai
2883,Parody
2884,Action
2884,Comedy
2885,Comedy
2885,Shounen
2889,Action
2889,Adventure
2889,Comedy
2889,Super Power
2889,Supernatural
2889,Shounen
2890,Adventure
2890,Fantasy
2891,Fantasy
2892,Comedy
2892,Fantasy
2894,Hentai
2895,Adventure
2896,Hentai
2897,Comedy
2899,Mystery
2901,Action
2901,Comedy
2901,Mystery
2901,Police
2903,Action
2903,Comedy
2903,Martial Arts
2903,School
2903,Shounen
2904,Action
2904,Military
2904,Sci-Fi
2904,Super Power
2904,Drama
2904,Mecha
2905,Super Power
2905,Ecchi
2905,Martial Arts
2905,School
2906,Action
2906,Sci-Fi
2906,Space
2906,Mecha
2907,Comedy
2907,Sci-Fi
2910,Comedy
2910,Ecchi
2911,Drama
2911,Magic
2911,Romance
2911,Shounen
2912,Slice of Life
2912,Comedy
2913,Adventure
2913,Drama
2915,Drama
2915,Historical
2916,Mecha
2916,Shounen
2917,Comedy
2917,Hentai
2920,Action
2920,Drama
2920,Shounen
2920,Sports
2921,Action
2921,Drama
2921,Shounen
2921,Slice of Life
2921,Sports
2922,Drama
2922,Sports
2923,Comedy
2923,Magic
2923,School
2923,Shoujo
2924,Mystery
2924,Drama
2924,Romance
2926,Drama
2926,Romance
2926,School
2927,Drama
2927,Romance
2927,School
2928,Magic
2928,Adventure
2928,Fantasy
2928,Game
2928,Sci-Fi
2928,Drama
2929,Adventure
2929,Drama
2929,Sci-Fi
2929,Space
2930,Comedy
2931,Slice of Life
2931,Supernatural
2931,Mystery
2933,Action
2933,Sci-Fi
2933,Comedy
2933,Police
2934,Comedy
2935,Hentai
2936,Hentai
2937,Shoujo
2938,Music
2941,Action
2941,Mecha
2941,Sci-Fi
2942,Slice of Life
2942,Comedy
2943,Hentai
2943,School
2944,Dementia
2944,Fantasy
2944,Hentai
2944,Horror
2945,Hentai
2946,Action
2946,Mecha
2946,Hentai
2946,Military
2946,Historical
2947,Kids
2947,Magic
2947,Shoujo
2948,Kids
2948,Magic
2948,Shoujo
2950,Kids
2950,Slice of Life
2951,Action
2951,Sci-Fi
2951,Comedy
2951,Historical
2951,Parody
2951,Samurai
2951,Mecha
2951,Shounen
2952,Action
2952,Fantasy
2952,Super Power
2953,Music
2953,Slice of Life
2953,Kids
2954,Comedy
2955,Hentai
2956,Hentai
2957,Hentai
2958,Hentai
2959,Hentai
2959,Yuri
2960,Hentai
2961,Action
2961,Fantasy
2961,Kids
2961,Sci-Fi
2962,Adventure
2962,Fantasy
2962,Kids
2962,Sci-Fi
2963,Slice of Life
2963,Comedy
2963,School
2964,Sci-Fi
2964,Drama
2964,Shoujo Ai
2965,Mystery
2965,Sci-Fi
2966,Adventure
2966,Fantasy
2966,Historical
2966,Romance
2967,Comedy
2967,Ecchi
2967,Mystery
2967,School
2967,Supernatural
2969,Action
2969,Mecha
2969,Military
2969,Sci-Fi
2970,Adventure
2970,Fantasy
2970,Magic
2970,Shounen
2971,Adventure
2971,Comedy
2971,Demons
2971,Fantasy
2971,Shoujo
2972,Adventure
2972,Military
2972,Demons
2972,Mystery
2973,Fantasy
2973,Sci-Fi
2974,Space
2974,Mecha
2974,Drama
2974,Sci-Fi
2977,Fantasy
2977,Hentai
2977,Demons
2977,Horror
2978,Action
2978,Adventure
2978,Mecha
2978,Sci-Fi
2978,Demons
2978,Horror
2978,Shounen
2979,Hentai
2980,Action
2980,Adventure
2980,Fantasy
2980,Magic
2980,Mecha
2981,Drama
2981,Historical
2981,Horror
2982,Hentai
2982,School
2983,Adventure
2983,Mystery
2983,Horror
2983,Demons
2983,Psychological
2983,Supernatural
2983,Drama
2983,Fantasy
2983,School
2985,Mystery
2985,Comedy
2985,Demons
2985,Supernatural
2985,Shounen
2986,Comedy
2986,School
2986,Seinen
2986,Sports
2987,Action
2987,Sci-Fi
2987,Adventure
2987,Space
2987,Mecha
2988,Action
2988,Hentai
2988,Horror
2988,Supernatural
2989,Hentai
2989,School
2990,Hentai
2991,Hentai
2993,Harem
2993,Comedy
2993,Romance
2993,Ecchi
2993,Vampire
2993,Fantasy
2993,School
2993,Shounen
2994,Mystery
2994,Police
2994,Psychological
2994,Supernatural
2994,Thriller
2997,Historical
2997,Drama
2997,Fantasy
2998,Sci-Fi
2998,Space
2998,Drama
2998,Fantasy
2999,Drama
2999,Historical
3000,Action
3000,Comedy
3000,Police
3000,Shounen
3001,Comedy
3001,School
3001,Seinen
3001,Supernatural
3002,Game
3002,Psychological
3002,Thriller
3002,Seinen
3003,Drama
3003,Fantasy
3004,Magic
3004,Fantasy
3005,Adventure
3005,Drama
3005,Fantasy
3005,Shounen
3006,Comedy
3006,Slice of Life
3007,Music
3007,Shounen Ai
3008,Adventure
3008,Comedy
3008,Mecha
3009,Action
3009,Drama
3009,Shounen
3009,Sports
3010,Adventure
3010,Historical
3010,Shounen
3011,Romance
3011,School
3012,Sports
3012,Shounen
3014,Action
3014,Military
3014,Sci-Fi
3014,Space
3015,Action
3015,Military
3015,Sci-Fi
3015,Space
3015,Drama
3016,Action
3016,Drama
3016,Military
3016,Sci-Fi
3016,Space
3019,Action
3019,Adventure
3019,Mystery
3019,Comedy
3019,Seinen
3020,Comedy
3020,School
3020,Shounen
3020,Slice of Life
3021,Action
3021,Comedy
3021,Super Power
3021,Romance
3021,School
3022,Action
3022,Romance
3022,School
3022,Sci-Fi
3023,Comedy
3023,Ecchi
3023,Magic
3023,School
3023,Super Power
3023,Supernatural
3024,Action
3024,Mystery
3024,Romance
3024,Fantasy
3024,Shoujo
3025,Action
3025,Fantasy
3025,Magic
3026,Sci-Fi
3026,Comedy
3026,Drama
3026,Romance
3027,Action
3027,Adventure
3027,Drama
3027,Martial Arts
3028,Action
3028,Fantasy
3028,Military
3028,Sci-Fi
3031,Adventure
3031,Comedy
3031,Drama
3031,Fantasy
3031,Shounen
3032,Adventure
3032,Drama
3032,Sci-Fi
3032,Shounen
3033,Adventure
3033,Comedy
3033,Sci-Fi
3033,Shounen
3034,Hentai
3035,Action
3035,Sci-Fi
3035,Demons
3036,Action
3036,Adventure
3036,Comedy
3036,Romance
3036,Shounen
3037,Comedy
3037,Fantasy
3038,Hentai
3038,Fantasy
3039,Hentai
3040,Comedy
3040,Hentai
3040,Yuri
3043,Fantasy
3043,Romance
3043,Shoujo
3044,Action
3044,Sci-Fi
3044,Adventure
3044,Mecha
3044,Shounen
3046,Hentai
3048,Hentai
3048,School
3050,Hentai
3050,School
3051,Fantasy
3051,Music
3051,Romance
3051,Shoujo
3053,Comedy
3053,Drama
3053,Shounen
3053,Sports
3054,Adventure
3054,Historical
3054,Drama
3054,Shoujo
3056,Hentai
3057,Comedy
3057,Supernatural
3057,Romance
3057,Fantasy
3057,Josei
3057,Shounen Ai
3058,Hentai
3058,Comedy
3059,Adventure
3059,Mecha
3059,Sci-Fi
3059,Shounen
3059,Space
3060,Action
3060,Sci-Fi
3060,Mecha
3061,Adventure
3061,Mecha
3061,Historical
3061,Sci-Fi
3062,Hentai
3063,Hentai
3064,Action
3064,Adventure
3064,Seinen
3064,Thriller
3065,Action
3065,Adventure
3065,Fantasy
3065,Comedy
3066,Hentai
3067,Action
3067,Military
3067,Sci-Fi
3067,Space
3067,Drama
3069,Action
3069,Military
3069,Sci-Fi
3069,Adventure
3069,Space
3069,Drama
3070,Action
3070,Fantasy
3070,Mecha
3070,Military
3070,Sci-Fi
3070,Space
3071,Action
3071,Military
3071,Sci-Fi
3071,Space
3071,Drama
3072,Action
3072,Military
3072,Sci-Fi
3072,Adventure
3072,Space
3072,Drama
3073,Kids
3073,Comedy
3074,Fantasy
3074,Hentai
3075,Adventure
3075,Historical
3075,Sci-Fi
3076,Magic
3076,Romance
3076,Shoujo
3077,Comedy
3077,Psychological
3077,Supernatural
3077,Drama
3077,Seinen
3078,Hentai
3078,Comedy
3078,Magic
3078,Romance
3079,Space
3079,Mecha
3079,Military
3079,Sci-Fi
3080,Action
3080,Parody
3081,Action
3081,Romance
3081,Shoujo
3081,Sports
3082,Hentai
3085,Sci-Fi
3085,Comedy
3085,Ecchi
3086,Action
3086,Sci-Fi
3086,Fantasy
3087,Action
3087,Sci-Fi
3088,Slice of Life
3088,Romance
3089,Drama
3089,Military
3090,Comedy
3090,Magic
3090,Romance
3090,Seinen
3090,Supernatural
3091,Mystery
3091,Comedy
3091,Psychological
3091,Supernatural
3091,Drama
3092,Comedy
3092,Drama
3092,Romance
3092,Shounen Ai
3093,Hentai
3094,Hentai
3095,Ecchi
3095,Comedy
3095,Supernatural
3098,Action
3098,Mecha
3098,Sci-Fi
3099,Action
3099,Fantasy
3099,Mecha
3099,Super Power
3100,Action
3100,Parody
3101,Action
3101,Sci-Fi
3101,Adventure
3101,Cars
3101,Sports
3101,Mecha
3101,Shounen
3102,Hentai
3104,Action
3104,Military
3104,Sci-Fi
3105,Hentai
3107,Hentai
3108,Hentai
3109,Adventure
3109,Comedy
3109,Fantasy
3109,Hentai
3110,Drama
3110,Historical
3111,Drama
3111,Seinen
3111,Sports
3112,Ecchi
3112,Magic
3112,Comedy
3112,Parody
3113,Comedy
3113,Slice of Life
3114,Action
3114,Adventure
3114,Comedy
3114,Kids
3114,Mecha
3114,Sci-Fi
3114,Shounen
3114,Super Power
3115,Action
3115,Adventure
3115,Romance
3115,Sci-Fi
3116,Action
3116,Cars
3116,Sports
3116,Kids
3116,Shounen
3120,Drama
3120,Romance
3120,Slice of Life
3121,Comedy
3121,Ecchi
3121,School
3125,Comedy
3125,Fantasy
3125,Romance
3125,Shoujo
3125,Vampire
3127,Action
3127,Adventure
3127,Comedy
3129,Comedy
3129,Horror
3130,Comedy
3130,Horror
3130,Kids
3131,Sports
3131,Shounen
3132,Adventure
3132,Historical
3135,Action
3135,Adventure
3135,Fantasy
3135,Mecha
3135,Sci-Fi
3136,Parody
3136,Magic
3136,Comedy
3137,Adventure
3137,Sports
3138,Comedy
3138,Drama
3140,Fantasy
3140,Hentai
3140,Military
3146,Adventure
3146,Mecha
3146,Military
3146,Sci-Fi
3146,Shounen
3147,Action
3147,Drama
3151,Adventure
3151,Mecha
3151,Sci-Fi
3152,Action
3152,Adventure
3152,Psychological
3152,Sci-Fi
3153,Action
3153,Adventure
3153,Sci-Fi
3153,Shounen
3154,Action
3154,Adventure
3154,Martial Arts
3154,Sci-Fi
3154,Shounen
3154,Super Power
3155,Action
3155,Comedy
3155,Kids
3155,Shoujo
3157,Action
3157,Comedy
3157,Ecchi
3157,Fantasy
3157,Harem
3157,Magic
3157,Romance
3159,Slice of Life
3159,Comedy
3159,Romance
3159,School
3160,Hentai
3160,Yuri
3162,Adventure
3162,Drama
3162,Historical
3162,Slice of Life
3164,Slice of Life
3164,Comedy
3164,School
3165,Slice of Life
3165,Comedy
3165,School
3165,Seinen
3166,Action
3166,Sci-Fi
3166,Horror
3166,Fantasy
3167,Sci-Fi
3167,Slice of Life
3171,Hentai
3174,Comedy
3174,Romance
3174,Slice of Life
3174,Supernatural
3175,Action
3175,Adventure
3175,Comedy
3175,Sci-Fi
3175,Drama
3176,Adventure
3176,Drama
3176,Fantasy
3176,Horror
3176,Magic
3176,Music
3176,Sci-Fi
3176,Supernatural
3178,Action
3178,Adventure
3178,Demons
3178,Fantasy
3178,Horror
3178,Shoujo
3178,Supernatural
3180,Comedy
3180,Fantasy
3180,Kids
3182,Comedy
3182,Josei
3182,Romance
3182,Slice of Life
3183,Action
3183,Sci-Fi
3183,Adventure
3183,Space
3183,Drama
3183,Shounen
3185,Adventure
3185,Comedy
3185,Fantasy
3185,Magic
3186,Drama
3186,Romance
3186,Fantasy
3190,Sci-Fi
3190,Shounen
3192,Action
3192,Sci-Fi
3192,Adventure
3192,Fantasy
3193,Action
3193,Sci-Fi
3193,Adventure
3193,Comedy
3193,Shounen
3194,Drama
3194,Fantasy
3194,Kids
3194,Romance
3196,Drama
3196,Historical
3196,Kids
3196,Shoujo
3196,Slice of Life
3199,Slice of Life
3199,Adventure
3201,Fantasy
3201,Kids
3202,Fantasy
3202,Kids
3203,Comedy
3203,School
3203,Shoujo
3205,Ecchi
3210,Comedy
3210,Romance
3210,Yaoi
3211,Comedy
3211,Hentai
3211,Yuri
3213,Action
3213,Comedy
3213,Shounen
3213,Sports
3214,Action
3214,Adventure
3214,Super Power
3215,Historical
3218,Adventure
3218,Shounen
3218,Supernatural
3219,Sci-Fi
3219,Slice of Life
3219,Comedy
3219,School
3220,Dementia
3220,Drama
3220,Hentai
3220,Historical
3221,Adventure
3221,Comedy
3221,Parody
3221,Fantasy
3222,Action
3222,Mecha
3222,Sci-Fi
3222,Super Power
3223,Action
3223,Mecha
3223,Sci-Fi
3223,Super Power
3225,Comedy
3225,School
3225,Slice of Life
3226,Comedy
3226,Drama
3226,Shounen
3226,Sports
3227,Action
3227,Fantasy
3227,Military
3227,Historical
3227,Shoujo
3228,Comedy
3228,Parody
3228,School
3228,Shounen
3229,Comedy
3229,Ecchi
3229,Harem
3229,Parody
3229,Romance
3230,Adventure
3230,Comedy
3230,Fantasy
3231,Action
3231,Drama
3231,Military
3231,Sci-Fi
3232,Action
3232,Adventure
3232,Comedy
3232,Mecha
3232,Sci-Fi
3232,Seinen
3234,Action
3234,Sci-Fi
3234,Seinen
3235,Action
3235,Space
3235,Super Power
3235,Sci-Fi
3235,Shounen
3239,Parody
3239,Fantasy
3239,Comedy
3239,Romance
3239,Hentai
3239,Drama
3239,Sci-Fi
3239,Yuri
3243,Comedy
3243,Seinen
3245,Mystery
3245,Shounen
3247,Ecchi
3247,Comedy
3247,Harem
3247,Romance
3248,Action
3248,Supernatural
3248,Historical
3248,Drama
3250,Hentai
3251,Action
3251,Kids
3252,Sci-Fi
3252,Mecha
3254,Action
3254,Drama
3254,Hentai
3254,Horror
3254,Mystery
3254,Police
3254,Romance
3254,Sci-Fi
3256,Mecha
3256,Military
3256,Sci-Fi
3256,Space
3258,Space
3258,Horror
3258,Sci-Fi
3259,Ecchi
3264,Ecchi
3265,Magic
3265,Romance
3265,Comedy
3266,Comedy
3266,Drama
3266,Romance
3267,Fantasy
3268,Sci-Fi
3269,Action
3269,Fantasy
3269,Game
3269,Sci-Fi
3270,Drama
3270,Mecha
3270,Sci-Fi
3270,Shounen
3270,Sports
3271,Sci-Fi
3271,Adventure
3271,Mecha
3272,Adventure
3272,Comedy
3272,Sports
3272,Shounen
3273,Action
3273,Comedy
3273,Sports
3273,Shounen
3274,Action
3274,Comedy
3274,Sports
3274,Shounen
3275,Action
3275,Comedy
3275,Sports
3275,Shounen
3276,Action
3276,Comedy
3276,Sports
3276,Shounen
3277,Action
3277,Comedy
3277,Sports
3277,Shounen
3278,Action
3278,Comedy
3278,Sports
3278,Shounen
3279,Action
3279,Comedy
3279,Sports
3279,Shounen
3280,Action
3280,Comedy
3280,Sports
3280,Shounen
3281,Action
3281,Comedy
3281,Sports
3281,Shounen
3285,Magic
3285,School
3285,Shoujo
3286,Hentai
3287,Sci-Fi
3287,Mecha
3288,Action
3288,Military
3288,Space
3288,Mecha
3290,Fantasy
3290,Comedy
3290,Kids
3292,Comedy
3292,School
3292,Seinen
3294,Space
3294,Mecha
3294,Military
3294,Mystery
3294,Sci-Fi
3295,Adventure
3295,Comedy
3295,Parody
3297,Sci-Fi
3297,Slice of Life
3297,Fantasy
3297,Shounen
3298,Adventure
3298,Comedy
3298,Drama
3298,Romance
3298,Fantasy
3298,Josei
3299,Harem
3299,Romance
3299,School
3300,Action
3300,Fantasy
3300,Comedy
3300,Hentai
3300,Demons
3301,Hentai
3301,Magic
3301,Romance
3301,School
3302,Hentai
3302,Supernatural
3303,Hentai
3303,School
3305,Mecha
3305,Sci-Fi
3306,Romance
3306,Drama
3306,Seinen
3307,Hentai
3307,Mecha
3308,Action
3308,Hentai
3309,Hentai
3309,Historical
3309,Mystery
3312,Slice of Life
3312,Comedy
3312,Sci-Fi
3312,Shounen
3313,Adventure
3313,Mystery
3313,Comedy
3313,Historical
3315,Action
3315,Sci-Fi
3315,Police
3315,Mecha
3317,Sci-Fi
3317,Adventure
3318,Drama
3318,Romance
3320,Shoujo
3322,Adventure
3322,Fantasy
3322,Shounen
3322,Supernatural
3323,Action
3323,Sci-Fi
3323,Drama
3324,Hentai
3325,Action
3325,Mecha
3325,Sci-Fi
3325,Shounen
3326,Dementia
3326,Drama
3326,Historical
3326,Psychological
3327,Action
3327,Adventure
3327,Mecha
3327,Sci-Fi
3328,Comedy
3328,Parody
3328,Magic
3328,Ecchi
3329,Adventure
3329,Fantasy
3329,Comedy
3329,Hentai
3332,Comedy
3332,Shounen
3334,Hentai
3335,Drama
3335,Historical
3335,Romance
3335,Shoujo
3335,Slice of Life
3336,Fantasy
3342,Action
3342,Horror
3342,Sci-Fi
3342,Shoujo Ai
3342,Supernatural
3345,Slice of Life
3345,Comedy
3345,Romance
3345,Shoujo
3349,Action
3349,Comedy
3349,Sci-Fi
3349,Super Power
3350,Hentai
3352,Action
3352,Adventure
3352,Comedy
3352,Mecha
3352,Sci-Fi
3354,Action
3354,Horror
3354,Supernatural
3354,Shounen
3355,Adventure
3356,Magic
3356,Fantasy
3356,School
3356,Shoujo
3358,Comedy
3358,Drama
3358,Martial Arts
3359,Action
3359,Demons
3359,Fantasy
3359,Historical
3359,Shoujo
3359,Supernatural
3361,Action
3361,Sci-Fi
3361,Mecha
3362,Magic
3363,Action
3363,Sci-Fi
3366,Action
3366,Sci-Fi
3366,Super Power
3367,Historical
3369,Game
3369,Historical
3369,Shounen
3370,Hentai
3370,Romance
3371,Action
3371,Military
3371,Sci-Fi
3371,Space
3371,Drama
3372,Adventure
3375,Comedy
3375,Drama
3375,Romance
3375,Yaoi
3377,Hentai
3378,Hentai
3379,Hentai
3380,Hentai
3381,Sci-Fi
3381,Adventure
3382,Hentai
3383,Hentai
3384,Hentai
3385,Hentai
3388,Magic
3388,Shoujo
3389,Action
3390,Sci-Fi
3390,Adventure
3390,Fantasy
3391,Comedy
3391,Ecchi
3391,School
3392,Harem
3392,Music
3392,Romance
3392,School
3392,Shoujo
3393,Hentai
3394,Romance
3394,Drama
3394,Shounen
3396,Drama
3396,Hentai
3396,Mystery
3396,Romance
3398,Action
3398,Martial Arts
3398,Super Power
3398,Sci-Fi
3399,Action
3399,Mecha
3399,Sci-Fi
3399,Space
3401,Adventure
3401,Fantasy
3402,Action
3402,Comedy
3402,Hentai
3402,Super Power
3403,Hentai
3406,Comedy
3406,Mecha
3406,Sci-Fi
3407,Action
3407,Sci-Fi
3410,Comedy
3410,Mecha
3410,Military
3410,Sci-Fi
3411,Hentai
3411,Psychological
3414,Comedy
3417,Comedy
3417,Ecchi
3417,Magic
3418,Action
3418,Comedy
3418,Parody
3419,Comedy
3419,Ecchi
3419,Martial Arts
3419,Romance
3420,Drama
3420,Fantasy
3420,Psychological
3420,Supernatural
3420,Thriller
3421,Comedy
3421,Drama
3421,School
3421,Shoujo
3422,Hentai
3424,Drama
3424,Historical
3424,Kids
3424,Slice of Life
3425,Adventure
3425,Slice of Life
3425,Kids
3427,Hentai
3427,Horror
3427,Supernatural
3428,Hentai
3428,Horror
3429,Mecha
3429,Sci-Fi
3430,Action
3430,Mecha
3430,Sci-Fi
3432,Action
3432,Adventure
3432,Comedy
3432,Mecha
3433,Sci-Fi
3433,Sports
3434,Adventure
3434,Cars
3434,Kids
3435,Historical
3435,Mystery
3435,Shoujo
3436,Adventure
3436,Kids
3436,Sci-Fi
3437,Comedy
3437,Shounen
3438,Action
3438,Shounen
3438,Sports
3439,Hentai
3442,Hentai
3444,Action
3444,Sci-Fi
3444,Space
3444,Super Power
3446,Action
3446,Horror
3446,Sci-Fi
3447,Sci-Fi
3447,Comedy
3447,Mecha
3448,Action
3448,Police
3449,Slice of Life
3449,Comedy
3449,Supernatural
3449,Drama
3451,Adventure
3451,Sci-Fi
3452,Hentai
3454,Hentai
3455,Sci-Fi
3455,Harem
3455,Comedy
3455,Romance
3455,Ecchi
3455,School
3455,Shounen
3456,Romance
3456,School
3456,Shoujo Ai
3457,Drama
3457,Mystery
3457,Romance
3457,Shoujo
3457,Supernatural
3457,Vampire
3458,Cars
3458,Comedy
3458,Police
3458,Kids
3460,Kids
3460,Adventure
3460,Fantasy
3461,Adventure
3461,Fantasy
3462,Drama
3462,Shoujo
3462,Slice of Life
3463,Sci-Fi
3464,Action
3464,Comedy
3464,Ecchi
3464,Romance
3464,School
3464,Sci-Fi
3464,Shounen
3465,Drama
3465,Historical
3465,Military
3466,Adventure
3466,Psychological
3466,Fantasy
3467,Comedy
3467,Romance
3468,Drama
3468,Romance
3468,School
3468,Shoujo
3468,Shoujo Ai
3468,Slice of Life
3469,Slice of Life
3469,Romance
3469,School
3469,Drama
3469,Shoujo
3469,Shoujo Ai
3470,Comedy
3470,Romance
3470,School
3470,Shoujo
3472,Comedy
3473,Parody
3474,Parody
3475,Historical
3475,Horror
3475,Martial Arts
3475,Samurai
3478,Hentai
3479,Action
3479,Demons
3479,Hentai
3479,Martial Arts
3479,Supernatural
3480,Action
3480,Sci-Fi
3480,Shoujo
3481,Action
3481,Mecha
3481,Sci-Fi
3481,Shounen
3482,Sports
3482,Comedy
3482,School
3483,Comedy
3483,Drama
3483,Romance
3483,Seinen
3484,Comedy
3484,Drama
3484,Romance
3484,Seinen
3485,Sci-Fi
3485,Comedy
3485,Mecha
3486,Action
3486,Sci-Fi
3486,Adventure
3486,Mecha
3488,Drama
3488,Historical
3488,Romance
3490,Sci-Fi
3493,Adventure
3496,Historical
3496,Fantasy
3497,Romance
3498,Action
3498,Historical
3498,Demons
3498,Martial Arts
3498,Samurai
3499,Adventure
3499,Sci-Fi
3499,Shounen
3500,Comedy
3501,Adventure
3501,Fantasy
3501,Historical
3501,Romance
3503,Comedy
3503,Ecchi
3503,Harem
3503,Romance
3503,School
3503,Shounen
3503,Slice of Life
3503,Supernatural
3505,Action
3505,Adventure
3505,Martial Arts
3505,Mecha
3505,Super Power
3505,School
3506,Dementia
3506,Music
3506,Sci-Fi
3507,Dementia
3507,Drama
3507,Music
3507,Psychological
3507,School
3507,Supernatural
3508,Action
3508,Sci-Fi
3508,Music
3508,Dementia
3508,Psychological
3508,Romance
3508,Fantasy
3508,Mecha
3509,Action
3509,Martial Arts
3509,Super Power
3509,Seinen
3511,Action
3511,Martial Arts
3511,Super Power
3511,Seinen
3512,Comedy
3512,Drama
3512,Shoujo
3513,Slice of Life
3513,Romance
3513,Supernatural
3514,Comedy
3515,Action
3515,Fantasy
3515,Shounen
3515,Super Power
3516,Slice of Life
3516,Comedy
3517,Slice of Life
3517,Comedy
3518,Fantasy
3518,Kids
3519,Comedy
3522,Action
3522,Sci-Fi
3522,Super Power
3525,Action
3525,Sci-Fi
3525,Music
3525,Dementia
3525,Horror
3526,Adventure
3526,Fantasy
3526,Magic
3526,Hentai
3527,Hentai
3529,Hentai
3530,Hentai
3531,Hentai
3532,Hentai
3533,Action
3533,Magic
3534,Action
3534,Demons
3534,Hentai
3534,Magic
3534,Supernatural
3535,Comedy
3536,Demons
3536,Hentai
3536,Horror
3537,Hentai
3538,Hentai
3539,Hentai
3540,Hentai
3541,Hentai
3542,Hentai
3543,Hentai
3545,Slice of Life
3545,Comedy
3545,Police
3546,Comedy
3546,Police
3547,Comedy
3547,Police
3549,Action
3549,Adventure
3549,Shounen
3550,Sports
3550,Comedy
3551,Hentai
3553,Action
3553,Demons
3553,Fantasy
3553,Hentai
3556,Hentai
3557,Hentai
3558,Harem
3558,Hentai
3558,Drama
3558,Romance
3559,Hentai
3560,Hentai
3561,Adventure
3561,Mecha
3561,Sci-Fi
3561,Shounen
3562,Hentai
3563,Hentai
3564,Hentai
3565,Hentai
3566,Hentai
3567,Hentai
3568,Comedy
3568,Shounen
3568,Sports
3569,Hentai
3569,Horror
3570,Adventure
3570,Fantasy
3570,Kids
3570,Slice of Life
3571,Adventure
3571,Cars
3572,Action
3572,Space
3572,Mecha
3572,Romance
3572,Military
3572,Music
3572,Sci-Fi
3573,Magic
3573,Parody
3574,Action
3574,Mystery
3574,Police
3575,Comedy
3575,Parody
3576,Adventure
3576,Kids
3576,Fantasy
3577,Comedy
3577,Sci-Fi
3578,Hentai
3579,Action
3579,Sci-Fi
3579,Mecha
3579,Shounen
3580,Hentai
3581,Hentai
3582,Hentai
3583,Hentai
3584,Demons
3584,Hentai
3586,Hentai
3587,Hentai
3588,Action
3588,Fantasy
3588,Comedy
3588,Supernatural
3588,Shounen
3593,Action
3593,Comedy
3593,Fantasy
3594,Action
3594,Adventure
3594,Fantasy
3594,Magic
3595,Action
3595,Demons
3595,Horror
3596,Action
3596,Sci-Fi
3597,Comedy
3597,Drama
3597,Magic
3597,Romance
3597,Fantasy
3599,Action
3599,Demons
3599,Horror
3600,Action
3600,Demons
3600,Martial Arts
3602,Action
3602,Drama
3602,Sci-Fi
3602,Space
3603,Action
3603,Adventure
3603,Horror
3603,Shounen
3603,Vampire
3604,Slice of Life
3604,Comedy
3604,School
3604,Seinen
3605,Action
3605,Martial Arts
3605,Romance
3605,Shoujo
3609,Action
3609,Sci-Fi
3609,Adventure
3609,Space
3609,Mecha
3609,Shounen
3613,Action
3613,Military
3613,Comedy
3613,Romance
3614,Mystery
3614,Police
3614,Supernatural
3615,Comedy
3615,Fantasy
3615,Harem
3615,Romance
3615,Shoujo
3616,Action
3616,Comedy
3616,Ecchi
3616,Super Power
3618,Comedy
3619,Comedy
3619,Parody
3619,Romance
3619,Super Power
3620,Comedy
3620,Parody
3622,Hentai
3622,Fantasy
3624,Adventure
3625,Action
3625,Horror
3625,Super Power
3625,Demons
3625,Supernatural
3625,Martial Arts
3626,Action
3626,Military
3626,Sci-Fi
3626,Adventure
3626,Space
3626,Psychological
3626,Drama
3626,Mecha
3627,Fantasy
3627,Comedy
3627,Harem
3627,Romance
3627,Drama
3628,Hentai
3630,Comedy
3630,Magic
3630,School
3630,Sci-Fi
3630,Shoujo
3630,Super Power
3631,Adventure
3631,Fantasy
3633,Comedy
3633,Hentai
3633,School
3635,Space
3635,Hentai
3635,Sci-Fi
3636,Hentai
3637,Action
3637,Sci-Fi
3637,Adventure
3637,Shounen
3638,Adventure
3638,Comedy
3639,Hentai
3640,Action
3640,Comedy
3640,Ecchi
3641,Kids
3641,Romance
3641,School
3641,Shoujo
3641,Slice of Life
3641,Supernatural
3642,Harem
3642,Music
3642,Ecchi
3642,Fantasy
3642,Seinen
3643,Hentai
3644,Hentai
3645,Hentai
3646,Historical
3648,Hentai
3649,Hentai
3652,Mystery
3652,Comedy
3652,Psychological
3652,Supernatural
3652,Thriller
3653,Action
3653,Mecha
3653,Sci-Fi
3654,Comedy
3654,Ecchi
3654,Fantasy
3654,Romance
3654,School
3654,Supernatural
3655,Action
3655,Fantasy
3655,Supernatural
3655,Comedy
3655,Drama
3655,Shounen
3656,Action
3656,Shounen Ai
3656,Supernatural
3659,Adventure
3659,Comedy
3660,Comedy
3660,Fantasy
3660,Kids
3660,Magic
3660,Shoujo
3661,Action
3661,Sci-Fi
3661,Romance
3665,Action
3665,Military
3665,Sci-Fi
3665,Space
3665,Drama
3667,Action
3667,Ecchi
3667,Magic
3667,Military
3667,Sci-Fi
3668,Fantasy
3668,School
3669,Adventure
3669,Kids
3670,Action
3670,Mecha
3670,Military
3671,Action
3671,Mecha
3671,Music
3672,Comedy
3672,Super Power
3672,Sci-Fi
3672,Shounen
3673,Action
3673,Adventure
3673,Mystery
3674,Comedy
3674,Parody
3674,School
3675,Action
3675,Drama
3675,Fantasy
3675,Sci-Fi
3675,Space
3676,Action
3676,Martial Arts
3676,Mecha
3676,Sci-Fi
3676,Space
3679,Hentai
3680,Hentai
3681,Demons
3681,Hentai
3681,Supernatural
3683,Comedy
3684,Sci-Fi
3685,Music
3686,Comedy
3686,School
3689,Sci-Fi
3689,Adventure
3689,Comedy
3689,Mecha
3690,Adventure
3690,Comedy
3690,Mecha
3690,Romance
3691,Slice of Life
3691,Kids
3691,Shoujo
3692,Action
3692,Magic
3692,Fantasy
3692,School
3692,Shoujo
3695,Fantasy
3701,Adventure
3701,Mystery
3701,Romance
3701,Sci-Fi
3702,Music
3702,Comedy
3702,Seinen
3704,Comedy
3704,Kids
3705,Hentai
3706,Hentai
3707,Hentai
3710,Horror
3710,Supernatural
3711,Hentai
3711,School
3712,Action
3712,Adventure
3712,Harem
3712,Comedy
3712,Magic
3712,Romance
3712,Ecchi
3712,Fantasy
3712,School
3713,Mystery
3713,Psychological
3713,Supernatural
3720,Fantasy
3720,Kids
3723,Comedy
3724,Game
3726,Action
3726,Adventure
3726,Drama
3726,Historical
3727,Adventure
3727,Comedy
3728,Hentai
3729,Hentai
3731,Comedy
3731,Romance
3731,Shoujo
3734,Drama
3734,Shoujo
3735,Action
3735,Sci-Fi
3735,Space
3735,Comedy
3735,Parody
3735,Mecha
3735,School
3736,Comedy
3736,Fantasy
3737,Adventure
3737,Comedy
3738,Adventure
3738,Comedy
3743,Parody
3743,Mystery
3743,Vampire
3744,Historical
3744,Drama
3744,Romance
3744,Samurai
3744,Seinen
3745,Action
3745,Adventure
3745,Comedy
3745,Seinen
3747,Hentai
3747,Supernatural
3747,School
3750,School
3750,Shoujo
3750,Shoujo Ai
3750,Slice of Life
3751,Fantasy
3751,Kids
3752,Adventure
3752,Kids
3754,Fantasy
3754,Magic
3754,Shoujo
3755,Fantasy
3755,Kids
3757,Adventure
3757,Fantasy
3758,Adventure
3758,Kids
3759,Comedy
3759,Romance
3759,School
3760,Adventure
3760,Fantasy
3761,Adventure
3761,Historical
3762,Action
3762,Sci-Fi
3762,Demons
3763,Action
3763,Sci-Fi
3763,Demons
3764,Action
3764,Demons
3764,Sci-Fi
3764,Shounen
3765,Adventure
3765,Fantasy
3765,Shoujo
3768,Action
3768,Sports
3768,Shounen
3769,Action
3769,Sports
3769,Shounen
3771,Hentai
3772,Mecha
3772,Sci-Fi
3776,School
3778,Mystery
3778,Comedy
3778,School
3778,Shoujo
3782,Action
3782,Mystery
3782,Supernatural
3782,Romance
3782,Thriller
3783,Action
3783,Mystery
3783,Supernatural
3783,Drama
3783,Thriller
3784,Action
3784,Sci-Fi
3784,Psychological
3784,Drama
3784,Mecha
3785,Action
3785,Sci-Fi
3785,Psychological
3785,Drama
3785,Mecha
3786,Action
3786,Sci-Fi
3786,Psychological
3786,Drama
3786,Mecha
3787,Comedy
3787,Sci-Fi
3787,Super Power
3791,Sports
3791,Shounen
3793,Hentai
3795,Hentai
3799,Comedy
3800,Cars
3800,Sports
3800,Drama
3801,Vampire
3802,Hentai
3802,Supernatural
3805,Magic
3806,Action
3806,Adventure
3806,Comedy
3806,Sports
3806,Romance
3806,Martial Arts
3807,Historical
3807,Drama
3807,Romance
3807,Shoujo
3808,Cars
3808,Sports
3808,Shounen
3809,Adventure
3809,Fantasy
3809,Romance
3810,Adventure
3810,Fantasy
3810,Comedy
3811,Adventure
3812,Kids
3812,Adventure
3813,Fantasy
3813,Mystery
3813,Romance
3813,Shoujo
3816,Action
3816,Ecchi
3817,Sci-Fi
3817,Space
3818,Sci-Fi
3818,Music
3818,Space
3819,Music
3819,Drama
3820,Sci-Fi
3820,Music
3820,Space
3821,Sci-Fi
3821,Music
3821,Space
3822,Adventure
3822,Shoujo
3823,Kids
3823,Slice of Life
3823,Comedy
3824,Hentai
3825,Action
3825,Sports
3825,School
3825,Shounen
3826,Hentai
3827,Action
3827,Shounen
3827,Sports
3828,Adventure
3829,Drama
3829,Historical
3832,Action
3832,Fantasy
3833,Hentai
3834,Sci-Fi
3834,Adventure
3835,Slice of Life
3835,Historical
3835,Drama
3835,School
3836,Adventure
3836,Historical
3837,Adventure
3837,Comedy
3837,Mecha
3837,Sci-Fi
3837,Shounen
3838,Magic
3838,School
3838,Shoujo
3839,Magic
3839,School
3839,Shoujo
3840,Action
3840,Sci-Fi
3841,Comedy
3841,Slice of Life
3842,Adventure
3843,Action
3843,Fantasy
3844,Action
3844,Sports
3844,School
3845,Adventure
3845,Kids
3845,Magic
3846,Action
3846,Sci-Fi
3847,Fantasy
3848,Action
3848,Adventure
3848,Comedy
3848,Super Power
3848,Fantasy
3848,Shounen
3849,Comedy
3853,Action
3853,Comedy
3853,Super Power
3853,Seinen
3854,Drama
3854,Sci-Fi
3854,Space
3858,Adventure
3858,Comedy
3858,Drama
3859,Sci-Fi
3859,Mystery
3859,Police
3859,Psychological
3859,Shoujo
3861,Action
3861,Comedy
3861,Supernatural
3861,Shounen
3863,Comedy
3863,Magic
3863,Shoujo
3864,Action
3864,Martial Arts
3864,Historical
3864,Shounen
3866,Historical
3866,Drama
3868,Historical
3868,Drama
3868,Romance
3868,Shoujo
3869,Fantasy
3869,Comedy
3870,Shounen
3870,Sports
3873,Adventure
3873,Historical
3873,Shoujo
3874,Sports
3875,Comedy
3875,Magic
3875,Shoujo
3876,Adventure
3876,Fantasy
3877,Adventure
3877,Historical
3877,Shoujo
3878,Slice of Life
3878,Magic
3878,Comedy
3878,Shoujo
3879,Historical
3879,Drama
3880,Mecha
3880,Sci-Fi
3880,Shounen
3881,Magic
3881,Comedy
3881,Shoujo
3882,Mecha
3882,Sci-Fi
3882,Supernatural
3883,Sci-Fi
3883,Hentai
3884,Action
3884,Comedy
3884,Ecchi
3884,Fantasy
3885,Kids
3886,Adventure
3886,Comedy
3886,Shounen
3887,Sports
3887,Drama
3887,Seinen
3888,Hentai
3889,Comedy
3889,Romance
3889,Ecchi
3890,Hentai
3890,Sci-Fi
3895,Hentai
3896,Hentai
3898,Adventure
3898,Demons
3898,Mecha
3898,Sci-Fi
3898,Shounen
3900,Action
3900,Sci-Fi
3900,Super Power
3901,Action
3901,Comedy
3901,Historical
3901,Mystery
3901,Supernatural
3902,Music
3902,Hentai
3905,Adventure
3906,Horror
3907,Sci-Fi
3907,Adventure
3907,Space
3907,Romance
3907,Shounen
3908,Demons
3908,Hentai
3908,Horror
3909,Comedy
3909,Fantasy
3910,Action
3910,Comedy
3910,Romance
3910,Hentai
3910,Supernatural
3911,Hentai
3912,Hentai
3913,Action
3913,Demons
3913,Martial Arts
3913,Shounen
3914,Demons
3914,Fantasy
3914,Romance
3914,Seinen
3915,Adventure
3915,Comedy
3915,Mecha
3916,Hentai
3917,Hentai
3918,Hentai
3919,Hentai
3920,Hentai
3921,Hentai
3921,Police
3922,School
3922,Hentai
3923,Action
3923,Adventure
3923,Comedy
3923,Super Power
3923,Kids
3927,Action
3927,Drama
3927,Mecha
3927,Military
3927,Sci-Fi
3927,Space
3929,Comedy
3929,Supernatural
3930,Supernatural
3931,Action
3931,Cars
3931,Sports
3931,Drama
3931,Seinen
3932,Action
3932,Mecha
3932,Sci-Fi
3935,Action
3935,Adventure
3935,Mecha
3935,Historical
3936,Kids
3936,Adventure
3936,Historical
3936,Sci-Fi
3937,Comedy
3937,Sci-Fi
3939,Hentai
3940,Hentai
3941,Hentai
3942,Hentai
3944,Hentai
3945,Hentai
3946,Slice of Life
3946,Comedy
3946,Drama
3946,Seinen
3947,Slice of Life
3947,Comedy
3947,Drama
3947,Seinen
3948,Action
3948,Harem
3948,Comedy
3948,Supernatural
3948,Romance
3948,Ecchi
3950,Hentai
3951,Hentai
3952,Comedy
3952,Romance
3952,Sci-Fi
3953,Hentai
3954,Comedy
3954,School
3956,Comedy
3956,Parody
3958,Comedy
3958,School
3958,Shounen
3958,Supernatural
3960,Action
3960,Mecha
3960,Sci-Fi
3962,Adventure
3962,Comedy
3962,Kids
3963,Action
3963,Drama
3963,Mecha
3963,Military
3963,Sci-Fi
3963,Space
3964,Action
3964,Drama
3964,Mecha
3964,Military
3964,Sci-Fi
3964,Space
3965,Comedy
3965,Josei
3965,Romance
3965,Slice of Life
3968,Adventure
3968,Fantasy
3969,Action
3969,Adventure
3969,Mecha
3969,Sci-Fi
3969,Space
3970,Hentai
3972,Action
3972,Game
3972,Shounen
3973,Comedy
3974,Action
3974,Sci-Fi
3974,Comedy
3975,Slice of Life
3975,Comedy
3976,Drama
3976,Hentai
3976,Romance
3977,Slice of Life
3977,Comedy
3977,Harem
3977,School
3980,Hentai
3981,Hentai
3982,Hentai
3983,Hentai
3989,Action
3990,Adventure
3991,Adventure
3991,Comedy
3991,Fantasy
3991,Magic
3992,Hentai
3992,Horror
3992,Demons
3992,Supernatural
3992,Magic
3992,Fantasy
3995,Hentai
3998,Hentai
3998,Horror
3998,Supernatural
3999,Hentai
3999,Fantasy
4000,Hentai
4003,Mystery
4003,Magic
4003,Ecchi
4004,Hentai
4004,Horror
4004,Fantasy
4009,Hentai
4010,Hentai
4010,Demons
4010,Supernatural
4010,School
4011,Harem
4011,Hentai
4011,School
4012,Action
4012,Music
4013,Action
4013,Adventure
4013,Kids
4014,Action
4014,Sci-Fi
4014,Super Power
4015,Comedy
4015,Romance
4015,School
4015,Shounen
4017,Hentai
4017,Magic
4021,Comedy
4021,Shoujo
4021,Shounen Ai
4023,Fantasy
4023,Kids
4024,Adventure
4024,Fantasy
4024,Kids
4025,Adventure
4025,Fantasy
4025,Kids
4026,Action
4026,Adventure
4026,Fantasy
4026,Kids
4027,Hentai
4027,Magic
4027,Super Power
4028,Adventure
4028,Comedy
4028,Fantasy
4031,Action
4031,Comedy
4031,Martial Arts
4031,School
4031,Shounen
4033,Comedy
4033,Drama
4033,Music
4034,Parody
4034,Super Power
4034,Hentai
4037,Action
4037,Adventure
4037,Comedy
4037,Drama
4037,Sci-Fi
4037,Space
4038,Action
4038,Comedy
4038,Supernatural
4038,Shounen
4039,Action
4039,Adventure
4039,Drama
4039,Thriller
4039,Seinen
4042,Action
4042,Comedy
4042,Ecchi
4042,Magic
4042,School
4044,Horror
4044,Demons
4049,Adventure
4049,Comedy
4049,Fantasy
4049,Kids
4049,Magic
4049,Super Power
4050,Fantasy
4051,Action
4051,Adventure
4051,Comedy
4051,Kids
4051,Sci-Fi
4051,Shounen
4052,Action
4052,Sci-Fi
4052,Adventure
4053,Comedy
4053,Sports
4053,School
4053,Shounen
4054,Slice of Life
4054,Comedy
4056,Comedy
4057,Hentai
4057,Demons
4057,Fantasy
4058,Action
4058,Adventure
4058,Mecha
4058,Sci-Fi
4059,Drama
4059,Romance
4059,School
4059,Slice of Life
4060,Adventure
4060,Comedy
4060,Fantasy
4060,Kids
4060,Magic
4061,Adventure
4061,Comedy
4061,Fantasy
4061,Kids
4061,Magic
4062,Sports
4062,Shounen
4063,Action
4063,Comedy
4063,Ecchi
4063,Harem
4063,Super Power
4066,Adventure
4066,Military
4066,Psychological
4066,Romance
4066,Sci-Fi
4066,Space
4067,Action
4067,Adventure
4067,Demons
4067,Fantasy
4067,Game
4067,Kids
4067,Magic
4067,Sci-Fi
4067,Supernatural
4068,Action
4068,Kids
4068,Adventure
4068,Fantasy
4068,Magic
4068,Game
4068,Supernatural
4068,Demons
4068,Sci-Fi
4069,Comedy
4069,Romance
4070,Comedy
4071,Adventure
4073,Action
4073,Mecha
4074,Adventure
4074,Drama
4075,Action
4075,Comedy
4075,Mecha
4078,Comedy
4078,Ecchi
4078,School
4078,Seinen
4080,Adventure
4080,Comedy
4080,Demons
4080,Fantasy
4080,Shoujo
4081,Slice of Life
4081,Demons
4081,Supernatural
4081,Drama
4081,Shoujo
4082,Action
4082,Comedy
4082,Horror
4082,Supernatural
4082,Vampire
4082,Shounen
4083,Action
4083,Space
4083,Sci-Fi
4084,Fantasy
4084,Hentai
4084,Supernatural
4084,Horror
4085,Dementia
4085,Horror
4085,Psychological
4086,Adventure
4086,Comedy
4087,Action
4087,Adventure
4088,Action
4088,Adventure
4088,Comedy
4088,Sci-Fi
4091,Slice of Life
4094,Action
4094,Adventure
4094,Martial Arts
4095,Horror
4095,Supernatural
4095,Fantasy
4096,Historical
4097,Historical
4097,Music
4098,Adventure
4099,Fantasy
4101,Comedy
4101,Fantasy
4101,Kids
4103,Cars
4104,Comedy
4106,Action
4106,Adventure
4106,Comedy
4106,Drama
4106,Sci-Fi
4106,Shounen
4107,Action
4107,Comedy
4107,Mecha
4112,Adventure
4113,Fantasy
4113,Magic
4113,Romance
4113,Shoujo
4114,Fantasy
4114,Magic
4114,Comedy
4119,Action
4119,Mecha
4119,Sci-Fi
4121,Action
4121,Sports
4121,Shounen
4124,Magic
4124,Fantasy
4124,Kids
4124,Shoujo
4126,Music
4127,Action
4127,Fantasy
4127,Hentai
4127,Supernatural
4129,Music
4129,Comedy
4129,Shoujo
4130,Comedy
4130,Parody
4130,School
4131,Action
4131,Adventure
4132,Slice of Life
4132,Historical
4132,Drama
4134,Comedy
4136,Comedy
4136,Ecchi
4136,School
4136,Slice of Life
4138,Adventure
4138,Drama
4138,Fantasy
4138,Kids
4138,Slice of Life
4147,Kids
4147,Fantasy
4149,Comedy
4149,Ecchi
4150,Comedy
4150,Parody
4150,Sci-Fi
4150,Space
4151,Action
4151,Adventure
4151,Historical
4151,Supernatural
4151,Samurai
4154,Action
4154,Adventure
4154,Comedy
4154,Fantasy
4154,Mecha
4155,Action
4155,Adventure
4155,Comedy
4155,Drama
4155,Fantasy
4155,Shounen
4156,Comedy
4157,Hentai
4158,Music
4161,Comedy
4161,Hentai
4161,Yuri
4162,Action
4162,Police
4162,Comedy
4162,Seinen
4163,Comedy
4163,Parody
4163,Romance
4163,School
4163,Shounen
4164,Comedy
4164,Hentai
4164,Magic
4166,Comedy
4166,Ecchi
4166,Romance
4173,Comedy
4176,Action
4176,Comedy
4176,Sports
4177,Action
4177,Military
4177,Sci-Fi
4177,Adventure
4178,Hentai
4181,Slice of Life
4181,Comedy
4181,Supernatural
4181,Drama
4181,Romance
4182,Sci-Fi
4182,Comedy
4182,Parody
4183,Action
4183,Space
4183,Mecha
4186,Action
4186,Adventure
4186,Fantasy
4186,School
4186,Sci-Fi
4187,Historical
4188,Adventure
4188,Harem
4188,Comedy
4188,Supernatural
4188,Magic
4188,Romance
4188,Ecchi
4188,Vampire
4188,Shounen
4189,Drama
4189,Romance
4190,Fantasy
4190,Comedy
4190,Shoujo
4191,Adventure
4191,Fantasy
4192,Action
4192,Harem
4192,Comedy
4192,Parody
4192,Romance
4192,Shounen
4195,Comedy
4195,Ecchi
4195,School
4196,Action
4196,Ecchi
4196,Martial Arts
4196,School
4196,Super Power
4197,Adventure
4197,Comedy
4197,Fantasy
4197,Supernatural
4198,Action
4198,Mecha
4198,Demons
4198,Sci-Fi
4198,Shounen
4199,Adventure
4199,Romance
4199,Historical
4199,Drama
4200,Adventure
4200,Comedy
4200,Police
4200,Sci-Fi
4201,Slice of Life
4201,Historical
4201,Drama
4202,Mystery
4202,Slice of Life
4202,Supernatural
4205,Romance
4205,School
4208,Action
4208,Mecha
4209,Action
4209,Comedy
4209,School
4209,Sci-Fi
4210,Drama
4210,Military
4211,Action
4211,Fantasy
4211,Comedy
4211,School
4211,Shounen
4213,Drama
4213,Romance
4214,Comedy
4214,Ecchi
4214,Fantasy
4214,Harem
4214,Romance
4214,School
4214,Vampire
4218,Romance
4218,Historical
4220,Fantasy
4220,Historical
4220,Drama
4224,Slice of Life
4224,Comedy
4224,Romance
4224,School
4232,Mecha
4232,Sci-Fi
4240,Action
4240,Sci-Fi
4240,Adventure
4240,Space
4240,Mecha
4242,Action
4242,Adventure
4242,Mecha
4244,Action
4244,Adventure
4244,Mecha
4246,Adventure
4246,Mecha
4246,Romance
4246,Sci-Fi
4250,Sci-Fi
4250,Space
4252,Action
4252,Adventure
4260,Comedy
4260,Hentai
4260,School
4262,Action
4262,Adventure
4262,Historical
4262,Ecchi
4262,Martial Arts
4262,Fantasy
4264,Action
4264,Sci-Fi
4266,Sci-Fi
4266,Drama
4266,Vampire
4278,Hentai
4278,School
4280,Action
4280,Mystery
4280,Supernatural
4280,Thriller
4282,Action
4282,Mystery
4282,Supernatural
4282,Drama
4282,Romance
4282,Thriller
4286,Comedy
4298,Shounen
4298,Sports
4304,Hentai
4306,Fantasy
4306,Kids
4306,Romance
4310,Hentai
4312,Action
4312,Martial Arts
4314,Comedy
4314,Kids
4316,Comedy
4316,Kids
4318,Action
4318,Fantasy
4318,Demons
4318,Sci-Fi
4320,Action
4320,Adventure
4320,Mystery
4320,Comedy
4320,Seinen
4331,Comedy
4331,Kids
4332,Action
4332,Mystery
4334,Action
4334,Sci-Fi
4334,Shounen
4339,Sports
4339,School
4339,Drama
4340,Adventure
4340,Comedy
4340,Harem
4340,Hentai
4342,Harem
4342,Hentai
4350,Hentai
4350,Horror
4350,Military
4350,Sci-Fi
4350,Supernatural
4353,Comedy
4353,Drama
4353,Romance
4353,School
4353,Shounen Ai
4355,Hentai
4356,Hentai
4357,Action
4357,Hentai
4357,Sci-Fi
4358,Hentai
4360,Hentai
4360,Sci-Fi
4360,Supernatural
4361,Comedy
4361,Parody
4361,Ecchi
4362,Comedy
4362,Sci-Fi
4363,Hentai
4364,Hentai
4365,Hentai
4369,Action
4369,Hentai
4369,Comedy
4369,Demons
4369,Martial Arts
4369,School
4371,Action
4371,Sci-Fi
4371,Space
4371,Mecha
4375,Adventure
4375,Comedy
4375,Fantasy
4378,Hentai
4379,Hentai
4379,Demons
4382,Comedy
4382,Mystery
4382,Parody
4382,Romance
4382,School
4382,Sci-Fi
4382,Slice of Life
4383,Comedy
4383,Fantasy
4383,Slice of Life
4385,Action
4385,Mecha
4385,Sci-Fi
4386,Action
4386,Sci-Fi
4386,Mecha
4387,Mecha
4387,Sci-Fi
4389,Adventure
4389,Comedy
4389,Shounen
4390,Military
4390,Adventure
4390,Comedy
4391,Adventure
4391,Military
4392,Comedy
4393,Music
4393,Historical
4394,Adventure
4395,Adventure
4396,Military
4396,Music
4397,Military
4398,Fantasy
4399,Harem
4399,Hentai
4399,School
4399,Yuri
4400,Hentai
4406,Action
4406,Mecha
4406,Shounen
4411,Action
4411,Sci-Fi
4411,Space
4411,Mecha
4415,Adventure
4415,Fantasy
4416,Action
4416,Mecha
4416,Sci-Fi
4416,Super Power
4417,Comedy
4418,Comedy
4418,Fantasy
4418,Slice of Life
4419,Slice of Life
4419,Fantasy
4419,Comedy
4420,Action
4420,Comedy
4420,Kids
4420,Vampire
4421,Comedy
4421,Ecchi
4421,Magic
4421,School
4427,Action
4427,Adventure
4427,Martial Arts
4427,Shounen
4437,Action
4437,Martial Arts
4437,Shounen
4437,Supernatural
4439,Action
4439,Martial Arts
4439,Sports
4440,Action
4440,Martial Arts
4440,Sports
4443,Action
4443,Adventure
4443,Comedy
4443,Shounen
4444,Adventure
4444,Comedy
4444,Game
4444,Sports
4447,Adventure
4447,Police
4447,Comedy
4447,Mystery
4447,Shounen
4450,Adventure
4450,Comedy
4450,Demons
4450,Historical
4450,Supernatural
4451,Comedy
4451,Ecchi
4451,Romance
4451,School
4452,Comedy
4452,Romance
4454,Action
4454,Mecha
4454,Military
4454,Music
4454,Sci-Fi
4454,Space
4458,Kids
4459,Adventure
4459,Comedy
4459,Kids
4459,Fantasy
4460,Dementia
4460,Psychological
4461,Drama
4462,Action
4463,Hentai
4467,Fantasy
4467,Music
4468,Adventure
4468,Fantasy
4469,Fantasy
4469,Game
4469,Comedy
4469,Sci-Fi
4469,Parody
4470,Action
4470,Sci-Fi
4470,Adventure
4470,Historical
4470,Fantasy
4471,Adventure
4472,Comedy
4472,Parody
4472,School
4472,Slice of Life
4473,Comedy
4473,Hentai
4473,Romance
4473,Yuri
4475,Drama
4476,Adventure
4476,Fantasy
4477,Comedy
4477,Josei
4477,Music
4477,Romance
4477,Slice of Life
4479,Hentai
4480,Hentai
4481,Adventure
4483,Slice of Life
4483,Drama
4483,Magic
4483,Romance
4483,Shounen
4484,Horror
4484,Super Power
4484,Drama
4484,Romance
4484,Shoujo
4485,Historical
4485,Drama
4485,Romance
4486,Action
4486,Mecha
4486,Sci-Fi
4486,Shounen
4487,Hentai
4488,Hentai
4489,Hentai
4490,Hentai
4491,Hentai
4492,Hentai
4493,Hentai
4493,Sci-Fi
4494,Hentai
4495,Hentai
4496,Hentai
4497,Hentai
4498,Hentai
4502,Hentai
4503,Action
4503,Sci-Fi
4503,Drama
4503,Mecha
4504,Action
4504,Sci-Fi
4504,Adventure
4504,Comedy
4504,Mecha
4508,Harem
4508,Comedy
4508,Romance
4509,Action
4509,Adventure
4509,Sci-Fi
4511,Adventure
4511,Slice of Life
4513,Adventure
4513,Fantasy
4513,Historical
4513,Romance
4514,Adventure
4514,Historical
4514,Drama
4515,Kids
4515,Drama
4521,Adventure
4521,Sci-Fi
4522,Action
4522,Police
4524,Action
4524,Game
4524,Adventure
4524,Martial Arts
4531,Action
4531,Super Power
4531,Supernatural
4531,Demons
4531,Horror
4532,Action
4532,Mecha
4532,Sci-Fi
4533,Comedy
4533,Fantasy
4533,Sci-Fi
4534,Action
4534,Sci-Fi
4534,Super Power
4535,Romance
4535,School
4535,Shoujo Ai
4536,Comedy
4536,Mecha
4536,Sci-Fi
4536,Space
4537,Comedy
4540,Action
4540,Mecha
4540,Sci-Fi
4541,Hentai
4544,Fantasy
4547,Sci-Fi
4548,Action
4548,Magic
4548,Comedy
4548,Super Power
4548,Supernatural
4548,Shounen
4549,Action
4549,Drama
4549,Martial Arts
4550,Comedy
4550,School
4550,Slice of Life
4551,Adventure
4551,Historical
4551,Magic
4551,Romance
4551,Fantasy
4551,Shoujo
4553,Fantasy
4554,Slice of Life
4554,Comedy
4554,School
4555,Hentai
4556,Hentai
4556,Horror
4557,Hentai
4558,Hentai
4558,Historical
4560,Hentai
4561,Hentai
4561,Vampire
4562,Hentai
4563,Game
4563,Adventure
4563,Kids
4565,Action
4565,Mecha
4565,Sci-Fi
4565,Space
4565,Super Power
4566,Action
4566,Comedy
4566,Drama
4566,Fantasy
4566,Magic
4567,Action
4567,Adventure
4567,Sci-Fi
4574,Action
4574,Sci-Fi
4574,Mecha
4574,Shounen
4575,Action
4575,Sci-Fi
4575,Hentai
4578,Action
4578,Comedy
4578,Mecha
4578,Parody
4578,Sci-Fi
4581,Action
4581,Horror
4581,Supernatural
4581,Shounen
4584,Kids
4584,Adventure
4584,Comedy
4586,Kids
4590,Hentai
4591,Slice of Life
4591,Comedy
4591,Ecchi
4591,School
4596,Action
4596,Military
4596,Super Power
4596,Mecha
4596,School
4597,Action
4597,Adventure
4597,Shounen
4598,Adventure
4598,Comedy
4598,Kids
4599,Kids
4599,Fantasy
4600,Hentai
4601,Hentai
4603,Hentai
4604,Hentai
4606,Hentai
4606,Yuri
4607,Hentai
4608,Hentai
4614,Adventure
4614,Romance
4614,Historical
4614,Drama
4615,Kids
4615,Adventure
4615,Fantasy
4616,Kids
4616,Adventure
4616,Comedy
4617,Sci-Fi
4617,Drama
4618,Action
4618,Drama
4618,Mecha
4618,School
4618,Sci-Fi
4621,Sports
4621,Drama
4638,Romance
4638,Hentai
4639,Sci-Fi
4639,Comedy
4639,Psychological
4639,Drama
4640,Sci-Fi
4640,Comedy
4640,Psychological
4640,Drama
4644,Hentai
4644,Romance
4645,Hentai
4646,Action
4646,Adventure
4646,Mecha
4646,Sci-Fi
4646,Space
4650,Action
4650,Sci-Fi
4650,Space
4651,Adventure
4651,Fantasy
4651,Comedy
4651,Shoujo
4653,Hentai
4653,School
4654,Action
4654,Magic
4654,Sci-Fi
4654,Super Power
4657,Action
4657,Adventure
4657,Comedy
4657,Fantasy
4660,Comedy
4660,Fantasy
4660,Historical
4660,Slice of Life
4662,Adventure
4662,Fantasy
4662,Harem
4662,Shoujo
4663,Action
4663,Adventure
4663,Historical
4663,Martial Arts
4663,Shounen
4664,Action
4664,Comedy
4664,Samurai
4667,Adventure
4667,Fantasy
4667,Game
4667,Kids
4672,Action
4672,Sci-Fi
4672,Police
4672,Psychological
4672,Mecha
4672,Seinen
4675,Hentai
4680,Historical
4681,Sci-Fi
4681,Kids
4682,Comedy
4682,Kids
4684,Fantasy
4684,Kids
4685,Fantasy
4685,School
4688,Comedy
4688,Ecchi
4688,Romance
4689,Music
4689,Kids
4690,Action
4690,Adventure
4690,Mecha
4690,Sci-Fi
4690,Shounen
4692,Hentai
4693,Action
4693,Comedy
4693,Hentai
4697,Hentai
4697,Drama
4698,Hentai
4699,Hentai
4699,School
4700,Hentai
4701,Hentai
4703,Fantasy
4703,Kids
4703,Magic
4703,Romance
4703,Shoujo
4703,Super Power
4705,Music
4709,Kids
4712,Action
4712,Adventure
4712,Comedy
4712,Fantasy
4712,Sci-Fi
4712,Supernatural
4713,Fantasy
4713,Harem
4713,Romance
4713,Shoujo
4714,Hentai
4715,Drama
4715,Fantasy
4715,Psychological
4715,Thriller
4717,Hentai
4718,Ecchi
4719,Action
4719,Adventure
4719,Ecchi
4719,Fantasy
4720,Drama
4720,Harem
4720,Music
4720,Romance
4722,Comedy
4722,Drama
4722,Romance
4722,Shoujo
4723,Historical
4723,Drama
4723,Romance
4725,Action
4725,Super Power
4725,Supernatural
4725,Thriller
4726,Adventure
4726,Fantasy
4729,Hentai
4730,Hentai
4731,Hentai
4732,Hentai
4733,Adventure
4733,Sci-Fi
4737,Comedy
4737,Parody
4737,Super Power
4742,Comedy
4744,Harem
4744,Comedy
4744,Romance
4744,Ecchi
4744,School
4752,Drama
4752,Mystery
4752,Romance
4752,Shoujo
4752,Supernatural
4752,Vampire
4756,Drama
4756,Mystery
4756,Psychological
4756,Seinen
4760,Ecchi
4761,Comedy
4761,Dementia
4763,Hentai
4763,Romance
4765,Action
4765,Drama
4765,Military
4765,Sci-Fi
4772,Slice of Life
4772,Comedy
4772,Shounen
4773,Action
4773,Adventure
4773,Fantasy
4773,Magic
4773,Mecha
4773,Sci-Fi
4773,Shounen
4773,Space
4774,Hentai
4775,Comedy
4775,Hentai
4775,Parody
4782,Comedy
4782,Kids
4782,Slice of Life
4786,Comedy
4786,Ecchi
4786,School
4789,Mystery
4789,Supernatural
4789,Drama
4789,Romance
4790,Historical
4790,Drama
4792,Adventure
4792,Comedy
4792,Fantasy
4792,Kids
4793,Adventure
4793,Comedy
4793,Fantasy
4793,Kids
4794,Adventure
4794,Comedy
4794,Fantasy
4794,Kids
4795,Adventure
4795,Comedy
4795,Fantasy
4795,Kids
4798,Adventure
4798,Fantasy
4799,Hentai
4800,Adventure
4801,Adventure
4801,Fantasy
4801,Kids
4802,Hentai
4803,Hentai
4804,Romance
4807,Adventure
4807,Comedy
4807,Mecha
4808,Action
4808,Sci-Fi
4808,Adventure
4808,Police
4808,Super Power
4810,Action
4810,Sci-Fi
4810,Adventure
4811,Comedy
4811,Slice of Life
4813,Hentai
4814,Comedy
4814,Drama
4814,Romance
4814,Shounen Ai
4816,Hentai
4816,School
4817,Hentai
4818,Hentai
4819,Hentai
4819,Mystery
4820,Hentai
4821,Hentai
4822,Hentai
4823,Horror
4823,Demons
4823,Supernatural
4824,Hentai
4825,Hentai
4827,Harem
4832,Hentai
4832,Mecha
4833,Hentai
4834,Hentai
4835,Action
4835,Adventure
4835,Comedy
4835,Super Power
4835,Supernatural
4835,Shounen
4840,Hentai
4841,Hentai
4842,Hentai
4848,Hentai
4849,Hentai
4851,Action
4851,Adventure
4851,Comedy
4851,Seinen
4852,Hentai
4853,Comedy
4853,Horror
4853,Supernatural
4853,Vampire
4854,Action
4854,Martial Arts
4854,Fantasy
4854,Shounen
4855,Action
4855,Martial Arts
4855,Fantasy
4855,Shounen
4856,Action
4856,Martial Arts
4856,Fantasy
4856,Shounen
4866,Hentai
4866,Yaoi
4867,Hentai
4868,Hentai
4872,Comedy
4872,Parody
4872,School
4872,Shounen
4874,Adventure
4874,Comedy
4874,Fantasy
4874,Kids
4876,Action
4876,Adventure
4876,Historical
4879,Mystery
4879,Psychological
4879,Supernatural
4879,Thriller
4879,Seinen
4884,Adventure
4884,Drama
4884,Fantasy
4886,Adventure
4886,Comedy
4886,Demons
4886,Supernatural
4886,Magic
4886,Romance
4886,Fantasy
4886,Shounen
4890,Music
4896,Mystery
4896,Horror
4896,Psychological
4896,Supernatural
4898,Action
4898,Mystery
4898,Comedy
4898,Historical
4898,Demons
4898,Supernatural
4898,Shounen
4901,Action
4901,Seinen
4903,Comedy
4903,Ecchi
4903,School
4903,Seinen
4905,Cars
4905,Comedy
4907,Sci-Fi
4908,Parody
4908,Drama
4908,Shoujo
4910,Adventure
4910,Comedy
4910,Fantasy
4910,Kids
4917,Sci-Fi
4917,Adventure
4917,Mystery
4917,Romance
4918,Mystery
4918,Comedy
4918,Psychological
4918,Supernatural
4918,Drama
4921,Adventure
4923,Action
4923,Martial Arts
4923,Super Power
4926,Adventure
4926,Drama
4927,Action
4927,Drama
4927,Romance
4927,Thriller
4927,Shoujo
4928,Comedy
4928,Drama
4928,Shoujo
4929,Action
4929,Sci-Fi
4929,Space
4929,Mecha
4933,Action
4933,Fantasy
4933,Sci-Fi
4934,Action
4934,Sci-Fi
4934,Space
4934,Mecha
4935,Kids
4935,Comedy
4935,Historical
4936,Slice of Life
4936,Comedy
4936,Martial Arts
4936,Shounen
4938,Action
4938,Adventure
4938,Mystery
4938,Supernatural
4938,Drama
4938,Magic
4938,Romance
4938,Fantasy
4938,Shounen
4939,Comedy
4939,Parody
4940,Action
4940,Adventure
4941,Mystery
4943,Adventure
4943,Fantasy
4943,Music
4946,Sci-Fi
4946,Hentai
4948,Adventure
4948,Fantasy
4961,Action
4961,Adventure
4961,Fantasy
4961,Sci-Fi
4962,Adventure
4962,Comedy
4962,Fantasy
4962,Kids
4962,Magic
4962,Parody
4966,Comedy
4967,Action
4967,Sci-Fi
4967,Super Power
4970,Action
4970,Adventure
4970,Samurai
4975,Sci-Fi
4975,Harem
4975,Mystery
4975,Psychological
4975,Supernatural
4981,Action
4981,Adventure
4981,Drama
4981,Psychological
4981,Sci-Fi
4983,Adventure
4983,Comedy
4983,Horror
4985,Action
4985,Sci-Fi
4985,Comedy
4985,Drama
4985,Magic
4991,Historical
4991,Slice of Life
4997,Ecchi
4997,Romance
4997,Comedy
4997,Military
4997,Sci-Fi
4999,Harem
4999,Comedy
4999,Romance
4999,Ecchi
4999,Martial Arts
4999,Shounen
5002,Action
5002,Drama
5002,Shounen
5002,Sports
5005,Comedy
5005,Parody
5005,Super Power
5005,Seinen
5006,Kids
5006,Adventure
5006,Fantasy
5013,Adventure
5013,Historical
5013,Drama
5014,Adventure
5014,Sci-Fi
5016,Music
5017,Music
5018,Comedy
5019,Action
5019,Adventure
5019,Mystery
5019,Comedy
5019,Seinen
5020,Action
5020,Ecchi
5020,Martial Arts
5022,Action
5022,Mecha
5022,Sci-Fi
5023,Action
5023,Adventure
5023,Historical
5023,Martial Arts
5023,Samurai
5025,Action
5025,Comedy
5025,Ecchi
5025,Parody
5027,Adventure
5027,Comedy
5027,Kids
5028,Comedy
5028,Drama
5028,Romance
5028,Shounen
5028,Sports
5029,Action
5029,Sports
5029,Shounen
5030,Comedy
5030,Parody
5030,School
5030,Shoujo Ai
5031,Action
5031,Adventure
5031,Space
5031,Sci-Fi
5032,Action
5032,Adventure
5032,Space
5032,Sci-Fi
5034,Action
5034,Horror
5034,Supernatural
5034,Shounen
5036,Music
5037,Adventure
5037,Drama
5037,Sci-Fi
5039,Action
5039,Drama
5039,Historical
5039,Horror
5039,Romance
5039,Sci-Fi
5039,Vampire
5040,Sports
5040,Psychological
5040,Seinen
5041,Adventure
5041,Fantasy
5042,Comedy
5042,Ecchi
5042,Harem
5042,Romance
5042,School
5042,Seinen
5043,Music
5045,Action
5045,Comedy
5045,Ecchi
5049,Hentai
5049,Demons
5051,Action
5051,Mecha
5052,Action
5052,Mecha
5052,Drama
5052,Sci-Fi
5053,Action
5053,Super Power
5053,Sci-Fi
5054,Hentai
5056,Comedy
5056,Ecchi
5056,School
5056,Slice of Life
5060,Comedy
5060,Historical
5060,Parody
5065,Parody
5065,Comedy
5065,Romance
5065,Music
5070,Action
5070,Sci-Fi
5070,Mecha
5071,Action
5071,Adventure
5071,Comedy
5071,Fantasy
5072,Action
5072,Sci-Fi
5072,Space
5072,Romance
5072,Mecha
5074,Action
5074,Sci-Fi
5074,Comedy
5075,Action
5075,Adventure
5075,Police
5075,Mecha
5075,Sci-Fi
5079,Action
5079,Super Power
5079,Martial Arts
5079,Seinen
5080,Action
5080,Comedy
5080,Fantasy
5080,Magic
5080,School
5081,Romance
5081,Supernatural
5081,Mystery
5081,Vampire
5082,Game
5082,Shounen
5084,Adventure
5084,Drama
5085,Slice of Life
5085,Sports
5085,Romance
5085,Shounen Ai
5088,Mystery
5089,Comedy
5090,Action
5090,Police
5090,Mecha
5090,Sci-Fi
5091,Adventure
5091,Comedy
5091,Historical
5091,Supernatural
5096,Adventure
5096,Comedy
5096,Fantasy
5096,Kids
5096,Shounen
5097,Hentai
5098,Kids
5098,Fantasy
5098,Drama
5101,Hentai
5104,Adventure
5107,Action
5107,Hentai
5107,Romance
5108,Hentai
5109,Hentai
5109,School
5112,Comedy
5112,Ecchi
5112,Fantasy
5112,Romance
5114,Action
5114,Military
5114,Adventure
5114,Comedy
5114,Drama
5114,Magic
5114,Fantasy
5114,Shounen
5116,School
5116,Shoujo Ai
5116,Slice of Life
5117,Fantasy
5117,Hentai
5118,Comedy
5118,Parody
5129,Adventure
5129,Mecha
5129,Sci-Fi
5131,Mecha
5131,Sci-Fi
5132,Comedy
5132,Ecchi
5132,School
5133,Sci-Fi
5136,Action
5140,Kids
5140,Music
5141,Comedy
5141,Historical
5141,School
5141,Seinen
5141,Sports
5143,Action
5143,Mecha
5143,Sci-Fi
5147,Comedy
5150,Comedy
5150,Romance
5150,School
5150,Shounen
5151,Action
5151,Drama
5151,Game
5151,Seinen
5152,Action
5152,Adventure
5152,Comedy
5152,Fantasy
5153,Action
5153,Sci-Fi
5153,Fantasy
5153,Mecha
5154,Hentai
5154,School
5155,Drama
5155,Historical
5155,Romance
5157,Action
5157,Adventure
5157,Dementia
5157,Historical
5157,Military
5157,Mystery
5157,Shounen
5157,Supernatural
5158,Dementia
5158,Music
5159,Adventure
5159,Fantasy
5159,Hentai
5160,Hentai
5162,Slice of Life
5162,Comedy
5162,School
5163,Comedy
5163,Ecchi
5163,Slice of Life
5164,Action
5164,Sci-Fi
5164,Mecha
5165,Action
5165,Sci-Fi
5165,Mecha
5167,Drama
5167,Romance
5168,Historical
5168,Samurai
5172,Hentai
5173,Hentai
5177,Mystery
5177,Thriller
5177,School
5178,Action
5178,Historical
5178,Military
5178,Super Power
5178,Supernatural
5184,Adventure
5184,Comedy
5184,Historical
5189,Action
5189,Kids
5189,Adventure
5190,Hentai
5191,Drama
5191,Hentai
5191,Romance
5192,Adventure
5192,Historical
5193,Kids
5194,Hentai
5196,Sci-Fi
5196,Slice of Life
5196,Fantasy
5196,Shounen
5197,Adventure
5197,Fantasy
5197,Sports
5197,Comedy
5197,Shounen
5199,Comedy
5199,Parody
5199,School
5200,Action
5200,Sports
5200,Drama
5201,Adventure
5201,Comedy
5203,Slice of Life
5203,Fantasy
5204,Action
5204,Magic
5204,Mystery
5204,Romance
5204,Supernatural
5204,Thriller
5205,Action
5205,Mystery
5205,Supernatural
5205,Romance
5205,Thriller
5207,Comedy
5208,Hentai
5209,Hentai
5210,Hentai
5211,Hentai
5212,Hentai
5213,Hentai
5214,Hentai
5216,Harem
5216,Drama
5216,Magic
5216,Romance
5217,Action
5217,Sports
5220,Action
5220,Drama
5220,Sci-Fi
5223,Comedy
5223,Kids
5225,Action
5225,Comedy
5225,Seinen
5226,Action
5226,Adventure
5226,Historical
5228,Action
5228,Cars
5228,Sports
5228,Drama
5228,Seinen
5231,Sports
5231,Super Power
5231,Shounen
5232,Action
5233,Adventure
5233,Comedy
5233,Fantasy
5234,Comedy
5234,Ecchi
5235,Game
5235,Fantasy
5237,Action
5237,Sci-Fi
5237,Drama
5238,Adventure
5238,Comedy
5238,Kids
5240,Comedy
5240,Music
5241,Kids
5244,Sci-Fi
5244,Slice of Life
5244,Fantasy
5244,Shounen
5246,Magic
5246,Comedy
5246,Shoujo
5249,Adventure
5250,Action
5250,Fantasy
5250,Mecha
5251,Action
5251,Comedy
5251,School
5252,Action
5252,Fantasy
5252,Comedy
5252,Super Power
5252,Shounen
5256,Adventure
5256,Fantasy
5258,Comedy
5258,Sports
5258,Drama
5258,Shounen
5259,Fantasy
5259,Hentai
5259,Magic
5260,Kids
5260,Adventure
5262,Comedy
5262,Magic
5262,School
5262,Shoujo
5263,Music
5263,Kids
5266,Action
5266,Mecha
5266,Sci-Fi
5267,Adventure
5267,Kids
5267,Thriller
5270,Action
5270,Sci-Fi
5270,Mecha
5272,Adventure
5273,Sports
5274,Adventure
5274,Comedy
5274,Ecchi
5274,Fantasy
5274,Magic
5274,School
5276,Comedy
5276,Fantasy
5276,Kids
5276,Shoujo
5277,Action
5277,Comedy
5277,Ecchi
5277,Harem
5277,Super Power
5278,Action
5278,Sci-Fi
5278,Adventure
5278,Comedy
5278,Romance
5279,Comedy
5281,Hentai
5285,Hentai
5287,Action
5287,Kids
5287,Adventure
5287,Sports
5287,Comedy
5288,Action
5288,Drama
5288,Mecha
5288,Music
5288,Mystery
5288,Romance
5288,Sci-Fi
5289,Action
5289,Sci-Fi
5289,Adventure
5290,Comedy
5290,Sci-Fi
5290,Shounen
5291,Martial Arts
5292,Action
5292,Adventure
5292,Mecha
5292,Military
5292,Shounen
5293,Action
5293,Adventure
5293,Romance
5293,Sci-Fi
5293,Drama
5296,Action
5296,Horror
5296,School
5296,Shounen
5296,Supernatural
5298,Fantasy
5298,Game
5298,Sci-Fi
5299,Slice of Life
5300,Slice of Life
5300,Demons
5300,Supernatural
5300,Drama
5300,Shoujo
5303,Mecha
5304,Comedy
5304,Kids
5304,Slice of Life
5305,Comedy
5305,Ecchi
5305,Fantasy
5305,School
5306,Action
5306,Adventure
5306,Magic
5306,Martial Arts
5306,Fantasy
5307,Adventure
5307,Comedy
5307,Sci-Fi
5307,Space
5308,Action
5308,Comedy
5310,Action
5310,Mecha
5310,Military
5310,Music
5310,Romance
5310,Sci-Fi
5310,Space
5311,Action
5311,Mecha
5311,Sci-Fi
5314,Adventure
5314,Comedy
5314,Fantasy
5315,Hentai
5316,Hentai
5321,Hentai
5322,Action
5322,Sci-Fi
5322,Space
5324,Hentai
5330,Action
5330,Sci-Fi
5332,Action
5332,Military
5332,Comedy
5332,Drama
5332,Romance
5333,Comedy
5333,Ecchi
5337,Game
5337,Adventure
5337,Fantasy
5337,Shounen
5341,Adventure
5341,Historical
5341,Romance
5341,Fantasy
5342,Action
5342,Supernatural
5342,Mecha
5343,Action
5343,Adventure
5343,Comedy
5343,Ecchi
5343,Parody
5343,Seinen
5344,Mecha
5347,Hentai
5348,Adventure
5348,Police
5348,Comedy
5348,Mystery
5348,Shounen
5351,Action
5351,Sci-Fi
5351,Mecha
5353,Comedy
5353,Ecchi
5353,School
5353,Seinen
5355,Action
5355,Historical
5355,Martial Arts
5355,Samurai
5355,Super Power
5356,Action
5356,Sci-Fi
5356,Super Power
5356,Supernatural
5356,Seinen
5365,Drama
5369,Action
5369,Adventure
5369,Shounen
5372,Sci-Fi
5372,Adventure
5372,Mecha
5374,Kids
5374,Slice of Life
5375,Comedy
5383,Comedy
5383,Hentai
5383,Yuri
5386,Action
5386,Historical
5386,Martial Arts
5386,Samurai
5391,Hentai
5391,Yaoi
5393,Hentai
5393,Yuri
5395,Action
5395,Sci-Fi
5395,Mecha
5396,Mecha
5397,Comedy
5398,Hentai
5399,Hentai
5400,Hentai
5400,Magic
5401,Hentai
5402,Hentai
5403,Hentai
5408,Fantasy
5408,Hentai
5411,Fantasy
5411,Romance
5411,Hentai
5411,Drama
5415,Military
5415,Slice of Life
5415,Historical
5415,Drama
5415,Romance
5419,Parody
5419,Comedy
5419,School
5420,Drama
5420,Fantasy
5420,Slice of Life
5421,Action
5421,Fantasy
5421,Mecha
5421,Military
5421,Supernatural
5421,Sci-Fi
5423,Hentai
5424,Hentai
5427,Demons
5427,Fantasy
5427,Hentai
5427,Supernatural
5439,Hentai
5439,Historical
5440,Action
5440,Sci-Fi
5440,Adventure
5440,Fantasy
5440,Mecha
5440,Shounen
5447,Music
5447,Romance
5447,School
5447,Shoujo
5449,Comedy
5454,Comedy
5454,Magic
5455,Hentai
5458,Adventure
5458,Fantasy
5458,Game
5458,Shounen
5460,Action
5460,Police
5460,Mystery
5460,Shounen
5462,Comedy
5462,Sci-Fi
5464,Hentai
5466,Comedy
5466,Magic
5466,Fantasy
5468,Kids
5468,Mystery
5468,Slice of Life
5469,Action
5469,Military
5469,Historical
5469,Drama
5472,Comedy
5472,Drama
5472,Slice of Life
5473,Slice of Life
5473,Comedy
5474,Comedy
5474,Fantasy
5474,Kids
5475,Action
5475,Adventure
5475,Comedy
5475,Mecha
5475,Sci-Fi
5476,Magic
5476,Shoujo
5477,Parody
5477,Comedy
5477,Sci-Fi
5478,Adventure
5478,Fantasy
5478,Kids
5484,Adventure
5484,Comedy
5484,Supernatural
5484,Fantasy
5484,Shounen
5485,Action
5485,Super Power
5485,Drama
5485,Mecha
5485,Shounen
5492,Sci-Fi
5492,Slice of Life
5493,Action
5493,Comedy
5493,Supernatural
5493,Martial Arts
5493,Shounen
5494,Drama
5494,Historical
5494,Kids
5494,Slice of Life
5496,Action
5496,Adventure
5496,Martial Arts
5501,Action
5501,Parody
5501,Dementia
5503,Kids
5504,Drama
5504,Fantasy
5504,Music
5504,Romance
5504,School
5505,Action
5505,Military
5505,Sci-Fi
5507,Action
5507,Military
5507,Romance
5515,Mecha
5515,Sci-Fi
5520,Fantasy
5520,Magic
5520,Comedy
5521,Action
5521,Comedy
5521,Harem
5521,Parody
5521,Romance
5522,Hentai
5525,Action
5525,Demons
5525,Fantasy
5525,Josei
5525,Magic
5525,Military
5526,Comedy
5526,Fantasy
5526,Kids
5529,Comedy
5529,Fantasy
5529,Kids
5530,Adventure
5530,Fantasy
5530,Mystery
5530,Shounen
5530,Supernatural
5534,Romance
5534,Slice of Life
5535,Adventure
5535,Slice of Life
5535,Kids
5535,Drama
5538,Adventure
5538,Slice of Life
5538,Supernatural
5538,Fantasy
5538,Shounen
5539,Action
5539,Sci-Fi
5540,Hentai
5541,Hentai
5542,Hentai
5543,Hentai
5544,Hentai
5544,Yuri
5545,Hentai
5546,Hentai
5547,Hentai
5548,Hentai
5549,Action
5549,Comedy
5549,Ecchi
5549,Parody
5550,Hentai
5551,Hentai
5552,Hentai
5553,Hentai
5554,Comedy
5554,Parody
5554,Horror
5554,Supernatural
5554,Shoujo
5555,Hentai
5556,Hentai
5557,Hentai
5558,Hentai
5559,Hentai
5560,Hentai
5561,Hentai
5563,Hentai
5564,Hentai
5565,Hentai
5566,Hentai
5566,Historical
5567,Hentai
5568,Hentai
5569,Hentai
5570,Hentai
5571,Hentai
5572,Hentai
5573,Hentai
5575,Hentai
5576,Hentai
5578,Adventure
5578,Mystery
5578,Comedy
5578,Police
5578,Shounen
5581,Action
5581,Adventure
5583,Action
5584,Ecchi
5584,Magic
5585,Ecchi
5585,Magic
5586,Hentai
5587,Hentai
5588,Hentai
5589,Hentai
5589,Sports
5590,Hentai
5593,Action
5593,Seinen
5594,Kids
5597,Comedy
5597,Romance
5597,Supernatural
5600,Kids
5600,Adventure
5600,Historical
5602,Fantasy
5603,Drama
5603,Hentai
5603,Supernatural
5605,Hentai
5606,Hentai
5607,Hentai
5608,Hentai
5608,School
5609,Hentai
5610,Hentai
5611,Hentai
5612,Hentai
5613,Hentai
5614,Hentai
5618,Slice of Life
5618,Comedy
5618,Shounen
5620,Action
5620,Mecha
5620,Romance
5621,Hentai
5622,Dementia
5622,Psychological
5624,Action
5624,Adventure
5624,Military
5624,Horror
5628,Space
5628,Comedy
5628,Sci-Fi
5629,Mecha
5629,Sci-Fi
5629,Space
5630,Action
5630,Sci-Fi
5630,Mystery
5630,Drama
5630,Romance
5630,Thriller
5631,Drama
5631,Samurai
5632,Fantasy
5636,Action
5636,Adventure
5636,Police
5636,Mecha
5640,Drama
5640,Romance
5643,Hentai
5643,School
5644,Hentai
5645,Hentai
5646,Hentai
5647,Ecchi
5647,Harem
5647,School
5648,Comedy
5648,Seinen
5649,Hentai
5651,Hentai
5652,Adventure
5652,Sci-Fi
5653,Demons
5653,Hentai
5653,School
5653,Supernatural
5656,Kids
5656,Adventure
5656,Sci-Fi
5658,Action
5658,Mecha
5658,Sci-Fi
5658,Shounen
5661,Samurai
5662,Music
5663,Hentai
5664,Hentai
5665,Hentai
5667,Comedy
5667,Ecchi
5667,Harem
5667,School
5667,Sci-Fi
5667,Shounen
5670,Slice of Life
5670,Comedy
5670,School
5670,Seinen
5671,Game
5671,School
5671,Slice of Life
5673,Adventure
5673,Historical
5673,Drama
5674,Hentai
5674,Romance
5674,School
5674,Sports
5675,Sports
5675,Mecha
5675,Shounen
5678,Comedy
5678,Drama
5678,Romance
5678,Fantasy
5680,Music
5680,Slice of Life
5680,Comedy
5680,School
5681,Sci-Fi
5681,Comedy
5682,Action
5682,Drama
5682,Seinen
5682,Thriller
5684,Action
5684,Slice of Life
5684,Comedy
5684,Magic
5684,Fantasy
5684,Shoujo
5686,Hentai
5687,Hentai
5688,Adventure
5688,Comedy
5688,Horror
5688,Supernatural
5688,Fantasy
5689,Adventure
5689,Drama
5689,Fantasy
5690,Comedy
5690,Josei
5690,Music
5690,Romance
5691,Action
5691,Adventure
5691,Magic
5691,Martial Arts
5691,School
5691,Sci-Fi
5691,Super Power
5693,Historical
5702,Action
5702,Super Power
5702,Magic
5702,Romance
5702,Fantasy
5710,Comedy
5712,Kids
5712,Slice of Life
5712,Adventure
5712,Fantasy
5713,Comedy
5713,Slice of Life
5715,Action
5715,Ecchi
5715,Parody
5715,Adventure
5715,Game
5715,Comedy
5715,School
5717,Harem
5717,Music
5717,School
5717,Shoujo
5719,Comedy
5719,Drama
5719,Supernatural
5719,Yaoi
5723,Military
5723,Sci-Fi
5723,Space
5723,Mecha
5725,Action
5725,Adventure
5725,Game
5725,Kids
5725,Sci-Fi
5733,Romance
5733,Hentai
5734,Harem
5734,Romance
5734,Supernatural
5742,Action
5742,Adventure
5742,Space
5742,Sci-Fi
5743,Hentai
5751,Comedy
5751,Sports
5751,School
5751,Shounen
5753,Action
5753,Fantasy
5753,Magic
5753,Shoujo
5755,Action
5755,Space
5755,Mecha
5755,Military
5755,Sci-Fi
5755,Shounen
5760,Action
5760,Adventure
5760,Supernatural
5762,Comedy
5762,Harem
5762,Hentai
5763,Action
5763,Drama
5763,Military
5763,Sci-Fi
5763,Space
5764,Comedy
5764,Ecchi
5764,Fantasy
5764,Harem
5764,Magic
5772,Comedy
5772,Ecchi
5772,Harem
5772,Romance
5773,Hentai
5774,Comedy
5774,Drama
5774,Romance
5774,School
5774,Yaoi
5781,Action
5781,Comedy
5781,Ecchi
5781,Fantasy
5781,Harem
5781,Mecha
5781,School
5783,Adventure
5783,Comedy
5784,Drama
5784,Romance
5784,Sci-Fi
5784,Yaoi
5785,Fantasy
5799,Comedy
5799,Romance
5799,School
5799,Slice of Life
5802,Fantasy
5802,Supernatural
5809,Kids
5810,Comedy
5810,Super Power
5811,Action
5812,Action
5813,Action
5814,Action
5814,Sports
5819,Fantasy
5821,Comedy
5821,Kids
5826,Sports
5828,Action
5828,Demons
5828,Supernatural
5829,Action
5829,Mecha
5829,Sci-Fi
5830,Kids
5830,Comedy
5832,Action
5832,Sports
5832,Drama
5833,Action
5833,Comedy
5833,Kids
5833,Magic
5833,Mecha
5833,Sci-Fi
5833,Shounen
5833,Super Power
5834,Drama
5834,Sports
5835,Drama
5835,Romance
5835,Shoujo
5838,Action
5838,Adventure
5841,Comedy
5842,Comedy
5844,Adventure
5844,Comedy
5844,Fantasy
5844,Kids
5845,Action
5845,Comedy
5845,Fantasy
5845,Kids
5848,Fantasy
5849,Action
5849,Comedy
5849,Supernatural
5849,Shounen
5854,Action
5854,Adventure
5854,Drama
5854,Historical
5854,Romance
5859,Action
5859,Super Power
5859,Sci-Fi
5862,Sci-Fi
5865,Comedy
5865,Drama
5865,Romance
5865,Shounen
5865,Slice of Life
5868,Music
5869,Action
5870,Action
5871,Action
5871,Adventure
5872,Action
5873,Action
5874,Action
5875,Comedy
5875,Demons
5876,Adventure
5876,Historical
5876,Fantasy
5877,Action
5877,Comedy
5877,Ecchi
5878,Fantasy
5878,Sci-Fi
5880,Comedy
5883,Action
5883,Sci-Fi
5883,Martial Arts
5883,Samurai
5886,Adventure
5886,Fantasy
5889,Action
5889,Fantasy
5890,Hentai
5890,Yuri
5891,Mecha
5895,Historical
5895,Magic
5900,Drama
5902,Drama
5902,Yaoi
5904,Drama
5904,Romance
5904,Seinen
5907,Adventure
5907,Fantasy
5907,Sci-Fi
5908,Comedy
5909,Harem
5909,Comedy
5909,Parody
5909,School
5914,Comedy
5914,Ecchi
5914,Shoujo Ai
5914,Slice of Life
5916,Drama
5917,Drama
5918,Mystery
5918,Horror
5918,Demons
5918,Psychological
5918,Supernatural
5918,Drama
5918,Magic
5918,Fantasy
5918,Shoujo
5920,Adventure
5920,Comedy
5920,Fantasy
5921,Adventure
5921,Demons
5921,Fantasy
5922,Adventure
5922,Demons
5922,Fantasy
5923,Adventure
5923,Demons
5923,Fantasy
5924,Drama
5924,Hentai
5924,Historical
5924,Psychological
5925,Music
5925,Fantasy
5926,Magic
5926,Mystery
5926,School
5927,Sci-Fi
5927,Comedy
5927,Romance
5928,Sci-Fi
5928,Drama
5928,Seinen
5929,Drama
5929,Historical
5930,Supernatural
5930,Fantasy
5930,Shoujo
5931,Adventure
5931,Fantasy
5931,Comedy
5933,Adventure
5933,Historical
5933,Drama
5934,Adventure
5934,Fantasy
5935,Adventure
5935,Historical
5936,Drama
5938,Fantasy
5938,Magic
5938,Comedy
5940,Action
5940,Adventure
5940,Fantasy
5941,Comedy
5941,Drama
5941,Romance
5941,School
5941,Shounen
5941,Sports
5943,Adventure
5943,Sci-Fi
5945,Sci-Fi
5945,Shounen
5947,Comedy
5953,Magic
5953,Shoujo
5955,Comedy
5955,Parody
5956,Comedy
5956,Parody
5956,Romance
5956,School
5956,Shounen
5957,Comedy
5958,Sci-Fi
5958,Harem
5958,Comedy
5958,Supernatural
5958,Romance
5958,Ecchi
5958,Shounen
5959,Hentai
5962,Adventure
5962,Comedy
5962,Sports
5967,Action
5967,Comedy
5967,Martial Arts
5967,Sci-Fi
5967,Shounen
5967,Sports
5968,Action
5968,Sci-Fi
5968,Comedy
5968,Sports
5968,Martial Arts
5968,Shounen
5973,Ecchi
5973,Comedy
5973,Sci-Fi
5973,Shounen
5978,Comedy
5978,School
5978,Shounen
5978,Supernatural
5983,Comedy
5984,Drama
5984,Josei
5984,Romance
5984,Slice of Life
5986,Adventure
5986,Fantasy
5987,Kids
5990,Action
5990,Sci-Fi
5990,Space
5990,Comedy
5990,Romance
5990,Fantasy
5992,Comedy
5992,Drama
5992,Romance
5992,School
5992,Shounen
5992,Slice of Life
5993,Hentai
5994,Comedy
5994,School
5994,Sports
5996,Action
5996,Comedy
5996,Sports
5996,Shounen
5997,Action
5997,Slice of Life
5997,Adventure
5997,Police
5997,Martial Arts
5997,Samurai
5997,Historical
5997,Drama
5997,Shounen
5998,Fantasy
6000,Action
6007,Adventure
6007,Fantasy
6007,Historical
6007,Romance
6008,Fantasy
6008,Magic
6008,Shoujo
6012,Historical
6012,Drama
6015,Hentai
6016,Action
6016,Horror
6016,Sci-Fi
6016,Super Power
6018,Drama
6023,Comedy
6023,Ecchi
6023,Romance
6024,Comedy
6024,Kids
6024,Slice of Life
6025,Action
6025,Hentai
6025,Sci-Fi
6028,Sci-Fi
6028,Comedy
6028,Shounen
6030,Action
6030,Sci-Fi
6030,Comedy
6030,Super Power
6030,Ecchi
6030,Seinen
6031,Martial Arts
6031,School
6031,Shounen
6032,Fantasy
6032,Mecha
6032,Drama
6033,Action
6033,Adventure
6033,Comedy
6033,Fantasy
6033,Martial Arts
6033,Shounen
6033,Super Power
6038,Mecha
6038,Sci-Fi
6041,Harem
6041,Hentai
6041,School
6041,Yuri
6045,Slice of Life
6045,Drama
6045,Romance
6045,School
6045,Shoujo
6046,Action
6046,Adventure
6046,Fantasy
6046,Magic
6046,Military
6050,Action
6050,Adventure
6050,Supernatural
6050,Magic
6050,Ecchi
6050,Shounen
6055,Cars
6055,Shounen
6055,Sports
6056,Action
6056,Martial Arts
6056,Historical
6056,Shounen
6060,Drama
6060,Romance
6061,Fantasy
6061,Horror
6062,Action
6062,Adventure
6062,Comedy
6062,Shounen
6063,Comedy
6063,Kids
6064,Comedy
6064,Parody
6065,Romance
6065,School
6067,Action
6067,Adventure
6067,Comedy
6068,Comedy
6068,School
6069,Mystery
6069,Comedy
6069,Horror
6069,Demons
6069,Supernatural
6071,Fantasy
6072,Kids
6072,Adventure
6072,Fantasy
6073,Space
6073,Comedy
6073,Sci-Fi
6074,Space
6074,Comedy
6074,Sci-Fi
6075,Comedy
6076,Comedy
6076,Drama
6076,Sports
6077,Comedy
6077,Fantasy
6078,Sci-Fi
6078,Space
6078,Seinen
6087,Action
6087,Drama
6087,Mecha
6087,Sci-Fi
6090,Action
6090,Magic
6090,Martial Arts
6091,Action
6091,Mystery
6093,Comedy
6093,Historical
6093,Shoujo
6094,Fantasy
6094,Kids
6095,Comedy
6095,Romance
6095,Shoujo
6095,Slice of Life
6096,Action
6096,Comedy
6096,Seinen
6097,Hentai
6097,Comedy
6097,School
6098,Slice of Life
6098,Comedy
6098,Romance
6098,School
6098,Seinen
6107,Comedy
6112,Comedy
6112,Ecchi
6112,Fantasy
6112,Historical
6114,Drama
6114,Historical
6114,Seinen
6114,Thriller
6115,Action
6115,Adventure
6115,Comedy
6115,Mystery
6115,Shounen
6116,Slice of Life
6116,Comedy
6117,Comedy
6117,Romance
6117,School
6117,Shoujo
6119,Comedy
6119,Kids
6120,Demons
6120,Hentai
6120,Martial Arts
6120,Yuri
6122,Hentai
6124,Adventure
6124,Drama
6124,Fantasy
6124,Historical
6124,Supernatural
6127,Comedy
6129,Supernatural
6129,Drama
6129,Magic
6129,Romance
6129,Fantasy
6130,Comedy
6131,Comedy
6133,Hentai
6137,Music
6137,Kids
6148,Slice of Life
6148,Comedy
6148,Seinen
6149,Slice of Life
6149,Comedy
6149,Kids
6149,School
6150,Slice of Life
6150,Historical
6150,Kids
6151,Action
6151,Fantasy
6151,Super Power
6152,Action
6152,Fantasy
6152,Drama
6152,Sci-Fi
6153,Sci-Fi
6153,Adventure
6153,Fantasy
6153,Shounen
6154,Adventure
6154,Sci-Fi
6154,Shounen
6156,Adventure
6156,Comedy
6156,Kids
6162,Action
6162,Adventure
6162,Cars
6162,Sci-Fi
6163,Action
6163,Mystery
6163,Comedy
6163,Historical
6163,Demons
6163,Supernatural
6163,Shounen
6164,Romance
6164,Shoujo Ai
6164,Slice of Life
6165,Drama
6165,Harem
6165,Music
6165,Romance
6166,Comedy
6166,Ecchi
6166,Harem
6166,Romance
6166,Sci-Fi
6169,Action
6169,Fantasy
6169,Magic
6169,Super Power
6169,Supernatural
6171,Action
6171,Adventure
6171,Martial Arts
6171,Shounen
6171,Super Power
6171,Supernatural
6172,Adventure
6172,Mystery
6178,Action
6178,Adventure
6178,Comedy
6178,Drama
6178,Fantasy
6178,Kids
6181,Fantasy
6182,Historical
6182,Drama
6182,Romance
6183,Fantasy
6184,Supernatural
6184,Demons
6187,Comedy
6187,Josei
6187,Music
6187,Romance
6187,Slice of Life
6189,Adventure
6189,Sci-Fi
6194,Hentai
6195,Slice of Life
6198,Police
6198,Comedy
6198,Mystery
6198,Shounen
6199,Magic
6201,Harem
6201,Comedy
6201,Ecchi
6201,School
6202,Adventure
6202,Drama
6203,Comedy
6203,Romance
6203,School
6203,Shoujo Ai
6205,Action
6205,Comedy
6205,Ecchi
6205,Romance
6205,School
6205,Shoujo Ai
6205,Super Power
6206,Comedy
6209,Music
6209,Slice of Life
6209,Space
6209,Mecha
6211,Drama
6213,Action
6213,Sci-Fi
6213,Super Power
6215,Action
6215,Adventure
6215,Magic
6215,Super Power
6215,Music
6215,Sci-Fi
6217,Sci-Fi
6217,Comedy
6217,Historical
6217,Seinen
6219,Fantasy
6219,Romance
6219,Slice of Life
6220,Hentai
6226,Action
6226,Drama
6226,Fantasy
6227,Comedy
6227,Drama
6227,Ecchi
6227,Harem
6227,Music
6229,Action
6229,Drama
6229,Historical
6229,Military
6230,Action
6230,Drama
6230,Historical
6230,Military
6231,Mystery
6231,Shounen
6234,Comedy
6234,Parody
6234,School
6235,Hentai
6245,Comedy
6245,Sci-Fi
6245,Seinen
6246,Drama
6251,Slice of Life
6251,Comedy
6261,Kids
6261,Adventure
6261,Comedy
6261,Drama
6262,Adventure
6262,Fantasy
6262,Historical
6262,Drama
6266,Drama
6266,School
6266,Slice of Life
6267,Fantasy
6267,Horror
6267,Magic
6268,Romance
6270,Fantasy
6270,Horror
6271,Horror
6272,Historical
6273,Historical
6275,Adventure
6275,Fantasy
6275,Kids
6276,Horror
6277,Fantasy
6277,Historical
6280,Action
6280,Fantasy
6280,Military
6281,Sci-Fi
6281,Seinen
6286,Hentai
6286,Yuri
6287,Ecchi
6287,Comedy
6288,Action
6288,Mecha
6288,Sci-Fi
6288,Space
6291,Action
6291,Military
6291,Adventure
6291,Mecha
6293,Action
6293,School
6293,Shounen
6297,Action
6297,Adventure
6297,Comedy
6297,Kids
6297,Super Power
6299,Comedy
6303,Adventure
6303,Comedy
6305,Music
6305,School
6310,Comedy
6311,Comedy
6311,Kids
6311,Magic
6311,School
6312,Action
6312,Adventure
6312,Comedy
6312,Police
6318,Comedy
6318,Ecchi
6318,Magic
6318,Mecha
6318,Parody
6324,Action
6324,Harem
6324,Comedy
6324,Demons
6324,Supernatural
6324,Romance
6324,Ecchi
6324,Fantasy
6325,Action
6325,Comedy
6325,Martial Arts
6325,Shounen
6325,Super Power
6327,Fantasy
6327,Shoujo
6328,Hentai
6328,Psychological
6330,Comedy
6330,Supernatural
6330,Fantasy
6331,Action
6331,Military
6331,Sci-Fi
6331,Space
6331,Comedy
6331,Parody
6331,Mecha
6336,Action
6336,Drama
6336,Mecha
6336,Military
6336,Sci-Fi
6336,Space
6337,Hentai
6344,Action
6344,Adventure
6344,Horror
6344,Supernatural
6344,Drama
6346,Romance
6346,Shoujo
6347,Comedy
6347,Romance
6347,School
6347,Super Power
6351,Drama
6351,Romance
6351,School
6355,Comedy
6361,Drama
6361,Music
6366,Slice of Life
6366,Comedy
6366,Drama
6366,Romance
6366,Seinen
6368,Magic
6372,Comedy
6372,Drama
6372,Mystery
6372,Romance
6372,Slice of Life
6372,Thriller
6374,Action
6374,Adventure
6374,Sci-Fi
6374,Shounen
6375,Action
6375,Adventure
6375,Sci-Fi
6375,Shounen
6377,Comedy
6377,Parody
6377,School
6377,Shounen
6379,Comedy
6379,Ecchi
6379,School
6379,Seinen
6380,Action
6380,Comedy
6380,Sci-Fi
6381,Action
6381,Ecchi
6381,Magic
6381,Military
6381,Sci-Fi
6383,Action
6383,Adventure
6383,Sci-Fi
6383,Shounen
6384,Seinen
6385,Fantasy
6385,Kids
6390,Sci-Fi
6392,Ecchi
6392,Sports
6397,Drama
6397,Slice of Life
6399,Music
6401,Music
6402,Hentai
6408,Mystery
6408,Drama
6408,Romance
6408,School
6412,Music
6413,Action
6413,Comedy
6413,Demons
6413,Supernatural
6418,Action
6418,Comedy
6418,Shounen
6418,Sports
6419,Ecchi
6419,Comedy
6419,Romance
6419,Seinen
6421,Military
6421,Adventure
6421,Drama
6421,Magic
6421,Fantasy
6421,Shounen
6422,Hentai
6425,Game
6425,Comedy
6425,Ecchi
6428,Action
6428,Mecha
6428,Super Power
6428,Sci-Fi
6431,Comedy
6437,Adventure
6437,Comedy
6437,Sci-Fi
6437,Space
6438,Adventure
6438,Comedy
6438,Mystery
6438,Police
6438,Shounen
6443,Action
6443,Ecchi
6443,Adventure
6443,Comedy
6444,Adventure
6444,Supernatural
6444,Fantasy
6444,Shounen
6447,Sci-Fi
6447,Mecha
6447,Shounen
6448,Action
6448,Sci-Fi
6448,Space
6448,Super Power
6452,Action
6452,Mecha
6452,Sci-Fi
6460,Action
6460,Adventure
6460,Comedy
6460,Seinen
6462,Supernatural
6462,Fantasy
6463,Sci-Fi
6463,Kids
6465,Hentai
6467,Action
6467,Mystery
6467,Police
6467,Shounen
6468,Slice of Life
6468,Comedy
6472,Horror
6479,Slice of Life
6479,Romance
6479,Shoujo Ai
6481,Kids
6482,Kids
6484,Action
6484,Comedy
6489,Action
6489,Adventure
6489,Comedy
6489,Drama
6489,Ecchi
6489,Fantasy
6489,Harem
6489,Magic
6489,Romance
6489,School
6491,Music
6491,Slice of Life
6492,Drama
6492,Magic
6492,Fantasy
6492,Shoujo
6496,Adventure
6496,Comedy
6496,Magic
6496,Romance
6500,Action
6500,Super Power
6500,Supernatural
6500,Ecchi
6500,Seinen
6505,Comedy
6505,Romance
6509,Comedy
6509,Drama
6509,Kids
6509,Slice of Life
6511,Action
6511,Adventure
6511,Space
6511,Mecha
6511,Shounen
6512,Harem
6512,Comedy
6512,Romance
6513,Space
6513,Music
6517,Kids
6518,Kids
6519,Kids
6520,Comedy
6520,Fantasy
6520,Kids
6520,Slice of Life
6522,Kids
6523,Kids
6524,Adventure
6524,Kids
6525,Slice of Life
6525,Comedy
6527,Action
6527,Comedy
6527,Fantasy
6527,Magic
6527,Shoujo
6528,Comedy
6531,Hentai
6533,Music
6535,Dementia
6535,Psychological
6535,Romance
6546,Yaoi
6547,Action
6547,Comedy
6547,Drama
6547,School
6547,Supernatural
6548,Ecchi
6548,Music
6553,Comedy
6553,Romance
6553,Shounen Ai
6554,Kids
6554,Adventure
6555,Adventure
6555,Comedy
6555,Fantasy
6555,Kids
6557,Adventure
6557,Comedy
6557,Fantasy
6557,Magic
6558,Hentai
6558,Yuri
6560,Comedy
6560,Dementia
6566,Comedy
6566,Sci-Fi
6567,Action
6567,Sci-Fi
6567,Comedy
6567,Romance
6567,School
6568,School
6571,Comedy
6571,Romance
6571,Slice of Life
6572,Action
6572,Drama
6572,Fantasy
6572,Romance
6572,School
6572,Supernatural
6573,Action
6573,Sci-Fi
6573,Mystery
6573,Super Power
6574,Slice of Life
6574,Comedy
6574,Seinen
6577,Action
6577,Martial Arts
6577,Mecha
6577,Super Power
6579,Action
6579,Game
6579,Drama
6581,Action
6581,Historical
6581,Martial Arts
6581,Samurai
6582,Comedy
6582,Parody
6582,Seinen
6582,Super Power
6583,Adventure
6583,Fantasy
6583,Comedy
6583,Demons
6583,Sci-Fi
6586,Kids
6586,School
6586,Shoujo
6587,Action
6587,Martial Arts
6587,Super Power
6590,Hentai
6590,Demons
6590,Martial Arts
6590,Fantasy
6591,Historical
6591,Romance
6593,Adventure
6593,Fantasy
6593,Kids
6594,Action
6594,Adventure
6594,Historical
6594,Martial Arts
6594,Romance
6604,Comedy
6604,Slice of Life
6607,Adventure
6607,Fantasy
6609,Comedy
6609,Parody
6609,Romance
6610,Action
6610,Thriller
6610,Mystery
6610,Sci-Fi
6616,Action
6616,Romance
6616,Samurai
6616,Sci-Fi
6622,Hentai
6624,Action
6624,Mystery
6624,Romance
6624,Super Power
6624,Thriller
6625,Comedy
6625,Slice of Life
6628,Comedy
6629,Slice of Life
6629,Comedy
6629,Shoujo
6630,Adventure
6630,Shoujo
6630,Slice of Life
6633,Action
6633,Adventure
6633,Ecchi
6633,Fantasy
6634,Action
6634,Historical
6634,Super Power
6634,Martial Arts
6634,Samurai
6635,Hentai
6636,Action
6636,Sci-Fi
6636,Police
6636,Mecha
6637,Action
6637,Comedy
6637,Drama
6637,Mystery
6637,Romance
6637,Thriller
6641,Comedy
6641,Music
6645,Ecchi
6645,Comedy
6645,School
6645,Seinen
6653,Drama
6653,Sci-Fi
6653,Space
6654,Comedy
6654,Samurai
6657,Comedy
6657,Slice of Life
6658,Comedy
6658,Magic
6666,Music
6667,Music
6670,Music
6671,Adventure
6671,Sci-Fi
6672,Action
6672,Mecha
6672,Sci-Fi
6674,Mystery
6674,Comedy
6675,Action
6675,Sci-Fi
6675,Cars
6675,Sports
6676,Action
6676,Supernatural
6676,Mecha
6680,Supernatural
6680,Historical
6682,Action
6682,Ecchi
6682,Super Power
6682,Supernatural
6684,Comedy
6685,Hentai
6686,Hentai
6687,Comedy
6688,Slice of Life
6688,Historical
6689,Hentai
6690,Harem
6690,Hentai
6691,Hentai
6692,Hentai
6693,Comedy
6693,Kids
6694,Hentai
6695,Adventure
6695,Comedy
6695,Fantasy
6701,Kids
6701,Adventure
6701,Fantasy
6701,Magic
6702,Action
6702,Adventure
6702,Comedy
6702,Magic
6702,Fantasy
6702,Shounen
6704,Action
6704,Adventure
6704,Ecchi
6704,Fantasy
6705,Comedy
6707,Action
6707,Comedy
6707,Historical
6707,Demons
6707,Supernatural
6707,Shounen
6709,Comedy
6709,Harem
6709,Romance
6709,Slice of Life
6712,Comedy
6712,Romance
6712,Supernatural
6713,Comedy
6713,Music
6714,Action
6714,Adventure
6714,Comedy
6714,Super Power
6714,Martial Arts
6714,Fantasy
6714,Shounen
6718,Action
6718,Military
6718,Sci-Fi
6718,Adventure
6721,Action
6721,Comedy
6726,Drama
6726,Romance
6726,Shoujo
6727,Comedy
6727,Sci-Fi
6728,Drama
6730,Kids
6731,Comedy
6731,Kids
6731,Super Power
6733,Space
6733,Drama
6733,Sci-Fi
6734,Sci-Fi
6734,Space
6735,Sci-Fi
6735,Space
6736,Mystery
6736,Seinen
6736,Supernatural
6736,Thriller
6741,Action
6741,Comedy
6741,Demons
6741,Magic
6741,Fantasy
6743,Comedy
6743,Fantasy
6746,Action
6746,Mystery
6746,Supernatural
6747,Action
6747,Supernatural
6747,Vampire
6748,Comedy
6748,Magic
6749,Action
6749,Music
6758,Action
6758,Fantasy
6758,Seinen
6758,Super Power
6759,Comedy
6759,Slice of Life
6760,Comedy
6761,Comedy
6762,Comedy
6768,Action
6768,Military
6768,Super Power
6768,Mecha
6769,Music
6771,Adventure
6771,Fantasy
6771,Kids
6772,Action
6772,Fantasy
6772,Mecha
6772,Military
6772,Shounen
6773,Action
6773,Supernatural
6773,Drama
6773,Romance
6773,Fantasy
6774,Comedy
6774,Psychological
6774,Drama
6774,Seinen
6777,Music
6779,Comedy
6779,Fantasy
6779,Kids
6779,Magic
6783,Mystery
6783,Drama
6783,Romance
6787,Action
6787,Drama
6787,Fantasy
6787,Shoujo
6787,Supernatural
6791,Ecchi
6791,Romance
6791,Slice of Life
6792,Parody
6792,Comedy
6792,Mecha
6792,Sci-Fi
6793,Comedy
6793,Demons
6793,Historical
6793,Shounen
6793,Supernatural
6794,Action
6794,Super Power
6794,Martial Arts
6794,Seinen
6795,Sci-Fi
6795,Music
6795,Dementia
6795,Fantasy
6796,Sci-Fi
6796,Comedy
6797,Comedy
6797,Kids
6798,Kids
6800,Action
6800,Sci-Fi
6800,Mecha
6800,Shounen
6802,Military
6802,Sci-Fi
6802,Music
6802,Slice of Life
6809,Horror
6811,Action
6811,Adventure
6811,Comedy
6811,Historical
6811,Demons
6811,Supernatural
6811,Magic
6811,Romance
6811,Fantasy
6811,Shounen
6822,Comedy
6822,Slice of Life
6823,Fantasy
6827,Fantasy
6828,Comedy
6829,Action
6830,Action
6830,Historical
6830,Samurai
6831,Supernatural
6832,Supernatural
6833,Action
6834,Adventure
6835,Historical
6836,Action
6836,Samurai
6837,Comedy
6838,Adventure
6838,Cars
6839,Action
6839,Samurai
6840,Comedy
6840,Sports
6841,Samurai
6842,Sports
6843,Adventure
6844,Military
6846,Adventure
6846,Music
6847,Adventure
6848,Action
6849,Adventure
6850,Action
6850,Military
6851,Adventure
6852,Adventure
6855,Adventure
6856,Music
6857,Military
6857,Historical
6857,Kids
6861,Sci-Fi
6861,Dementia
6861,Fantasy
6862,Comedy
6862,Music
6862,School
6862,Slice of Life
6864,Mystery
6864,Supernatural
6867,Action
6867,Drama
6867,Military
6867,Sci-Fi
6868,Comedy
6872,Action
6872,Adventure
6872,Drama
6872,Sci-Fi
6872,Shounen
6875,Action
6875,Mecha
6875,Drama
6877,Adventure
6877,Comedy
6877,Fantasy
6877,Kids
6878,Adventure
6878,Comedy
6880,Action
6880,Horror
6880,Sci-Fi
6880,Shounen
6880,Supernatural
6882,Comedy
6882,Ecchi
6882,School
6882,Shounen
6883,Fantasy
6883,Comedy
6883,Supernatural
6884,Fantasy
6885,Slice of Life
6885,Comedy
6885,School
6885,Seinen
6889,Action
6889,Sci-Fi
6889,Adventure
6889,Comedy
6889,Super Power
6889,Mecha
6890,Slice of Life
6890,Magic
6890,Comedy
6890,Seinen
6891,Hentai
6892,Hentai
6893,Hentai
6895,Action
6895,Historical
6895,Supernatural
6895,Drama
6895,Samurai
6895,Josei
6896,Comedy
6899,Adventure
6899,Comedy
6899,Kids
6899,Sci-Fi
6900,Comedy
6900,Kids
6901,Game
6901,Military
6901,Adventure
6901,Magic
6902,Historical
6903,Hentai
6904,Action
6904,Horror
6904,Military
6904,Seinen
6904,Super Power
6904,Supernatural
6904,Vampire
6907,Comedy
6909,Adventure
6917,Comedy
6918,Action
6918,Martial Arts
6918,Super Power
6919,Action
6919,Drama
6919,Super Power
6920,Action
6920,Drama
6920,Horror
6920,Vampire
6922,Action
6922,Fantasy
6922,Magic
6922,Supernatural
6927,Mystery
6927,Comedy
6927,Romance
6930,Adventure
6930,Comedy
6930,Fantasy
6930,Kids
6932,Comedy
6935,Slice of Life
6937,Drama
6937,Fantasy
6939,Sci-Fi
6939,Fantasy
6941,Action
6941,Super Power
6941,Adventure
6941,Comedy
6941,Shounen
6942,Sci-Fi
6945,Action
6945,Sci-Fi
6945,Comedy
6945,Historical
6945,Parody
6946,Comedy
6946,Game
6946,Parody
6946,Seinen
6947,Comedy
6947,Sci-Fi
6947,Slice of Life
6948,Mystery
6948,Romance
6948,Supernatural
6950,Fantasy
6950,Dementia
6951,Game
6951,Adventure
6951,Shounen
6953,Dementia
6954,Mystery
6956,Comedy
6956,Romance
6956,Seinen
6956,Slice of Life
6958,Comedy
6959,Slice of Life
6959,Comedy
6959,School
6959,Seinen
6964,Action
6964,Martial Arts
6964,Comedy
6964,Demons
6964,Shounen
6965,Adventure
6965,Comedy
6970,Sci-Fi
6970,Adventure
6970,Mecha
6971,Adventure
6971,Super Power
6971,Demons
6971,Supernatural
6973,Action
6973,Military
6973,Historical
6973,Super Power
6974,Sci-Fi
6974,Mystery
6974,Comedy
6974,Supernatural
6974,School
6975,Adventure
6978,Sci-Fi
6978,Horror
6978,Drama
6979,Adventure
6979,Fantasy
6979,Harem
6979,Magic
6980,Horror
6980,Kids
6980,Mystery
6980,Supernatural
6981,Game
6981,Comedy
6981,Shounen
6984,Slice of Life
6984,Comedy
6984,School
6984,Seinen
6985,Psychological
6985,Supernatural
6985,Romance
6986,Hentai
6987,Ecchi
6987,Romance
6987,Seinen
6988,Adventure
6988,Comedy
6988,Fantasy
6988,Kids
6988,Shounen
6989,Action
6989,Adventure
6989,Sci-Fi
6992,Adventure
6992,Sci-Fi
6993,Comedy
6994,Comedy
6999,Comedy
6999,Sports
7004,Comedy
7014,Drama
7014,Historical
7014,Military
7014,Supernatural
7016,Comedy
7017,Comedy
7020,Comedy
7020,Dementia
7021,Comedy
7022,Comedy
7022,Dementia
7024,Comedy
7024,Dementia
7025,Dementia
7025,Horror
7026,Comedy
7027,Comedy
7028,Comedy
7029,Comedy
7030,Comedy
7031,Fantasy
7032,Comedy
7041,Comedy
7041,Parody
7041,School
7044,Comedy
7044,Parody
7044,School
7044,Shounen
7045,Adventure
7045,Comedy
7045,Fantasy
7045,Historical
7045,Kids
7045,Shounen
7048,Cars
7048,Shounen
7048,Sports
7052,Action
7052,Martial Arts
7052,Samurai
7052,Historical
7052,Seinen
7053,Hentai
7054,Comedy
7054,Romance
7054,School
7054,Shoujo
7058,Adventure
7058,Drama
7058,Fantasy
7058,Shoujo
7058,Shounen Ai
7059,Action
7059,Slice of Life
7059,Drama
7059,School
7060,Sci-Fi
7060,Space
7060,Mecha
7062,Slice of Life
7062,Comedy
7062,School
7062,Seinen
7066,Sci-Fi
7066,Comedy
7066,Romance
7066,Ecchi
7071,Kids
7079,Action
7079,Mystery
7079,Horror
7079,Supernatural
7081,Action
7081,Kids
7081,Mecha
7082,Comedy
7082,Magic
7082,School
7082,Shoujo
7083,Adventure
7083,Fantasy
7083,Magic
7083,Historical
7088,Action
7088,Harem
7088,Comedy
7088,Magic
7088,Ecchi
7088,Fantasy
7088,School
7090,Action
7090,Sci-Fi
7090,Comedy
7090,Magic
7090,Fantasy
7090,Mecha
7090,Shounen
7092,Sports
7092,Comedy
7092,School
7092,Seinen
7103,Fantasy
7103,Shoujo
7106,Action
7106,Sci-Fi
7106,Adventure
7106,Mecha
7108,Comedy
7109,Action
7109,Adventure
7109,Fantasy
7109,Magic
7110,Hentai
7110,Yaoi
7112,Drama
7112,Fantasy
7112,Mystery
7113,Mecha
7113,Sci-Fi
7117,Drama
7117,Historical
7122,Sci-Fi
7122,Space
7124,Action
7124,Sci-Fi
7124,Comedy
7124,Magic
7124,Fantasy
7124,Mecha
7124,Shounen
7135,Adventure
7135,Supernatural
7135,Magic
7139,Fantasy
7139,Sci-Fi
7144,Action
7144,Military
7144,Adventure
7144,Space
7144,Drama
7148,Harem
7148,Comedy
7148,Romance
7148,Ecchi
7148,School
7152,Magic
7152,Comedy
7152,Shoujo
7154,Hentai
7155,Hentai
7155,Sports
7156,Action
7156,Adventure
7156,Sci-Fi
7156,Space
7157,Comedy
7157,Sci-Fi
7157,Shounen
7158,Comedy
7158,Sci-Fi
7158,Shounen
7160,Action
7160,Cars
7160,Comedy
7160,Police
7160,Sports
7162,Comedy
7162,Hentai
7162,Parody
7164,Slice of Life
7164,Fantasy
7164,Comedy
7169,Drama
7169,Historical
7170,Supernatural
7170,Demons
7170,Historical
7171,Demons
7171,Historical
7171,Supernatural
7174,Kids
7175,Comedy
7175,Parody
7175,Super Power
7176,Kids
7176,Slice of Life
7176,Comedy
7177,Comedy
7178,Hentai
7179,Fantasy
7179,Harem
7179,Hentai
7179,School
7179,Supernatural
7189,Comedy
7192,Action
7192,Sci-Fi
7193,Drama
7193,Historical
7193,Psychological
7193,Seinen
7193,Thriller
7211,Comedy
7216,Adventure
7216,Kids
7216,Fantasy
7222,Action
7222,Mecha
7222,Military
7222,Music
7222,Romance
7222,Sci-Fi
7222,Space
7229,Drama
7230,Adventure
7230,Sci-Fi
7243,Comedy
7243,Dementia
7244,Comedy
7245,Fantasy
7247,Action
7247,Kids
7247,Sports
7247,Comedy
7248,Mecha
7248,Space
7252,Adventure
7252,Kids
7252,Drama
7252,Fantasy
7254,Action
7254,Fantasy
7254,Military
7254,Supernatural
7254,Demons
7254,Historical
7254,Shoujo
7255,Comedy
7257,Drama
7257,Fantasy
7257,Psychological
7258,Fantasy
7258,Psychological
7259,Parody
7259,Psychological
7261,Comedy
7262,Hentai
7264,Hentai
7264,Yuri
7265,Hentai
7265,Mystery
7266,Hentai
7268,Hentai
7270,Action
7270,Drama
7270,Mecha
7270,Military
7270,Sci-Fi
7273,Dementia
7273,Drama
7276,Hentai
7279,Action
7279,Sci-Fi
7279,Space
7279,Drama
7279,Seinen
7285,Adventure
7285,Drama
7285,Sci-Fi
7290,Action
7290,Adventure
7290,Sci-Fi
7294,Adventure
7294,Fantasy
7295,Music
7295,Kids
7295,Fantasy
7296,Music
7296,Kids
7303,Adventure
7303,Mystery
7303,Comedy
7303,Police
7303,Shounen
7304,Adventure
7304,Mystery
7305,Adventure
7305,Police
7305,Comedy
7305,Mystery
7305,Shounen
7307,Comedy
7307,Supernatural
7308,Adventure
7308,Drama
7308,Sci-Fi
7311,Comedy
7311,Mystery
7311,Romance
7311,School
7311,Sci-Fi
7311,Supernatural
7314,Adventure
7314,Fantasy
7314,Kids
7322,Comedy
7322,Ecchi
7322,School
7322,Seinen
7329,Kids
7329,Adventure
7329,Comedy
7330,Adventure
7330,Comedy
7330,Kids
7333,Fantasy
7333,Romance
7334,Action
7334,Adventure
7334,Fantasy
7334,Game
7334,Shounen
7336,Action
7336,Sci-Fi
7336,Space
7337,Comedy
7337,Historical
7337,Parody
7338,Action
7338,Mystery
7338,Sci-Fi
7338,Super Power
7343,Hentai
7354,Historical
7363,Action
7363,Martial Arts
7364,Action
7364,Adventure
7364,Magic
7364,Fantasy
7364,Shounen
7366,Drama
7366,Romance
7366,Sci-Fi
7366,Shoujo
7367,Action
7367,Adventure
7367,Comedy
7367,Shounen
7374,Drama
7375,Comedy
7375,Parody
7376,Drama
7376,Fantasy
7376,Romance
7377,Drama
7377,Romance
7395,Game
7395,Adventure
7395,Fantasy
7395,Shounen
7396,Fantasy
7396,Magic
7396,Comedy
7396,Harem
7396,Romance
7396,School
7396,Seinen
7398,Fantasy
7405,Adventure
7405,Super Power
7411,Harem
7411,Hentai
7415,Music
7416,Kids
7419,Action
7419,Adventure
7419,Comedy
7419,Fantasy
7419,Kids
7419,Parody
7419,Sci-Fi
7419,Super Power
7420,Psychological
7420,Drama
7423,Fantasy
7427,Action
7427,Comedy
7427,Ecchi
7427,Shounen
7427,Super Power
7430,Action
7430,Adventure
7430,Comedy
7430,Ecchi
7430,Kids
7430,Magic
7430,Romance
7430,Super Power
7430,Supernatural
7435,Adventure
7435,Demons
7435,Magic
7435,Fantasy
7435,Shounen
7436,Action
7436,Adventure
7436,Magic
7436,Fantasy
7436,Shounen
7445,Comedy
7446,Comedy
7448,Comedy
7449,Comedy
7450,Comedy
7451,Comedy
7452,Comedy
7453,Ecchi
7455,Hentai
7455,School
7456,Hentai
7458,Hentai
7459,Fantasy
7459,Mystery
7461,Comedy
7461,Fantasy
7463,Comedy
7463,Ecchi
7463,Game
7465,Sci-Fi
7465,Slice of Life
7466,Comedy
7468,Harem
7468,Comedy
7468,Ecchi
7468,School
7471,Adventure
7471,Police
7471,Comedy
7471,Mystery
7471,Shounen
7472,Action
7472,Sci-Fi
7472,Comedy
7472,Historical
7472,Parody
7472,Samurai
7472,Shounen
7473,Historical
7474,Comedy
7474,Romance
7474,Drama
7474,Sci-Fi
7475,Romance
7475,School
7475,Shoujo
7477,Adventure
7477,Martial Arts
7477,Samurai
7477,Supernatural
7477,Historical
7479,Adventure
7479,Historical
7479,Sports
7479,Martial Arts
7482,Romance
7482,School
7485,Historical
7488,Fantasy
7491,Adventure
7491,Fantasy
7491,Magic
7491,Shounen
7494,Fantasy
7495,Supernatural
7496,Adventure
7497,Historical
7498,Comedy
7498,Sports
7500,Historical
7501,Comedy
7504,Dementia
7504,Drama
7504,Romance
7505,Comedy
7505,Kids
7505,Drama
7505,Fantasy
7510,Drama
7510,Supernatural
7511,Psychological
7511,Fantasy
7512,Music
7512,Fantasy
7518,Music
7518,Slice of Life
7518,Kids
7522,Action
7522,Adventure
7522,Fantasy
7522,Magic
7523,Comedy
7523,Military
7523,Historical
7524,Historical
7525,Sports
7526,Fantasy
7527,Action
7528,Fantasy
7529,Comedy
7530,Fantasy
7531,Supernatural
7532,Fantasy
7536,Military
7536,Sci-Fi
7536,Space
7536,Mecha
7540,Action
7540,Ecchi
7540,Comedy
7540,Mecha
7547,Slice of Life
7547,Kids
7549,Action
7549,Comedy
7549,Fantasy
7549,Magic
7549,School
7550,Adventure
7550,Comedy
7550,Fantasy
7550,Kids
7551,Action
7551,Adventure
7551,Mecha
7551,Sci-Fi
7559,Action
7559,Supernatural
7559,Magic
7559,Romance
7559,Fantasy
7559,Shounen
7561,Comedy
7568,Comedy
7568,Parody
7569,Comedy
7571,Drama
7571,Slice of Life
7573,Hentai
7575,Slice of Life
7575,Comedy
7575,Romance
7575,Drama
7575,Shoujo
7578,Comedy
7578,Drama
7578,Romance
7579,Comedy
7579,Harem
7579,Romance
7580,Action
7580,Ecchi
7580,Martial Arts
7580,School
7580,Super Power
7581,Hentai
7582,Hentai
7583,Hentai
7588,Mystery
7588,Historical
7588,Drama
7588,Samurai
7588,Seinen
7590,Comedy
7590,Harem
7590,Romance
7591,Comedy
7591,Historical
7591,Parody
7591,Samurai
7591,Seinen
7592,Action
7592,Demons
7592,Shounen
7592,Supernatural
7593,Harem
7593,Comedy
7593,Romance
7593,Ecchi
7593,School
7593,Seinen
7596,Comedy
7596,Parody
7596,Sci-Fi
7597,Comedy
7597,Seinen
7597,Slice of Life
7598,Sci-Fi
7598,Mystery
7598,Thriller
7601,Fantasy
7605,Adventure
7605,Comedy
7605,Fantasy
7605,Kids
7605,Magic
7610,Historical
7610,Fantasy
7611,Hentai
7612,Hentai
7616,Slice of Life
7616,Drama
7617,Comedy
7617,Fantasy
7619,Adventure
7619,Demons
7619,Supernatural
7621,Horror
7621,Supernatural
7621,Fantasy
7625,Fantasy
7625,Kids
7626,Adventure
7626,Fantasy
7626,Shounen
7627,Comedy
7627,School
7627,Slice of Life
7629,Comedy
7629,Drama
7629,Slice of Life
7633,Fantasy
7639,Adventure
7639,Fantasy
7639,Shounen
7643,Slice of Life
7643,Comedy
7643,Kids
7645,Action
7645,Slice of Life
7645,Comedy
7645,Magic
7645,Fantasy
7645,School
7645,Shoujo
7646,Comedy
7646,Kids
7647,Comedy
7647,Romance
7647,Seinen
7651,Drama
7651,Historical
7651,Psychological
7651,Seinen
7654,Drama
7655,Comedy
7655,Drama
7655,Shounen
7655,Sports
7659,Music
7661,Sports
7661,Drama
7661,Seinen
7662,Mystery
7662,Horror
7662,Supernatural
7664,Kids
7664,Adventure
7664,Fantasy
7666,Comedy
7666,Sci-Fi
7666,Shounen
7667,Comedy
7667,Sci-Fi
7667,Shounen
7668,Romance
7669,Comedy
7669,Fantasy
7669,School
7674,Comedy
7674,Drama
7674,Romance
7674,Shounen
7681,Adventure
7681,Fantasy
7681,Historical
7681,Sci-Fi
7683,Drama
7691,Harem
7695,Action
7695,Adventure
7695,Fantasy
7695,Kids
7696,Historical
7697,Action
7697,Historical
7698,Action
7698,Historical
7705,Harem
7705,School
7705,Shoujo
7708,Hentai
7709,Kids
7709,Slice of Life
7711,Fantasy
7712,Hentai
7713,Fantasy
7715,Fantasy
7718,Fantasy
7720,Comedy
7720,Seinen
7720,Sports
7721,Adventure
7721,Comedy
7723,Comedy
7723,Fantasy
7723,Kids
7723,Supernatural
7723,Vampire
7724,Horror
7724,Mystery
7724,Supernatural
7724,Thriller
7724,Vampire
7728,Action
7728,Supernatural
7728,Vampire
7728,Seinen
7729,Adventure
7730,Hentai
7739,Ecchi
7739,Comedy
7739,Super Power
7739,Supernatural
7740,Action
7740,Adventure
7740,Ecchi
7740,Fantasy
7744,Ecchi
7744,Comedy
7745,Action
7745,Comedy
7745,Shounen
7745,Supernatural
7748,Hentai
7748,School
7748,Yuri
7750,Comedy
7750,Sci-Fi
7751,Comedy
7752,Action
7752,Adventure
7752,Fantasy
7759,Comedy
7759,Slice of Life
7761,Comedy
7762,Comedy
7762,Demons
7762,Supernatural
7768,Mystery
7768,Comedy
7768,Super Power
7769,Comedy
7769,Parody
7769,Romance
7770,Slice of Life
7770,Comedy
7771,Fantasy
7771,Music
7771,Kids
7774,Comedy
7774,Ecchi
7774,Fantasy
7775,Drama
7779,Kids
7779,Fantasy
7779,Drama
7781,Mecha
7781,Romance
7781,Sci-Fi
7782,Comedy
7785,Mystery
7785,Comedy
7785,Psychological
7785,Romance
7786,Action
7786,Adventure
7786,Fantasy
7791,Comedy
7791,Music
7791,School
7791,Slice of Life
7793,Action
7793,Shounen
7793,Sports
7803,Kids
7805,Comedy
7805,Romance
7807,Slice of Life
7807,Magic
7807,Comedy
7807,Shoujo
7808,Adventure
7808,Comedy
7808,Historical
7808,Romance
7809,Dementia
7810,Dementia
7811,Dementia
7816,Comedy
7816,Sci-Fi
7816,Shounen
7817,Comedy
7817,Ecchi
7817,Romance
7817,School
7817,Seinen
7818,Fantasy
7818,Shoujo
7836,Sports
7843,Dementia
7844,Dementia
7845,Adventure
7845,Fantasy
7856,Dementia
7857,Comedy
7857,Historical
7858,Sci-Fi
7858,Harem
7858,Comedy
7858,Supernatural
7858,Ecchi
7858,Shounen
7861,Historical
7861,Drama
7861,Shoujo
7862,Mecha
7864,Hentai
7864,Parody
7864,Sci-Fi
7867,Action
7867,Adventure
7867,Kids
7870,Magic
7870,Comedy
7870,School
7875,Ecchi
7876,Adventure
7876,Kids
7876,Fantasy
7877,Drama
7877,School
7877,Slice of Life
7882,Comedy
7882,Magic
7882,Parody
7897,Ecchi
7900,Action
7900,Sci-Fi
7900,Adventure
7902,Parody
7902,Fantasy
7902,Comedy
7902,Military
7904,Adventure
7904,Drama
7904,Fantasy
7904,Historical
7904,Slice of Life
7908,Hentai
7914,Hentai
7915,Comedy
7915,Parody
7939,Adventure
7939,Fantasy
7939,Comedy
7939,Dementia
7939,Music
7939,Mystery
7953,Adventure
7953,Fantasy
7953,Magic
7953,Mecha
7953,Romance
7953,Super Power
7953,Supernatural
7953,Music
7953,Sci-Fi
7955,Slice of Life
7956,Comedy
7956,Sci-Fi
7960,Action
7960,Game
7967,Historical
7967,Drama
7969,Hentai
7972,Slice of Life
7972,Comedy
7972,Kids
7980,Slice of Life
7980,Comedy
7980,Supernatural
7980,School
7981,Comedy
7981,Kids
7981,School
7981,Slice of Life
7981,Supernatural
7982,Adventure
7985,Historical
7985,Fantasy
8011,Action
8011,Comedy
8011,Mecha
8011,Sci-Fi
8017,Action
8017,Drama
8017,Mecha
8017,Military
8017,Sci-Fi
8022,Comedy
8022,School
8023,Comedy
8025,Comedy
8026,Action
8026,Adventure
8026,Shounen
8038,Comedy
8038,Josei
8038,Music
8038,Romance
8039,Hentai
8041,Comedy
8041,Ecchi
8042,School
8042,Sports
8057,Adventure
8057,Comedy
8057,Ecchi
8057,Fantasy
8057,Historical
8062,Comedy
8063,Comedy
8063,Drama
8063,Romance
8063,Shounen Ai
8064,Action
8064,Fantasy
8064,Supernatural
8064,Seinen
8065,Action
8065,Adventure
8065,Mecha
8068,Demons
8068,Supernatural
8074,Action
8074,Horror
8074,Supernatural
8074,Ecchi
8074,Shounen
8078,Action
8078,Comedy
8079,Dementia
8079,Sci-Fi
8081,Comedy
8081,Horror
8081,Fantasy
8086,Action
8086,Adventure
8086,Magic
8086,Fantasy
8086,Shounen
8092,Historical
8097,Action
8097,Adventure
8097,Comedy
8097,Seinen
8098,Action
8098,Drama
8098,Mecha
8098,Military
8098,Sci-Fi
8100,Action
8100,Sci-Fi
8100,Psychological
8101,Comedy
8101,Ecchi
8101,Seinen
8108,Adventure
8108,Comedy
8108,Kids
8109,Kids
8109,Adventure
8109,Comedy
8110,Hentai
8111,Hentai
8115,Adventure
8115,Space
8115,Fantasy
8120,Slice of Life
8120,School
8120,Drama
8123,Comedy
8123,Slice of Life
8129,Slice of Life
8129,Comedy
8129,Josei
8130,Sci-Fi
8130,Adventure
8130,Comedy
8130,Mecha
8132,Action
8132,Mecha
8132,Historical
8133,Action
8133,Fantasy
8133,Magic
8133,Shoujo
8134,Comedy
8139,Adventure
8139,Comedy
8139,Drama
8140,Adventure
8140,Comedy
8140,Drama
8141,Adventure
8141,Comedy
8141,Drama
8142,Drama
8142,Slice of Life
8142,Supernatural
8143,Comedy
8145,Action
8145,Fantasy
8145,Horror
8145,Kids
8145,Shounen
8145,Supernatural
8146,Action
8146,Fantasy
8146,Horror
8146,Shounen
8146,Supernatural
8149,Adventure
8149,Comedy
8149,Horror
8149,Supernatural
8149,Fantasy
8150,Adventure
8150,Comedy
8150,Fantasy
8150,Horror
8150,Supernatural
8152,Adventure
8152,Comedy
8152,Fantasy
8152,Horror
8152,Supernatural
8153,Adventure
8153,Fantasy
8153,Comedy
8153,Supernatural
8153,Horror
8154,Adventure
8154,Comedy
8154,Fantasy
8154,Horror
8154,Supernatural
8155,Adventure
8155,Comedy
8155,Fantasy
8155,Horror
8155,Supernatural
8156,Sports
8156,Demons
8156,Supernatural
8157,Adventure
8157,Comedy
8157,Fantasy
8157,Horror
8157,Supernatural
8158,Adventure
8158,Fantasy
8158,Comedy
8158,Supernatural
8158,Horror
8162,Fantasy
8162,Horror
8162,Mystery
8171,Action
8171,Adventure
8171,Comedy
8171,Fantasy
8171,Shounen
8171,Super Power
8176,Comedy
8176,Parody
8178,Slice of Life
8179,Comedy
8179,Sports
8180,Adventure
8180,Comedy
8181,Sci-Fi
8182,Adventure
8182,Horror
8183,Adventure
8184,Adventure
8187,Comedy
8189,Comedy
8189,Parody
8190,Comedy
8190,Romance
8190,Josei
8191,Comedy
8191,Sci-Fi
8192,Comedy
8192,Sci-Fi
8194,Adventure
8194,Fantasy
8194,Horror
8194,Magic
8194,Supernatural
8195,Kids
8196,Comedy
8196,Parody
8196,Seinen
8196,Sports
8196,Super Power
8197,Military
8197,Music
8197,Sci-Fi
8197,Slice of Life
8205,Comedy
8205,Fantasy
8205,Kids
8206,Magic
8206,Shoujo
8208,Adventure
8208,Comedy
8208,Horror
8208,School
8208,Shounen
8208,Supernatural
8211,Action
8211,Supernatural
8211,Vampire
8213,Comedy
8214,Action
8214,Historical
8215,Action
8215,Parody
8215,Comedy
8215,Sci-Fi
8216,Sports
8216,Martial Arts
8216,Seinen
8217,Fantasy
8217,Magic
8217,School
8217,Shoujo
8218,Fantasy
8220,Comedy
8220,Kids
8226,Adventure
8226,Horror
8226,Supernatural
8226,Magic
8226,Fantasy
8227,Adventure
8227,Horror
8227,Supernatural
8227,Magic
8227,Fantasy
8228,Adventure
8228,Comedy
8228,Horror
8228,Supernatural
8228,School
8228,Shounen
8229,Fantasy
8230,Romance
8230,Music
8230,Drama
8231,Magic
8231,Parody
8233,Historical
8233,Magic
8233,Romance
8234,Adventure
8234,Comedy
8234,Fantasy
8234,Slice of Life
8235,Adventure
8235,Comedy
8235,Fantasy
8235,Slice of Life
8239,Adventure
8239,Drama
8240,Kids
8240,Adventure
8240,Comedy
8240,Historical
8241,Game
8241,Comedy
8241,Ecchi
8243,Adventure
8243,Fantasy
8244,Comedy
8244,Kids
8245,Adventure
8245,Comedy
8245,Sports
8246,Action
8246,Comedy
8246,Martial Arts
8246,Shounen
8246,Super Power
8247,Action
8247,Adventure
8247,Comedy
8247,Super Power
8247,Supernatural
8247,Shounen
8248,Action
8248,Military
8248,Sci-Fi
8248,Drama
8248,Mecha
8249,Action
8249,Drama
8249,Mecha
8249,Military
8249,Sci-Fi
8250,Action
8250,Drama
8250,Mecha
8250,Military
8250,Sci-Fi
8258,Comedy
8258,Romance
8275,Hentai
8277,Action
8277,Harem
8277,Comedy
8277,Ecchi
8277,Samurai
8277,School
8278,Action
8278,Demons
8278,Horror
8278,Military
8278,Mystery
8278,Police
8278,Supernatural
8278,Thriller
8285,Action
8285,Adventure
8285,Mecha
8285,Sci-Fi
8287,Action
8287,Historical
8287,Mecha
8289,Hentai
8290,Hentai
8291,Hentai
8292,Hentai
8293,Hentai
8294,Hentai
8297,Action
8297,Mecha
8297,Sci-Fi
8302,Ecchi
8302,Seinen
8304,Historical
8304,Shounen
8310,Adventure
8310,Comedy
8310,Romance
8310,Shounen
8311,Adventure
8311,Supernatural
8311,Fantasy
8311,Shounen
8312,Music
8314,Comedy
8314,Parody
8314,Seinen
8314,Super Power
8316,Comedy
8316,Parody
8316,Seinen
8316,Sports
8316,Super Power
8317,Comedy
8317,Parody
8317,School
8324,Drama
8324,Romance
8324,Shounen
8331,Police
8331,Comedy
8331,Mystery
8331,Shounen
8332,Fantasy
8333,Fantasy
8336,Comedy
8336,Kids
8337,Action
8337,Fantasy
8337,Historical
8339,Comedy
8339,Romance
8339,Yaoi
8345,Comedy
8345,Slice of Life
8346,Fantasy
8348,Mecha
8348,Music
8353,Comedy
8355,Comedy
8355,Parody
8355,Super Power
8356,Comedy
8356,Parody
8356,Super Power
8357,Comedy
8357,Parody
8357,Super Power
8358,Action
8358,Adventure
8358,Comedy
8358,Seinen
8359,Adventure
8359,Magic
8359,Ecchi
8359,Seinen
8360,Slice of Life
8360,Comedy
8360,Ecchi
8360,School
8360,Seinen
8361,Slice of Life
8361,Comedy
8361,Ecchi
8361,School
8361,Seinen
8362,Action
8362,Adventure
8362,Comedy
8362,Seinen
8363,Action
8363,Adventure
8363,Comedy
8363,Seinen
8364,Action
8364,Adventure
8364,Comedy
8364,Historical
8364,Fantasy
8364,Seinen
8365,Comedy
8365,Ecchi
8365,School
8365,Seinen
8365,Slice of Life
8366,Slice of Life
8366,Comedy
8366,Ecchi
8366,School
8366,Seinen
8367,Comedy
8367,Ecchi
8367,School
8367,Seinen
8367,Slice of Life
8368,Sci-Fi
8368,Comedy
8368,Seinen
8369,Sci-Fi
8369,Adventure
8369,Comedy
8369,Seinen
8372,Comedy
8373,Adventure
8373,Comedy
8375,Adventure
8375,Mecha
8375,Sci-Fi
8375,Shounen
8394,Action
8394,Adventure
8394,Mecha
8394,Sci-Fi
8394,Shounen
8403,Drama
8407,Comedy
8407,Ecchi
8407,Harem
8407,Romance
8407,Sci-Fi
8407,Shounen
8407,Supernatural
8408,Action
8408,Comedy
8408,Supernatural
8409,Comedy
8410,Adventure
8410,Comedy
8410,Sports
8415,Adventure
8415,Drama
8415,Historical
8416,Comedy
8417,Comedy
8422,Comedy
8422,Vampire
8422,Shoujo
8423,Comedy
8423,Sports
8424,Harem
8424,Comedy
8424,Ecchi
8424,School
8425,Mystery
8425,Historical
8425,Drama
8425,Romance
8426,Drama
8426,Romance
8426,School
8426,Seinen
8426,Slice of Life
8431,Comedy
8431,Shoujo
8431,Slice of Life
8436,Military
8436,Historical
8438,Adventure
8438,Comedy
8438,Fantasy
8438,Kids
8440,Comedy
8442,Adventure
8442,Comedy
8442,Fantasy
8442,Mecha
8442,Shounen
8443,Comedy
8443,Magic
8443,Shoujo
8446,Fantasy
8446,Music
8449,Action
8449,Sci-Fi
8449,Shounen Ai
8450,Drama
8451,Drama
8456,Action
8456,Adventure
8456,Ecchi
8456,Fantasy
8457,Action
8457,Magic
8457,Comedy
8457,Super Power
8457,Supernatural
8457,Shounen
8460,Action
8460,Shounen
8460,Supernatural
8464,Comedy
8464,Ecchi
8464,School
8465,Comedy
8465,Ecchi
8465,Fantasy
8465,Magic
8465,Shounen
8471,Hentai
8475,Drama
8475,Historical
8476,Demons
8476,Historical
8476,Military
8476,Romance
8476,Seinen
8476,Supernatural
8478,Kids
8479,Comedy
8479,Historical
8479,Parody
8481,Drama
8481,Romance
8481,School
8486,Fantasy
8486,Mecha
8487,Action
8487,Demons
8487,Supernatural
8490,Action
8490,Adventure
8490,Comedy
8490,Fantasy
8490,Kids
8490,Parody
8490,Sports
8491,Action
8491,Adventure
8491,Fantasy
8491,Kids
8491,Supernatural
8492,Fantasy
8492,Kids
8493,Adventure
8493,Super Power
8493,Demons
8493,Supernatural
8494,Fantasy
8494,Kids
8495,Kids
8495,Magic
8495,Fantasy
8496,Comedy
8500,Comedy
8500,Historical
8500,Samurai
8500,Seinen
8501,Comedy
8501,Kids
8501,Supernatural
8503,Kids
8503,Magic
8507,Comedy
8507,Ecchi
8514,Action
8514,Fantasy
8514,Mecha
8514,Military
8514,Shounen
8516,Comedy
8516,Romance
8516,School
8516,Super Power
8518,School
8518,Slice of Life
8520,Kids
8520,Comedy
8521,Kids
8521,Comedy
8522,Comedy
8522,School
8522,Sports
8523,Hentai
8524,Slice of Life
8524,Comedy
8524,Romance
8524,School
8525,Comedy
8525,Harem
8525,Romance
8525,Shounen
8525,Supernatural
8526,Sci-Fi
8532,Comedy
8532,Shounen
8533,Demons
8533,Drama
8533,Historical
8533,Romance
8536,Comedy
8536,Romance
8536,School
8536,Supernatural
8536,Vampire
8538,Comedy
8538,Romance
8538,School
8538,Shoujo
8539,Horror
8542,Drama
8542,Romance
8542,School
8542,Shoujo
8542,Sports
8546,Comedy
8546,Sci-Fi
8546,Shounen
8547,Comedy
8547,Sci-Fi
8547,Shounen
8548,Comedy
8548,Sci-Fi
8548,Shounen
8550,Comedy
8550,Sci-Fi
8550,Shounen
8551,Comedy
8551,Sci-Fi
8551,Shounen
8553,Action
8553,Adventure
8553,Comedy
8553,Sci-Fi
8554,Historical
8554,Drama
8557,Comedy
8557,Shounen
8557,Slice of Life
8560,Romance
8560,School
8560,Shoujo
8561,Sci-Fi
8563,Adventure
8563,Drama
8563,Sci-Fi
8567,Fantasy
8567,Kids
8574,Hentai
8577,Romance
8577,Ecchi
8577,Seinen
8584,Military
8584,Drama
8595,Adventure
8595,Comedy
8595,Fantasy
8595,Kids
8595,Magic
8598,Adventure
8598,Demons
8598,Fantasy
8599,Comedy
8599,Ecchi
8603,Music
8603,Slice of Life
8603,Kids
8603,School
8604,Music
8604,Comedy
8604,Kids
8609,Adventure
8609,Comedy
8609,Mystery
8609,Police
8609,Shounen
8619,Ecchi
8619,Music
8624,Action
8624,Adventure
8624,Comedy
8624,Fantasy
8624,Shounen
8626,Slice of Life
8626,Music
8628,Fantasy
8628,Music
8630,Action
8630,Comedy
8630,Romance
8630,School
8631,Slice of Life
8631,Comedy
8632,Comedy
8634,Comedy
8634,Romance
8634,Yaoi
8635,Ecchi
8635,Music
8643,Ecchi
8643,Comedy
8643,Romance
8643,Drama
8643,Seinen
8644,Comedy
8644,Fantasy
8644,Kids
8645,Music
8645,Kids
8646,Music
8646,Kids
8647,Comedy
8647,Demons
8648,Comedy
8648,Fantasy
8651,Hentai
8652,Hentai
8653,Hentai
8654,Hentai
8655,Hentai
8659,Music
8659,Kids
8660,Music
8660,Comedy
8660,Kids
8661,Music
8661,Slice of Life
8661,Kids
8663,Psychological
8663,Romance
8664,Action
8664,Adventure
8664,Comedy
8664,Fantasy
8664,Game
8666,Adventure
8666,Comedy
8666,Mecha
8666,Sci-Fi
8666,Shounen
8667,Music
8667,Kids
8667,Fantasy
8668,Ecchi
8669,Music
8669,Slice of Life
8669,Kids
8670,Kids
8671,Kids
8671,Music
8671,Slice of Life
8675,Comedy
8675,School
8675,Shounen
8675,Slice of Life
8676,Slice of Life
8676,Comedy
8676,Romance
8676,School
8677,Historical
8678,Action
8678,Historical
8679,Music
8679,Comedy
8679,Kids
8680,Music
8680,Slice of Life
8680,Kids
8681,Music
8681,Kids
8681,Samurai
8682,Horror
8685,Supernatural
8687,Sci-Fi
8687,Comedy
8687,Kids
8687,Shounen
8689,Dementia
8689,Psychological
8696,Music
8696,Kids
8697,Music
8697,Kids
8701,Slice of Life
8701,Comedy
8704,Music
8704,Kids
8704,Fantasy
8705,Comedy
8706,Comedy
8706,Sci-Fi
8707,Mecha
8707,Sci-Fi
8709,Adventure
8709,Comedy
8709,Fantasy
8709,Kids
8710,Comedy
8710,Sci-Fi
8713,Drama
8713,Romance
8713,Slice of Life
8716,Sci-Fi
8716,Music
8716,Space
8716,Comedy
8716,Kids
8717,Music
8717,Kids
8718,Music
8718,Kids
8718,Drama
8719,Music
8719,Slice of Life
8719,Kids
8722,Music
8722,Kids
8722,Fantasy
8723,Comedy
8724,Music
8724,Kids
8724,Fantasy
8726,Slice of Life
8726,Comedy
8726,Seinen
8728,Supernatural
8728,School
8729,Kids
8729,Music
8729,School
8729,Slice of Life
8730,Music
8730,Kids
8730,Fantasy
8731,Kids
8731,Music
8732,Music
8732,Kids
8733,Music
8733,Kids
8733,Fantasy
8740,Action
8740,Adventure
8740,Comedy
8740,Fantasy
8740,Shounen
8740,Super Power
8743,Drama
8743,Military
8743,Sci-Fi
8743,Slice of Life
8745,Action
8745,Demons
8745,Supernatural
8745,Fantasy
8749,Comedy
8751,Music
8751,Comedy
8751,Fantasy
8752,Music
8752,Kids
8753,Kids
8753,Space
8754,Comedy
8754,Slice of Life
8756,Demons
8756,Magic
8756,Romance
8756,Shoujo
8763,Comedy
8763,Historical
8764,Comedy
8764,Historical
8765,Comedy
8765,Ecchi
8765,Romance
8767,Comedy
8767,Romance
8767,Sci-Fi
8767,Shounen
8768,Romance
8768,School
8768,Shoujo
8769,Slice of Life
8769,Comedy
8772,Music
8772,Kids
8773,Music
8773,Kids
8774,Kids
8774,Fantasy
8777,Adventure
8777,Historical
8777,Music
8777,Drama
8778,Music
8778,Kids
8782,Music
8782,Kids
8782,Fantasy
8783,Kids
8786,Comedy
8786,Sports
8792,Comedy
8795,Action
8795,Comedy
8795,Parody
8795,Supernatural
8795,Ecchi
8799,Action
8799,Sci-Fi
8799,Adventure
8800,Action
8800,Historical
8800,Military
8800,Super Power
8812,Adventure
8815,Comedy
8829,Comedy
8829,Slice of Life
8832,Comedy
8832,Slice of Life
8837,Action
8837,Demons
8837,Hentai
8837,Martial Arts
8837,Supernatural
8839,Adventure
8839,Space
8839,Mecha
8840,Action
8840,Historical
8840,Military
8840,Super Power
8841,Action
8841,Comedy
8841,Ecchi
8841,Harem
8841,Magic
8841,Supernatural
8842,Comedy
8842,Seinen
8842,Slice of Life
8848,Comedy
8848,Seinen
8848,Slice of Life
8853,Action
8853,Adventure
8853,Comedy
8853,Mecha
8853,Sci-Fi
8855,Fantasy
8857,Slice of Life
8857,Comedy
8857,School
8857,Shounen
8861,Drama
8861,Ecchi
8861,Harem
8861,Romance
8862,Comedy
8876,Comedy
8876,Ecchi
8876,Seinen
8879,Action
8879,Adventure
8879,Kids
8879,Sci-Fi
8883,Comedy
8883,Mecha
8888,Action
8888,Mecha
8888,Military
8888,Sci-Fi
8889,Comedy
8889,Magic
8889,Romance
8889,Ecchi
8890,Comedy
8890,Romance
8891,Comedy
8891,Romance
8894,Kids
8894,School
8894,Shoujo
8896,Drama
8896,Historical
8897,Action
8897,Adventure
8897,Sci-Fi
8897,Kids
8898,Action
8898,Sports
8899,Action
8899,Adventure
8899,Kids
8899,Sci-Fi
8900,Adventure
8900,Comedy
8900,Fantasy
8900,Kids
8900,Romance
8900,Shounen
8908,Comedy
8908,School
8909,Comedy
8915,Action
8915,Mystery
8915,Historical
8915,Supernatural
8917,Sci-Fi
8917,Space
8918,Hentai
8919,Adventure
8920,Horror
8921,Action
8921,Super Power
8921,Music
8925,Comedy
8925,Slice of Life
8928,Dementia
8934,Action
8934,Romance
8934,Mecha
8934,Shounen
8935,Comedy
8935,Sci-Fi
8936,Drama
8937,Action
8937,Magic
8937,Sci-Fi
8937,Super Power
8939,Music
8939,Sci-Fi
8939,Space
8949,Kids
8950,Adventure
8950,Slice of Life
8950,Historical
8950,Shoujo
8952,Comedy
8953,Action
8953,School
8953,Shounen
8953,Sports
8955,Action
8955,Adventure
8955,Comedy
8955,Fantasy
8955,Sci-Fi
8956,Action
8956,Adventure
8956,Kids
8957,Comedy
8958,Comedy
8959,Parody
8959,Comedy
8960,Action
8960,Comedy
8961,Comedy
8961,Samurai
8961,Seinen
8963,Adventure
8963,Comedy
8963,Kids
8964,Adventure
8964,Comedy
8964,Kids
8965,Kids
8965,Adventure
8965,Comedy
8966,Adventure
8966,Comedy
8966,Kids
8967,Drama
8968,Parody
8968,Game
8968,Comedy
8972,Magic
8972,Shoujo
8985,Comedy
8986,Action
8986,Demons
8986,Horror
8986,Supernatural
8987,Hentai
8993,Hentai
8993,Comedy
8993,Supernatural
8995,Action
8995,Adventure
8995,Magic
8995,Martial Arts
8995,Fantasy
8999,Action
8999,Adventure
9000,Adventure
9000,Military
9000,Romance
9001,Sci-Fi
9002,Kids
9005,Comedy
9005,Harem
9005,Romance
9006,Hentai
9007,Comedy
9007,Fantasy
9007,Kids
9008,Hentai
9009,Hentai
9013,Comedy
9013,Slice of Life
9014,Romance
9014,Supernatural
9014,Drama
9014,Shoujo Ai
9015,Comedy
9015,Kids
9015,Magic
9015,Fantasy
9023,Comedy
9028,Comedy
9028,Martial Arts
9028,Police
9028,Sports
9032,Shounen
9032,Sports
9032,Super Power
9035,Adventure
9035,Music
9040,Action
9040,Mecha
9040,Sci-Fi
9040,Shounen
9041,Action
9041,Sci-Fi
9041,Harem
9041,Comedy
9041,Ecchi
9041,Mecha
9043,Action
9043,Fantasy
9045,Adventure
9045,Kids
9045,Fantasy
9047,Action
9047,Sci-Fi
9047,Super Power
9053,Action
9053,Sci-Fi
9053,Military
9055,Slice of Life
9055,Comedy
9055,Drama
9056,Dementia
9056,Music
9056,Horror
9061,Adventure
9061,Fantasy
9062,Action
9062,Comedy
9062,School
9062,Supernatural
9063,Comedy
9063,Ecchi
9065,Action
9065,Drama
9065,Historical
9065,Josei
9065,Samurai
9065,Supernatural
9070,Comedy
9074,Comedy
9074,Romance
9074,Seinen
9077,Sports
9077,Comedy
9077,School
9077,Drama
9077,Shounen
9078,Action
9078,Comedy
9078,School
9078,Drama
9078,Sports
9078,Shounen
9087,Action
9087,Comedy
9087,Parody
9087,Fantasy
9087,Mecha
9088,Action
9088,Adventure
9088,Drama
9088,Fantasy
9091,Hentai
9091,Fantasy
9095,Adventure
9095,Historical
9098,Action
9098,Comedy
9098,Fantasy
9098,Mecha
9098,Parody
9100,Comedy
9106,Action
9106,Adventure
9106,Fantasy
9106,Shounen
9107,Action
9107,Adventure
9107,Comedy
9107,Fantasy
9107,Kids
9117,Romance
9117,School
9119,Kids
9119,Slice of Life
9120,Action
9120,Supernatural
9120,Comedy
9120,School
9120,Demons
9120,Shounen
9121,Action
9121,Sci-Fi
9121,Shounen
9124,Comedy
9124,Seinen
9124,Sports
9127,Action
9127,Comedy
9127,Supernatural
9127,Shounen
9130,Action
9130,Adventure
9130,Martial Arts
9130,Shounen
9130,Super Power
9130,Supernatural
9135,Action
9135,Adventure
9135,Comedy
9135,Drama
9135,Fantasy
9135,Magic
9135,Military
9135,Shounen
9136,Fantasy
9136,Supernatural
9136,Comedy
9136,Parody
9136,Shounen
9154,Mystery
9154,Shounen
9159,Action
9159,Comedy
9159,Horror
9159,Supernatural
9159,Shounen
9163,Sports
9163,Drama
9163,Shoujo
9164,Sports
9164,Drama
9164,Shoujo
9165,Sports
9165,Drama
9165,Shoujo
9166,Sports
9166,Drama
9166,Shoujo
9167,Ecchi
9170,Mecha
9170,Parody
9170,Sci-Fi
9170,Space
9172,Adventure
9172,Fantasy
9175,Kids
9175,Slice of Life
9175,Comedy
9175,Shoujo
9177,Sports
9177,Shounen
9181,Sci-Fi
9181,Harem
9181,Comedy
9181,Ecchi
9181,School
9181,Shounen
9200,Adventure
9200,Comedy
9200,Historical
9201,Action
9201,Comedy
9201,Ecchi
9201,Shounen
9201,Sports
9202,Action
9202,Super Power
9202,Supernatural
9202,Ecchi
9202,Seinen
9203,Comedy
9204,Action
9204,Adventure
9204,Fantasy
9204,Kids
9205,Comedy
9205,Seinen
9205,Sports
9211,Hentai
9212,Romance
9212,Shoujo
9213,Drama
9213,Music
9213,Sci-Fi
9213,Slice of Life
9220,Comedy
9220,Supernatural
9220,School
9221,Action
9221,Adventure
9221,Kids
9221,Mecha
9221,Sci-Fi
9228,Action
9228,Adventure
9228,Drama
9228,Fantasy
9232,Yaoi
9239,Action
9239,Sci-Fi
9241,Action
9241,Mecha
9241,Sci-Fi
9241,Space
9242,Sports
9242,Romance
9242,School
9242,Shounen
9243,Sports
9243,Romance
9243,School
9243,Shounen
9244,Sports
9244,Romance
9244,School
9244,Shounen
9252,Action
9252,Military
9252,Fantasy
9252,Mecha
9252,Shounen
9253,Thriller
9253,Sci-Fi
9254,Drama
9257,Hentai
9260,Vampire
9264,Magic
9264,Drama
9264,Shoujo
9270,Hentai
9279,Kids
9279,Drama
9282,Game
9282,Shounen
9284,Comedy
9284,Sports
9287,Demons
9287,Fantasy
9287,Hentai
9287,Horror
9287,Supernatural
9288,Fantasy
9288,Kids
9288,Magic
9288,Shoujo
9289,Slice of Life
9289,Comedy
9289,Drama
9290,Comedy
9290,School
9290,Supernatural
9291,Kids
9291,Fantasy
9292,Kids
9303,Adventure
9303,Comedy
9303,Fantasy
9304,Hentai
9308,Hentai
9309,Hentai
9310,Hentai
9311,Hentai
9312,Hentai
9314,Adventure
9314,Fantasy
9314,Sci-Fi
9316,Hentai
9317,Hentai
9318,Dementia
9322,Hentai
9324,Adventure
9324,Martial Arts
9324,Comedy
9324,Mecha
9325,Hentai
9325,Yuri
9326,Hentai
9327,Hentai
9328,Hentai
9330,Action
9330,Magic
9330,Romance
9330,School
9330,Seinen
9330,Supernatural
9331,Action
9331,Supernatural
9332,Action
9332,Adventure
9332,Fantasy
9332,Game
9332,Sci-Fi
9333,Comedy
9333,Romance
9334,Comedy
9335,Comedy
9335,Romance
9335,School
9335,Shounen
9337,Comedy
9337,School
9338,Action
9338,Police
9338,Drama
9339,Comedy
9339,Kids
9340,Comedy
9341,Hentai
9342,Action
9342,Sci-Fi
9343,Action
9344,Slice of Life
9345,Comedy
9345,Horror
9345,School
9345,Supernatural
9346,Game
9346,Military
9346,Sci-Fi
9346,Adventure
9346,Demons
9347,Harem
9347,Comedy
9347,Romance
9347,Vampire
9347,Fantasy
9348,Music
9348,Slice of Life
9348,Drama
9348,Romance
9348,Shoujo
9349,Action
9349,Comedy
9349,Drama
9349,Seinen
9351,Comedy
9351,Drama
9351,Romance
9352,Hentai
9353,Magic
9353,Harem
9353,Romance
9353,Drama
9355,Ecchi
9355,Comedy
9355,Harem
9356,Action
9356,Adventure
9356,Fantasy
9361,Mecha
9361,Music
9362,Ecchi
9365,Action
9365,Adventure
9365,Comedy
9365,Fantasy
9366,Comedy
9366,School
9366,Shoujo
9367,Action
9367,Sci-Fi
9367,Harem
9367,Drama
9367,Romance
9367,Ecchi
9367,Martial Arts
9367,Seinen
9371,Adventure
9371,Mystery
9371,Kids
9371,Fantasy
9375,Hentai
9376,Action
9376,Adventure
9376,Fantasy
9376,Magic
9376,Space
9376,Mecha
9376,Sci-Fi
9376,Shounen
9379,Sci-Fi
9379,Slice of Life
9379,Comedy
9383,Slice of Life
9383,Comedy
9383,Drama
9383,Seinen
9385,Action
9385,Mecha
9385,Sci-Fi
9385,Space
9387,Action
9387,Sci-Fi
9387,Adventure
9387,Mecha
9389,Sci-Fi
9389,Adventure
9389,Space
9389,Comedy
9389,Mecha
9390,Action
9390,Adventure
9390,Mecha
9390,Sci-Fi
9391,Action
9391,Adventure
9391,Mecha
9391,Sci-Fi
9392,Adventure
9392,Fantasy
9393,Action
9393,Magic
9395,Adventure
9395,Kids
9396,Slice of Life
9396,Comedy
9396,School
9403,Action
9403,Adventure
9403,Fantasy
9403,Comedy
9403,Mecha
9403,Sci-Fi
9404,Comedy
9409,Mecha
9409,Sci-Fi
9416,Adventure
9417,Adventure
9421,Action
9421,Seinen
9423,Slice of Life
9424,Action
9424,Game
9424,School
9424,Shounen
9424,Sports
9426,Comedy
9426,Kids
9433,Fantasy
9434,Hentai
9435,Hentai
9438,Action
9438,Adventure
9438,Sci-Fi
9441,Slice of Life
9441,Shoujo
9442,Hentai
9445,Mecha
9446,Comedy
9446,Kids
9447,Psychological
9447,Drama
9451,Comedy
9451,Kids
9455,Comedy
9455,Samurai
9455,Shounen
9464,Comedy
9464,Shounen
9465,Action
9465,Fantasy
9465,Mecha
9465,Military
9465,Shounen
9467,Hentai
9467,Drama
9471,Comedy
9471,School
9471,Super Power
9479,Action
9479,Sci-Fi
9479,Seinen
9486,Hentai
9487,Hentai
9488,Action
9488,Sci-Fi
9491,Action
9491,Comedy
9491,School
9493,Action
9493,Comedy
9493,Parody
9493,Super Power
9493,Demons
9493,Supernatural
9493,Magic
9493,Ecchi
9494,Action
9494,Military
9494,Sci-Fi
9494,Drama
9494,Mecha
9495,Drama
9496,Fantasy
9496,Romance
9496,Seinen
9498,Action
9498,Comedy
9499,Slice of Life
9499,Comedy
9499,Ecchi
9499,Seinen
9500,Action
9500,Romance
9500,Sci-Fi
9501,Adventure
9501,Fantasy
9501,Historical
9502,Music
9502,Kids
9503,Hentai
9504,Hentai
9506,Comedy
9506,Ecchi
9506,Magic
9507,Hentai
9509,Psychological
9509,Supernatural
9509,Music
9509,Horror
9509,Mystery
9509,Shoujo
9510,Slice of Life
9510,Comedy
9510,School
9513,Action
9513,Comedy
9513,Demons
9513,Supernatural
9513,School
9513,Shounen
9515,Comedy
9515,Ecchi
9515,Supernatural
9518,Slice of Life
9518,Comedy
9518,School
9519,Comedy
9520,Action
9520,Sci-Fi
9520,Adventure
9520,Mecha
9521,Action
9521,Adventure
9521,Fantasy
9522,Action
9522,Adventure
9522,Mecha
9522,Sci-Fi
9523,Comedy
9525,Historical
9525,Drama
9526,Action
9526,Military
9526,Sci-Fi
9528,Sci-Fi
9528,Adventure
9528,Kids
9528,Mecha
9528,Shounen
9531,Adventure
9533,Comedy
9533,Kids
9535,Adventure
9536,Comedy
9536,Kids
9539,Action
9539,Game
9539,Adventure
9539,Demons
9539,Shounen
9540,Comedy
9542,Comedy
9542,Ecchi
9542,Romance
9544,Action
9544,Sci-Fi
9544,Horror
9545,Fantasy
9545,Hentai
9545,Supernatural
9546,Drama
9547,Drama
9547,Historical
9547,Slice of Life
9548,Slice of Life
9548,Historical
9548,Drama
9549,Slice of Life
9549,Historical
9549,Drama
9558,Kids
9561,Comedy
9562,Comedy
9562,Parody
9563,Slice of Life
9563,Comedy
9563,School
9563,Seinen
9566,Action
9566,Mecha
9566,Super Power
9566,Sci-Fi
9568,Action
9568,Comedy
9568,Samurai
9568,Historical
9568,Drama
9568,Shounen
9575,Fantasy
9581,Comedy
9581,Ecchi
9581,School
9584,Adventure
9584,Kids
9584,Supernatural
9587,Harem
9587,Comedy
9587,Romance
9587,Ecchi
9588,Hentai
9591,Parody
9595,Sci-Fi
9598,Comedy
9598,Sci-Fi
9599,Hentai
9600,Ecchi
9600,Shoujo Ai
9606,Kids
9608,Comedy
9608,Shoujo Ai
9611,Comedy
9611,Magic
9611,Romance
9611,Seinen
9611,Supernatural
9613,Action
9613,Historical
9613,Sci-Fi
9613,Shounen
9617,Music
9617,Slice of Life
9617,Comedy
9618,Comedy
9618,Ecchi
9618,Harem
9618,Romance
9618,Sci-Fi
9624,Ecchi
9624,Parody
9624,Romance
9624,Seinen
9627,Comedy
9629,Action
9629,Adventure
9629,Mecha
9629,Sci-Fi
9629,Shounen
9630,Comedy
9630,Historical
9638,Hentai
9645,Comedy
9645,School
9645,Seinen
9646,Action
9646,Cars
9646,Seinen
9646,Sports
9650,Game
9650,Music
9656,Slice of Life
9656,Drama
9656,Romance
9656,School
9656,Shoujo
9662,Psychological
9662,Horror
9665,Sports
9667,Music
9673,Comedy
9675,Comedy
9675,Shounen
9675,Supernatural
9689,Magic
9689,Supernatural
9689,Slice of Life
9690,Action
9690,Adventure
9690,Fantasy
9690,Magic
9690,Shounen
9691,Action
9691,Sci-Fi
9691,Historical
9691,Demons
9691,Supernatural
9691,Samurai
9691,Fantasy
9693,Drama
9693,Sports
9706,Action
9706,Seinen
9708,Action
9708,Mecha
9708,Military
9708,Sci-Fi
9712,Comedy
9712,Parody
9712,School
9712,Shoujo Ai
9716,Action
9716,Comedy
9716,Samurai
9716,Shounen
9718,Hentai
9721,Hentai
9723,Action
9723,Harem
9723,Historical
9723,Supernatural
9723,Drama
9723,Samurai
9723,Vampire
9723,Josei
9724,Action
9724,Military
9724,Fantasy
9724,Mecha
9724,Shounen
9731,Action
9731,Supernatural
9731,Demons
9731,Shounen
9732,Music
9733,Music
9734,Comedy
9734,Music
9734,School
9734,Slice of Life
9735,Action
9735,Comedy
9735,Historical
9735,Parody
9735,Samurai
9735,Sci-Fi
9735,Shounen
9736,Comedy
9736,Demons
9736,Ecchi
9736,Fantasy
9736,Romance
9736,Seinen
9737,Action
9737,Mecha
9737,Military
9737,Police
9737,Sci-Fi
9741,Comedy
9741,Ecchi
9741,Romance
9741,Seinen
9744,Ecchi
9744,Sports
9745,Action
9745,Historical
9745,Martial Arts
9745,Samurai
9745,Super Power
9748,Sports
9749,Seinen
9750,Comedy
9750,Supernatural
9750,Romance
9750,Ecchi
9750,Vampire
9751,Action
9751,Ecchi
9751,Magic
9751,Military
9751,Sci-Fi
9754,Slice of Life
9754,Comedy
9754,Josei
9756,Psychological
9756,Drama
9756,Magic
9756,Thriller
9759,Action
9759,Sci-Fi
9759,Sports
9760,Adventure
9760,Romance
9760,Fantasy
9761,Action
9761,Drama
9761,Yaoi
9768,Adventure
9768,Comedy
9768,Fantasy
9768,Kids
9768,Magic
9770,Fantasy
9770,Kids
9773,Drama
9773,Shoujo
9774,Comedy
9774,School
9774,Slice of Life
9776,Comedy
9776,School
9776,Seinen
9776,Slice of Life
9777,Slice of Life
9778,Hentai
9781,Action
9781,Mecha
9781,Sci-Fi
9782,Mystery
9782,Sci-Fi
9782,Space
9785,Adventure
9785,Comedy
9785,Kids
9785,Mystery
9785,Police
9785,Shounen
9786,Adventure
9786,Comedy
9786,Mystery
9786,Police
9786,Shounen
9789,Adventure
9789,Kids
9790,Comedy
9790,Drama
9790,Ecchi
9790,Harem
9790,Romance
9790,Sci-Fi
9790,Shounen
9790,Supernatural
9792,Adventure
9792,Kids
9793,Action
9793,Military
9793,Fantasy
9794,Comedy
9794,Historical
9794,Parody
9794,Samurai
9794,Seinen
9795,Comedy
9795,Super Power
9796,Comedy
9796,Super Power
9797,Action
9797,Comedy
9798,Adventure
9798,Fantasy
9799,Action
9799,Comedy
9799,Super Power
9799,Seinen
9801,Dementia
9806,Action
9806,Historical
9806,Martial Arts
9806,Fantasy
9807,Kids
9810,Comedy
9810,Kids
9811,Comedy
9811,Fantasy
9812,Comedy
9817,Comedy
9818,Comedy
9819,Comedy
9821,Comedy
9821,Historical
9822,Game
9824,Fantasy
9824,Horror
9825,Comedy
9826,Music
9829,Dementia
9829,Horror
9829,Psychological
9832,Comedy
9834,Sci-Fi
9834,Comedy
9834,Shounen
9837,Action
9837,Drama
9837,Seinen
9839,Adventure
9839,Mystery
9839,Comedy
9839,Police
9839,Shounen
9846,Mystery
9849,Hentai
9850,Kids
9851,Action
9851,Mecha
9851,Comedy
9851,Hentai
9855,Hentai
9856,Historical
9857,Adventure
9857,Cars
9857,Shounen
9857,Sports
9858,Adventure
9858,Cars
9858,Shounen
9858,Sports
9861,Action
9861,Parody
9862,Adventure
9862,Magic
9862,Fantasy
9862,Shoujo
9863,Comedy
9863,School
9863,Shounen
9865,Comedy
9865,Historical
9865,Parody
9866,Historical
9866,Drama
9868,Historical
9868,Kids
9869,Comedy
9869,Parody
9874,Magic
9874,Vampire
9874,Fantasy
9875,Fantasy
9875,Magic
9878,Adventure
9878,Fantasy
9878,Kids
9878,Magic
9879,Kids
9880,Fantasy
9880,Shounen
9881,Action
9881,Cars
9881,Sci-Fi
9882,Horror
9882,Mystery
9883,Comedy
9884,Comedy
9885,Comedy
9885,Fantasy
9886,Slice of Life
9887,Hentai
9887,Romance
9888,Comedy
9890,Comedy
9890,Drama
9890,Shounen
9890,Sports
9893,Action
9893,Magic
9893,Fantasy
9893,Shoujo
9895,Comedy
9895,Dementia
9900,Kids
9902,Kids
9903,Kids
9904,Hentai
9904,Demons
9904,Supernatural
9904,Magic
9904,Romance
9904,Fantasy
9905,Sports
9905,Shounen
9906,Adventure
9906,Music
9906,Shoujo
9907,Music
9910,Kids
9910,Music
9911,Magic
9916,Sports
9917,Adventure
9917,Comedy
9917,Drama
9917,Fantasy
9917,Kids
9919,Action
9919,Demons
9919,Fantasy
9919,Shounen
9919,Supernatural
9922,Comedy
9922,Drama
9922,Ecchi
9922,Harem
9922,Romance
9924,Comedy
9924,Ecchi
9924,Fantasy
9925,School
9926,Comedy
9926,Drama
9926,Romance
9926,Shounen Ai
9930,Music
9931,Drama
9931,Kids
9931,Slice of Life
9934,Slice of Life
9934,Comedy
9934,Supernatural
9934,Seinen
9935,Supernatural
9935,Drama
9935,Magic
9935,Shoujo
9936,Action
9936,Ecchi
9936,Harem
9936,Martial Arts
9936,School
9936,Super Power
9938,Slice of Life
9938,Historical
9938,Seinen
9939,Hentai
9940,Drama
9940,Magic
9941,Action
9941,Mystery
9941,Comedy
9941,Super Power
9943,Romance
9943,Shoujo
9944,Shoujo
9947,Adventure
9947,Comedy
9948,Music
9949,Comedy
9949,Sports
9950,Action
9950,Super Power
9951,Supernatural
9952,Game
9952,Historical
9955,Slice of Life
9955,Kids
9956,Comedy
9957,Historical
9957,Slice of Life
9958,Harem
9958,Comedy
9958,Parody
9958,Shounen
9959,Drama
9959,Historical
9963,Adventure
9963,Mystery
9963,Comedy
9963,Police
9963,Shounen
9965,Mecha
9967,Harem
9967,School
9967,Seinen
9968,Hentai
9969,Action
9969,Sci-Fi
9969,Comedy
9969,Historical
9969,Parody
9969,Samurai
9969,Shounen
9970,Hentai
9972,Drama
9972,Mecha
9972,Military
9972,Sci-Fi
9972,Shounen
9973,Adventure
9973,Comedy
9973,Kids
9976,Dementia
9976,Drama
9978,Action
9978,Sci-Fi
9979,Action
9979,Fantasy
9979,Magic
9979,Shoujo
9981,Action
9981,Game
9981,Mystery
9981,Shounen
9982,Comedy
9982,Ecchi
9982,Fantasy
9982,Magic
9982,Shounen
9988,Drama
9988,Romance
9988,School
9989,Slice of Life
9989,Supernatural
9989,Drama
9990,Dementia
9990,Drama
9991,Kids
9991,Adventure
9993,Action
9993,Drama
9993,Samurai
9996,Historical
9996,Samurai
9996,Seinen
9998,Police
9998,Comedy
9998,Romance
9998,Drama
9999,Action
9999,Adventure
9999,Comedy
9999,Fantasy
9999,Shounen
10000,Comedy
10000,Super Power
10000,Supernatural
10003,Comedy
10003,Dementia
10003,Horror
10003,Seinen
10005,Action
10005,Adventure
10005,Mecha
10005,Sci-Fi
10012,Comedy
10012,Parody
10012,Supernatural
10013,Drama
10013,Historical
10014,Drama
10014,Historical
10015,Action
10015,Game
10015,Fantasy
10015,Shounen
10016,Comedy
10016,Martial Arts
10017,Sci-Fi
10017,Adventure
10017,Super Power
10017,Martial Arts
10017,Fantasy
10017,Shounen
10020,Slice of Life
10020,Comedy
10029,Historical
10029,Romance
10029,School
10029,Shoujo
10030,Comedy
10030,Drama
10030,Romance
10030,Shounen
10033,Action
10033,Adventure
10033,Comedy
10033,Fantasy
10033,Shounen
10036,Sci-Fi
10036,Music
10036,Drama
10036,Romance
10036,Shoujo
10039,Comedy
10040,Comedy
10043,Hentai
10044,Mecha
10044,Sci-Fi
10045,Comedy
10045,Drama
10045,Ecchi
10045,Romance
10045,Seinen
10048,Action
10048,Military
10048,Historical
10048,Drama
10048,Samurai
10048,Yaoi
10049,Action
10049,Demons
10049,Shounen
10049,Supernatural
10050,Music
10055,Shounen
10056,Comedy
10056,Fantasy
10056,Kids
10057,Comedy
10057,Fantasy
10057,Kids
10058,Comedy
10058,Fantasy
10058,Kids
10059,Kids
10059,Fantasy
10059,Comedy
10060,Comedy
10060,Fantasy
10060,Kids
10061,Comedy
10061,Fantasy
10061,Kids
10067,Supernatural
10067,Drama
10067,School
10073,Action
10073,Super Power
10073,Supernatural
10073,Ecchi
10073,Seinen
10074,Action
10074,Adventure
10074,Comedy
10074,Shounen
10075,Action
10075,Comedy
10075,Super Power
10075,Martial Arts
10075,Shounen
10076,Action
10076,Comedy
10076,Ecchi
10076,Shoujo Ai
10076,Super Power
10077,Fantasy
10079,Comedy
10079,Ecchi
10079,Harem
10079,Romance
10079,School
10080,Comedy
10080,Harem
10080,Romance
10080,Shounen
10080,Supernatural
10083,Mystery
10083,Horror
10083,Supernatural
10083,Thriller
10083,Vampire
10087,Action
10087,Supernatural
10087,Magic
10087,Fantasy
10090,Military
10090,Sci-Fi
10090,Mystery
10090,Police
10090,Mecha
10090,Seinen
10092,Action
10092,Military
10092,Fantasy
10092,Mecha
10092,Shounen
10098,Fantasy
10098,Comedy
10098,Drama
10101,Hentai
10101,Supernatural
10104,Sci-Fi
10104,Mystery
10105,Action
10105,Sci-Fi
10105,Adventure
10105,Fantasy
10106,Harem
10106,Hentai
10108,Comedy
10109,Comedy
10109,Sports
10109,Ecchi
10109,School
10110,Harem
10110,Comedy
10110,Romance
10110,Ecchi
10110,School
10112,Historical
10113,Action
10113,School
10113,Shounen
10114,Comedy
10114,Shounen
10115,Kids
10115,Fantasy
10115,Comedy
10116,Comedy
10116,Seinen
10118,Adventure
10118,Drama
10118,Sci-Fi
10119,Comedy
10119,School
10119,Shounen
10119,Slice of Life
10122,Sci-Fi
10122,Slice of Life
10122,Drama
10122,Seinen
10132,Music
10135,Adventure
10135,Comedy
10135,Historical
10136,Kids
10136,Adventure
10136,Comedy
10137,Adventure
10137,Kids
10138,Adventure
10138,Kids
10139,Adventure
10139,Comedy
10139,Kids
10139,Sci-Fi
10149,Adventure
10149,Fantasy
10152,Romance
10152,Shoujo
10153,Action
10153,Magic
10153,Comedy
10153,Sci-Fi
10153,Drama
10155,Action
10155,Adventure
10155,Fantasy
10155,Magic
10156,Action
10156,Sci-Fi
10156,Super Power
10156,School
10161,Action
10161,Sci-Fi
10161,Mystery
10161,Drama
10162,Slice of Life
10162,Josei
10163,Action
10163,Mystery
10163,Super Power
10163,Thriller
10165,Slice of Life
10165,Comedy
10165,School
10165,Shounen
10172,Action
10172,Comedy
10172,Ecchi
10177,Parody
10177,Seinen
10178,Slice of Life
10178,Drama
10178,Romance
10178,Josei
10180,Romance
10180,Supernatural
10180,Demons
10180,Historical
10180,Seinen
10187,Comedy
10187,Ecchi
10187,Seinen
10189,Action
10189,Adventure
10189,Shounen
10189,Super Power
10191,Comedy
10191,Parody
10191,School
10191,Sci-Fi
10191,Shounen
10194,Action
10194,Adventure
10194,Mystery
10194,Comedy
10196,Ecchi
10196,Harem
10196,Seinen
10197,Comedy
10197,Supernatural
10197,Vampire
10199,Action
10199,Adventure
10199,Super Power
10199,Kids
10199,Magic
10199,Fantasy
10199,Shoujo
10200,Action
10200,Adventure
10200,Kids
10201,Action
10201,Historical
10201,Super Power
10202,Action
10202,Adventure
10202,Comedy
10202,Kids
10202,Super Power
10203,Action
10203,Adventure
10203,Kids
10207,Adventure
10207,Comedy
10207,Supernatural
10209,Action
10209,Harem
10209,Comedy
10209,Supernatural
10209,Magic
10209,Ecchi
10210,Adventure
10210,Comedy
10213,Harem
10213,Comedy
10213,Super Power
10213,Romance
10213,Ecchi
10213,Martial Arts
10213,School
10216,Comedy
10216,Supernatural
10216,Demons
10217,Magic
10218,Action
10218,Military
10218,Adventure
10218,Demons
10218,Supernatural
10218,Fantasy
10218,Seinen
10219,Comedy
10219,Romance
10219,Ecchi
10224,Action
10224,Sci-Fi
10224,Adventure
10224,Space
10224,Mecha
10232,Slice of Life
10232,Comedy
10232,Drama
10236,Kids
10236,Adventure
10236,Fantasy
10236,Magic
10236,Romance
10236,Supernatural
10236,Demons
10236,Historical
10236,Drama
10237,Adventure
10237,Kids
10238,Comedy
10239,Comedy
10239,Fantasy
10239,Kids
10241,Comedy
10242,Comedy
10244,Adventure
10244,Comedy
10245,Fantasy
10245,Horror
10246,Kids
10247,Comedy
10247,Kids
10249,Comedy
10249,Parody
10250,Comedy
10250,Super Power
10256,Hentai
10257,Slice of Life
10257,Sports
10257,Music
10257,Shoujo
10258,Comedy
10259,Adventure
10259,Supernatural
10259,Drama
10259,Romance
10260,Action
10260,Adventure
10260,Fantasy
10261,Comedy
10262,Comedy
10263,Adventure
10263,Comedy
10263,Kids
10263,Mecha
10263,Sci-Fi
10263,Shounen
10270,Adventure
10270,Samurai
10270,Fantasy
10271,Game
10271,Psychological
10271,Thriller
10271,Seinen
10276,Comedy
10278,Music
10278,Comedy
10278,Drama
10280,Hentai
10280,Sci-Fi
10282,Historical
10285,Historical
10286,Hentai
10286,Supernatural
10294,Action
10294,Sci-Fi
10294,Super Power
10294,Supernatural
10297,Comedy
10297,School
10298,Comedy
10298,School
10298,Shoujo
10301,Ecchi
10301,Game
10301,Comedy
10302,Action
10302,Comedy
10302,Kids
10302,Fantasy
10304,Action
10304,Martial Arts
10306,Comedy
10308,Action
10308,Comedy
10308,Historical
10308,Samurai
10308,Sci-Fi
10308,Super Power
10313,Action
10313,Mecha
10313,Sci-Fi
10319,Action
10319,Adventure
10319,Mecha
10319,Sci-Fi
10321,Harem
10321,Music
10321,Comedy
10321,Romance
10321,School
10321,Shoujo
10323,Sports
10323,School
10324,Comedy
10324,Historical
10324,Parody
10324,Samurai
10324,Seinen
10325,Hentai
10325,Vampire
10327,Hentai
10330,Action
10330,Adventure
10330,Fantasy
10330,Game
10330,Shounen
10334,Action
10334,Adventure
10334,Comedy
10334,Historical
10334,Romance
10334,Samurai
10335,Military
10335,Historical
10336,Action
10336,Adventure
10336,Sci-Fi
10338,Comedy
10338,School
10338,Shounen
10338,Supernatural
10342,Action
10342,Adventure
10342,Drama
10342,Mecha
10342,Sci-Fi
10342,Shounen
10346,Sports
10347,Comedy
10347,Fantasy
10347,Shoujo
10348,Sci-Fi
10349,Kids
10350,Action
10350,Historical
10350,Demons
10350,Drama
10350,Fantasy
10350,Josei
10351,Comedy
10351,Sci-Fi
10351,Shounen
10351,Space
10353,Comedy
10353,Seinen
10354,Drama
10355,Adventure
10355,Comedy
10355,Space
10357,Comedy
10357,Fantasy
10357,Seinen
10359,Fantasy
10359,Magic
10359,Shoujo
10360,Action
10360,Shounen
10360,Sports
10361,Comedy
10361,Slice of Life
10368,Hentai
10369,Comedy
10369,Historical
10370,Adventure
10370,Sports
10372,Action
10372,Seinen
10372,Supernatural
10373,Romance
10373,Sci-Fi
10375,Drama
10378,Comedy
10378,Shounen
10378,Slice of Life
10379,Slice of Life
10379,Demons
10379,Supernatural
10379,Drama
10379,Shoujo
10380,Hentai
10384,Comedy
10384,Romance
10384,School
10384,Shoujo Ai
10389,Supernatural
10389,Drama
10390,Game
10390,Comedy
10391,Adventure
10391,Comedy
10391,Josei
10392,Hentai
10396,Action
10396,Comedy
10396,Martial Arts
10397,Harem
10397,Drama
10397,Romance
10397,School
10405,Adventure
10405,Sci-Fi
10406,Comedy
10407,Slice of Life
10408,Drama
10408,Romance
10408,Shoujo
10408,Supernatural
10409,Hentai
10417,Horror
10418,Action
10418,Sci-Fi
10418,Horror
10418,Shounen
10419,Hentai
10420,Hentai
10421,Hentai
10424,Hentai
10429,Hentai
10431,Comedy
10431,Parody
10435,Sports
10435,Romance
10435,Shoujo
10436,Music
10436,Dementia
10444,Action
10444,Adventure
10444,Fantasy
10444,Comedy
10444,Shounen
10445,Music
10447,Action
10447,Comedy
10447,Drama
10447,Fantasy
10447,Mecha
10447,Romance
10447,Sci-Fi
10448,Drama
10456,Action
10456,Sci-Fi
10456,Fantasy
10457,Hentai
10458,Hentai
10459,Comedy
10460,Comedy
10460,Drama
10460,Romance
10460,School
10460,Shounen
10460,Slice of Life
10463,Action
10463,Sci-Fi
10464,Harem
10464,Comedy
10464,Parody
10464,School
10465,Action
10465,Comedy
10465,Historical
10465,Ecchi
10465,Samurai
10465,Seinen
10466,Action
10466,Military
10466,Drama
10466,Seinen
10469,Comedy
10469,Mystery
10469,Parody
10469,Shounen
10470,Action
10470,Fantasy
10470,Military
10470,Sci-Fi
10471,Adventure
10471,Drama
10477,Comedy
10477,Sci-Fi
10479,Action
10479,Comedy
10479,Supernatural
10479,Demons
10479,School
10479,Shounen
10481,Slice of Life
10481,Mystery
10481,Drama
10481,Romance
10481,Shoujo
10483,Action
10483,Historical
10483,Samurai
10488,Harem
10488,Hentai
10490,Action
10490,Mystery
10490,Horror
10490,Supernatural
10490,Vampire
10490,School
10491,Mystery
10491,Parody
10495,Slice of Life
10495,Comedy
10495,School
10495,Shoujo Ai
10497,Comedy
10497,Historical
10497,Parody
10500,Drama
10500,Historical
10501,Comedy
10501,Supernatural
10502,Slice of Life
10502,Comedy
10502,Supernatural
10504,Mystery
10504,Historical
10504,Shounen
10506,Comedy
10507,Shounen
10507,Sports
10507,Super Power
10509,Kids
10511,Slice of Life
10511,Historical
10513,Comedy
10516,Magic
10516,Supernatural
10516,Drama
10519,Music
10519,Parody
10521,Comedy
10521,Romance
10521,Seinen
10521,Slice of Life
10524,Action
10524,Adventure
10524,Comedy
10524,Shounen
10525,Comedy
10525,Kids
10526,Action
10526,Game
10526,Kids
10527,Action
10527,Adventure
10527,Comedy
10527,Shounen
10528,Action
10528,Adventure
10528,Comedy
10528,Shounen
10531,Adventure
10531,Police
10531,Comedy
10531,Mystery
10531,Shounen
10532,Comedy
10533,Comedy
10534,Adventure
10534,Comedy
10534,Kids
10534,Fantasy
10534,Mecha
10534,Shounen
10536,Comedy
10536,Romance
10536,Shoujo
10539,Comedy
10540,Comedy
10541,Comedy
10545,Action
10545,Supernatural
10545,Fantasy
10546,Hentai
10547,Drama
10547,Ecchi
10547,Fantasy
10547,Harem
10547,Romance
10549,Action
10549,Fantasy
10549,Magic
10549,Shoujo
10552,Hentai
10553,Hentai
10554,Action
10554,Drama
10554,Sports
10562,Action
10562,Cars
10562,Sports
10562,Shounen
10563,Action
10563,Sports
10563,Drama
10564,Action
10564,Comedy
10564,Seinen
10568,Mystery
10570,Hentai
10572,Comedy
10572,Ecchi
10572,School
10572,Sports
10573,Sports
10573,Shounen
10575,Hentai
10578,Action
10578,Comedy
10578,Ecchi
10578,School
10578,Supernatural
10581,Action
10581,Military
10581,Sci-Fi
10581,Space
10581,Drama
10581,Mecha
10582,Comedy
10582,Demons
10582,Ecchi
10582,Fantasy
10582,Romance
10582,Seinen
10584,Music
10584,Dementia
10585,Music
10586,Music
10588,Sci-Fi
10588,Adventure
10588,Mystery
10588,Super Power
10588,Supernatural
10588,School
10589,Action
10589,Adventure
10589,Martial Arts
10589,Super Power
10589,Mystery
10589,Shounen
10590,Harem
10590,Hentai
10592,Action
10592,Sci-Fi
10592,Adventure
10592,Super Power
10592,Shounen
10594,Comedy
10594,Fantasy
10594,Romance
10594,Shoujo
10594,Vampire
10595,Romance
10595,School
10602,Historical
10603,Historical
10604,Action
10604,Mystery
10604,Comedy
10604,Romance
10607,Comedy
10611,Comedy
10611,Ecchi
10611,Harem
10611,Romance
10611,School
10620,Action
10620,Mystery
10620,Psychological
10620,Shounen
10620,Supernatural
10620,Thriller
10622,Action
10622,Adventure
10622,Comedy
10622,Mecha
10622,Sci-Fi
10623,Adventure
10624,Action
10624,Psychological
10624,Sci-Fi
10627,Comedy
10627,Sports
10628,Action
10628,Adventure
10628,Magic
10628,Ecchi
10628,Fantasy
10628,School
10628,Shounen
10629,Adventure
10633,Comedy
10638,Sci-Fi
10638,Comedy
10639,Action
10639,Fantasy
10643,Action
10643,Comedy
10643,Parody
10643,Samurai
10647,Action
10647,Fantasy
10647,Supernatural
10647,Shounen
10648,Action
10648,Mecha
10648,Sci-Fi
10648,Shounen
10653,Sci-Fi
10653,Space
10659,Action
10659,Comedy
10659,Martial Arts
10659,Shounen
10659,Super Power
10666,Comedy
10666,Sci-Fi
10668,Hentai
10671,Comedy
10671,School
10671,Slice of Life
10674,Comedy
10679,Comedy
10679,Music
10681,Action
10681,Horror
10681,Supernatural
10681,Vampire
10683,Hentai
10683,Supernatural
10683,Magic
10684,Comedy
10684,Fantasy
10684,Kids
10685,Comedy
10685,Fantasy
10685,Kids
10686,Action
10686,Adventure
10686,Martial Arts
10686,Shounen
10686,Super Power
10687,Sci-Fi
10687,Adventure
10687,Fantasy
10687,Shounen
10688,Drama
10689,Action
10689,Mecha
10689,Military
10689,Sci-Fi
10689,Police
10690,Adventure
10690,Magic
10691,Music
10693,Action
10693,Mecha
10693,Military
10693,Sci-Fi
10693,Police
10694,Hentai
10695,Hentai
10697,Hentai
10701,Action
10701,Adventure
10701,Sci-Fi
10701,Space
10702,Action
10702,Fantasy
10702,Martial Arts
10702,Sci-Fi
10702,Supernatural
10703,Adventure
10703,Police
10703,Comedy
10703,Mystery
10703,Shounen
10705,Kids
10706,Kids
10709,Slice of Life
10709,Historical
10709,Drama
10709,Seinen
10710,Magic
10711,Comedy
10711,School
10711,Seinen
10713,Action
10713,Sci-Fi
10713,Mystery
10713,Super Power
10713,Supernatural
10714,Action
10714,Sci-Fi
10714,Super Power
10714,Psychological
10714,Supernatural
10715,Action
10715,Sci-Fi
10715,Super Power
10715,Supernatural
10716,Action
10716,Sci-Fi
10716,Super Power
10716,Supernatural
10717,Action
10717,Sci-Fi
10717,Super Power
10717,Supernatural
10718,Military
10718,Drama
10718,Sci-Fi
10719,Ecchi
10719,Slice of Life
10719,Comedy
10719,Harem
10719,Romance
10719,School
10720,Music
10721,Mystery
10721,Comedy
10721,Dementia
10721,Psychological
10721,Drama
10723,Comedy
10723,Drama
10723,Romance
10728,Hentai
10731,Action
10731,Comedy
10731,Sports
10731,School
10731,Shounen
10732,Adventure
10732,Comedy
10732,Magic
10732,Shounen
10732,Supernatural
10735,Comedy
10735,Sci-Fi
10735,Space
10736,Fantasy
10736,Magic
10736,Shoujo
10737,Comedy
10737,School
10737,Slice of Life
10737,Seinen
10739,Action
10739,Comedy
10739,Parody
10739,Dementia
10739,Supernatural
10739,Ecchi
10740,Adventure
10740,Comedy
10740,Drama
10740,Fantasy
10740,Kids
10741,Adventure
10741,Police
10741,Drama
10742,Drama
10743,Drama
10751,Action
10751,Sci-Fi
10751,Fantasy
10751,Mecha
10755,Mystery
10756,Drama
10757,Drama
10758,Drama
10759,Drama
10760,Drama
10763,Action
10763,Mecha
10764,Hentai
10764,Supernatural
10764,Fantasy
10765,Game
10765,Comedy
10765,Supernatural
10765,Shounen
10766,Adventure
10766,Comedy
10766,Mystery
10766,Police
10766,Shounen
10770,Hentai
10770,Supernatural
10770,Magic
10774,Historical
10774,Sports
10775,School
10775,Shounen
10779,Hentai
10780,Action
10780,Sports
10780,Mecha
10780,Sci-Fi
10790,Action
10790,Harem
10790,Comedy
10790,Supernatural
10790,Magic
10790,Ecchi
10792,Comedy
10792,Harem
10792,Hentai
10793,Action
10793,Sci-Fi
10793,Super Power
10793,Drama
10793,Romance
10793,Mecha
10794,Action
10794,Sci-Fi
10794,Harem
10794,Comedy
10794,Ecchi
10794,Mecha
10796,Comedy
10796,Ecchi
10797,Comedy
10797,School
10798,Mystery
10798,Supernatural
10799,Music
10800,Drama
10800,Game
10800,Josei
10800,School
10800,Slice of Life
10800,Sports
10801,Comedy
10801,School
10801,Sci-Fi
10802,Action
10802,Comedy
10804,Slice of Life
10804,Historical
10804,Seinen
10805,Comedy
10805,Music
10805,Shounen
10805,Supernatural
10807,Slice of Life
10807,Comedy
10807,School
10808,Action
10808,Mecha
10808,Sci-Fi
10808,Space
10810,Action
10810,Comedy
10810,Parody
10810,Romance
10812,Action
10812,Shounen
10813,Comedy
10813,Drama
10813,Slice of Life
10815,Action
10815,Sci-Fi
10815,Mecha
10819,Comedy
10819,Martial Arts
10819,Slice of Life
10820,Mecha
10820,Parody
10820,Sci-Fi
10821,Kids
10821,Magic
10821,Fantasy
10821,Shoujo
10822,Slice of Life
10822,Comedy
10822,Martial Arts
10823,Slice of Life
10823,Martial Arts
10823,Comedy
10824,Comedy
10824,Martial Arts
10824,Music
10824,Slice of Life
10825,Comedy
10825,Martial Arts
10825,Slice of Life
10827,Fantasy
10827,Hentai
10832,Historical
10832,Seinen
10832,Slice of Life
10834,Comedy
10834,Romance
10834,School
10834,Super Power
10838,Comedy
10838,School
10838,Shounen
10842,Comedy
10842,Magic
10842,Fantasy
10845,Action
10845,Ecchi
10845,Seinen
10847,Comedy
10849,Music
10850,Comedy
10850,Parody
10850,Police
10850,Slice of Life
10851,Hentai
10852,Action
10852,Adventure
10852,Comedy
10852,Mecha
10855,Comedy
10855,Kids
10856,Comedy
10856,Kids
10859,Slice of Life
10862,Comedy
10862,Sports
10862,Drama
10862,Shounen
10863,Sci-Fi
10863,Comedy
10863,Thriller
10869,Game
10869,Cars
10869,Space
10869,Kids
10870,Sci-Fi
10870,Comedy
10870,Mecha
10882,Action
10882,Supernatural
10884,Game
10884,School
10884,Slice of Life
10886,Action
10886,Demons
10886,Shounen
10886,Sports
10886,Supernatural
10887,Slice of Life
10887,Comedy
10889,Comedy
10893,Action
10893,Fantasy
10893,Supernatural
10897,Slice of Life
10897,Comedy
10897,Romance
10897,School
10901,Drama
10901,Historical
10904,Adventure
10904,Fantasy
10905,Historical
10905,Seinen
10905,Slice of Life
10906,Hentai
10908,Comedy
10909,Kids
10909,Super Power
10916,Adventure
10916,Comedy
10916,Fantasy
10916,Kids
10917,Adventure
10917,Comedy
10917,Fantasy
10917,Kids
10918,Sci-Fi
10918,Music
10918,Slice of Life
10918,Drama
10920,Ecchi
10923,Comedy
10923,Mystery
10923,Super Power
10924,Action
10924,Adventure
10924,Ecchi
10924,Fantasy
10928,Comedy
10928,Romance
10933,Adventure
10933,Harem
10933,Comedy
10933,Parody
10933,Romance
10933,Ecchi
10934,Comedy
10934,Supernatural
10934,Romance
10934,Ecchi
10934,Vampire
10934,Shounen
10935,Drama
10935,School
10936,Comedy
10936,Supernatural
10936,Seinen
10937,Action
10937,Mecha
10937,Military
10937,Sci-Fi
10937,Shounen
10937,Space
10938,Hentai
10941,Music
10943,Comedy
10943,Drama
10943,Romance
10943,School
10943,Shounen
10943,Slice of Life
10947,Sci-Fi
10947,Comedy
10947,Mecha
10948,Sci-Fi
10948,Comedy
10948,Mecha
10949,Sci-Fi
10949,Comedy
10949,Mecha
10950,Sci-Fi
10950,Comedy
10950,Mecha
10953,Slice of Life
10953,Comedy
10953,Kids
10954,Parody
10954,Mecha
10954,Sci-Fi
10958,Slice of Life
10958,Comedy
10958,School
10958,Shoujo
10964,Action
10964,Drama
10964,Sports
10965,Adventure
10965,Mystery
10965,Sci-Fi
10965,Supernatural
10967,Cars
10967,Seinen
10979,Sports
10979,Comedy
10987,Comedy
10987,Kids
10989,Comedy
10989,Kids
10997,Comedy
10999,Sci-Fi
10999,Sports
10999,Super Power
10999,Shounen
11001,Action
11001,Comedy
11001,Military
11001,Romance
11005,Ecchi
11005,Fantasy
11005,Supernatural
11005,School
11005,Vampire
11005,Seinen
11009,Adventure
11009,Comedy
11009,Fantasy
11009,Kids
11013,Comedy
11013,Supernatural
11013,Romance
11013,Shounen
11017,Game
11017,Sci-Fi
11019,Adventure
11019,Comedy
11019,Fantasy
11019,Kids
11021,Action
11021,Military
11021,Sci-Fi
11021,Mecha
11031,Hentai
11031,Supernatural
11031,Vampire
11033,Music
11043,Action
11043,Sci-Fi
11043,Shounen
11049,Slice of Life
11049,Fantasy
11053,Adventure
11053,Comedy
11053,Fantasy
11053,Kids
11053,Shounen
11061,Action
11061,Adventure
11061,Fantasy
11061,Shounen
11061,Super Power
11065,Hentai
11067,Hentai
11069,Adventure
11069,Comedy
11069,Fantasy
11069,Kids
11073,Fantasy
11073,Kids
11077,Action
11077,Horror
11077,Seinen
11077,Supernatural
11077,Vampire
11079,Comedy
11079,School
11079,Seinen
11083,Action
11083,Demons
11083,Shounen
11083,Supernatural
11087,Action
11087,Mecha
11087,Parody
11087,Sci-Fi
11093,Adventure
11093,Music
11093,Mystery
11095,Adventure
11097,Drama
11099,Action
11099,Comedy
11099,Super Power
11101,Historical
11101,Drama
11101,Romance
11101,Shoujo
11103,Action
11103,Sci-Fi
11111,Mystery
11111,Horror
11111,Supernatural
11111,Thriller
11111,School
11113,Josei
11113,Slice of Life
11123,Comedy
11123,Drama
11123,Romance
11123,Shounen Ai
11135,Drama
11135,Historical
11135,Romance
11135,Sci-Fi
11135,Shounen Ai
11141,Action
11141,Hentai
11161,Comedy
11161,Romance
11161,Ecchi
11161,School
11177,Game
11177,Kids
11179,Comedy
11179,Romance
11179,Slice of Life
11185,Hentai
11189,Music
11197,Comedy
11203,Adventure
11203,Comedy
11203,Game
11203,Kids
11209,Action
11209,Ecchi
11209,Harem
11209,Martial Arts
11209,School
11209,Super Power
11213,Sci-Fi
11221,Music
11221,Romance
11227,Action
11227,Sci-Fi
11227,Comedy
11227,Mecha
11235,Slice of Life
11235,Comedy
11235,Romance
11235,School
11237,Slice of Life
11237,Comedy
11237,School
11237,Seinen
11239,Slice of Life
11239,Comedy
11239,School
11239,Seinen
11241,Action
11241,Adventure
11241,Historical
11241,Super Power
11241,Samurai
11241,Seinen
11245,Historical
11255,Action
11255,Ecchi
11255,Martial Arts
11255,Super Power
11255,School
11266,Action
11266,Demons
11266,Fantasy
11266,Shounen
11266,Supernatural
11268,Slice of Life
11268,Comedy
11269,Action
11269,Mecha
11269,Sci-Fi
11275,Adventure
11275,Historical
11281,Action
11281,Comedy
11281,Mecha
11281,Parody
11281,Samurai
11281,Shounen
11285,Action
11285,Drama
11285,School
11285,Slice of Life
11299,Action
11299,Adventure
11299,Comedy
11299,Mecha
11299,Shounen
11299,Space
11307,Drama
11307,Military
11307,Sci-Fi
11307,Space
11313,Drama
11313,Romance
11313,School
11313,Shounen
11319,Adventure
11319,Magic
11319,Romance
11319,Ecchi
11319,Fantasy
11321,Hentai
11339,Comedy
11339,School
11339,Seinen
11339,Slice of Life
11341,Mystery
11341,Comedy
11341,Super Power
11349,Hentai
11355,Action
11355,Fantasy
11355,Shounen Ai
11355,Super Power
11355,Supernatural
11357,Action
11357,Space
11357,Mecha
11357,Sci-Fi
11359,Action
11359,Sci-Fi
11359,Comedy
11359,Super Power
11359,Fantasy
11359,Shounen
11371,Action
11371,Comedy
11371,Sports
11371,Shounen
11375,Action
11375,Adventure
11375,Fantasy
11375,Game
11375,Magic
11375,Mystery
11375,Sci-Fi
11385,Action
11385,Adventure
11385,Comedy
11385,Fantasy
11385,Shounen
11389,Comedy
11389,Fantasy
11389,Shoujo
11405,Action
11405,Sci-Fi
11411,Space
11411,Horror
11411,Sci-Fi
11421,Adventure
11421,Kids
11433,Comedy
11433,Drama
11433,Romance
11433,Sci-Fi
11433,Slice of Life
11441,Action
11441,Samurai
11441,Historical
11441,Drama
11441,Shounen
11445,Comedy
11445,Romance
11445,Sci-Fi
11447,Supernatural
11457,Fantasy
11457,Shoujo
11457,Supernatural
11465,Hentai
11467,Hentai
11469,Hentai
11471,Action
11483,Cars
11483,Sports
11487,Music
11491,Comedy
11491,School
11491,Seinen
11491,Slice of Life
11497,Comedy
11497,Kids
11497,School
11499,Comedy
11499,Ecchi
11499,Horror
11499,Romance
11499,Shounen
11499,Supernatural
11505,Mecha
11505,Military
11505,Sci-Fi
11507,Music
11511,Music
11523,Hentai
11525,Kids
11531,Mystery
11531,Supernatural
11533,Adventure
11533,Comedy
11537,Kids
11541,Comedy
11543,Action
11543,Music
11545,Historical
11545,Drama
11547,Action
11547,Comedy
11547,Drama
11547,Historical
11547,Romance
11547,Samurai
11547,Shoujo
11553,Slice of Life
11553,Comedy
11553,Romance
11553,School
11561,Adventure
11561,Historical
11561,Kids
11561,Drama
11569,Fantasy
11569,Magic
11569,Music
11569,Shoujo
11577,Sci-Fi
11577,Drama
11579,Dementia
11579,Music
11583,Music
11589,Comedy
11593,School
11593,Sports
11595,Kids
11595,Comedy
11595,Super Power
11595,School
11597,Mystery
11597,Comedy
11597,Supernatural
11597,Ecchi
11609,Comedy
11611,Comedy
11615,Comedy
11615,School
11615,Slice of Life
11617,Comedy
11617,Demons
11617,Ecchi
11617,Harem
11617,Romance
11617,School
11625,Kids
11633,Action
11633,Comedy
11633,Demons
11633,Seinen
11633,Supernatural
11633,Vampire
11635,Action
11635,School
11635,Sci-Fi
11635,Super Power
11659,Action
11659,Comedy
11659,Fantasy
11659,Shounen
11661,Action
11661,Comedy
11661,Mecha
11661,Sci-Fi
11663,Action
11663,Historical
11663,Supernatural
11663,Drama
11663,Samurai
11665,Slice of Life
11665,Demons
11665,Supernatural
11665,Drama
11665,Shoujo
11673,Kids
11673,Adventure
11679,Comedy
11679,Horror
11679,Supernatural
11679,Thriller
11681,Fantasy
11685,Adventure
11685,Drama
11685,Historical
11685,Mystery
11685,Supernatural
11687,Fantasy
11687,Horror
11689,Sports
11691,Horror
11693,Drama
11693,Kids
11695,Action
11695,Comedy
11695,Parody
11695,Super Power
11697,Comedy
11697,School
11697,Shounen
11697,Sports
11699,Comedy
11699,Seinen
11699,Slice of Life
11701,Horror
11701,Mystery
11701,Thriller
11703,Action
11703,Comedy
11703,Super Power
11703,Supernatural
11703,School
11703,Shounen
11705,Action
11705,Fantasy
11711,Kids
11713,Fantasy
11713,Kids
11715,Comedy
11717,Adventure
11717,Comedy
11717,Parody
11717,Fantasy
11729,Comedy
11731,Comedy
11733,Comedy
11735,Sci-Fi
11735,Fantasy
11737,Action
11737,Demons
11737,Fantasy
11737,Shounen
11737,Supernatural
11739,Comedy
11739,Drama
11739,Romance
11739,School
11739,Shounen
11739,Slice of Life
11741,Action
11741,Supernatural
11741,Magic
11741,Fantasy
11743,Action
11743,Magic
11743,Sci-Fi
11743,Super Power
11745,Hentai
11747,Hentai
11749,Hentai
11751,Action
11751,Sci-Fi
11751,Music
11755,Action
11755,Adventure
11755,Mecha
11755,Sci-Fi
11757,Action
11757,Game
11757,Adventure
11757,Romance
11757,Fantasy
11759,Action
11759,Game
11759,Sci-Fi
11759,Romance
11759,School
11761,Action
11761,Comedy
11761,Ecchi
11761,Martial Arts
11761,School
11761,Shounen
11761,Super Power
11763,Action
11763,Ecchi
11763,Sports
11767,Action
11767,Mecha
11767,Sci-Fi
11769,Comedy
11769,Ecchi
11769,School
11769,Seinen
11769,Shoujo Ai
11771,Comedy
11771,School
11771,Shounen
11771,Sports
11773,Adventure
11773,Comedy
11773,Ecchi
11773,Fantasy
11773,Magic
11773,Seinen
11777,Action
11777,Adventure
11777,Comedy
11777,Seinen
11783,Action
11783,Adventure
11783,Magic
11783,Fantasy
11785,Sci-Fi
11785,Comedy
11785,Parody
11787,Action
11787,Super Power
11787,Adventure
11787,Comedy
11787,Shounen
11789,Kids
11789,Magic
11789,Fantasy
11791,Comedy
11791,Kids
11791,Magic
11793,Comedy
11793,Drama
11793,Slice of Life
11795,Music
11795,Vampire
11799,Mystery
11807,Hentai
11807,School
11809,Comedy
11813,Action
11813,Martial Arts
11813,Comedy
11813,School
11813,Shounen
11815,Hentai
11825,Hentai
11825,Comedy
11825,Historical
11827,Action
11827,Hentai
11827,Fantasy
11829,Historical
11835,Action
11835,Historical
11835,Martial Arts
11835,Fantasy
11837,Action
11837,Drama
11837,Horror
11837,Romance
11837,Sci-Fi
11837,Seinen
11837,Supernatural
11841,Action
11841,Historical
11841,Martial Arts
11841,Fantasy
11843,Slice of Life
11843,Comedy
11843,School
11853,Adventure
11853,Comedy
11853,Fantasy
11853,Kids
11855,Hentai
11857,Sports
11857,Shounen
11859,Action
11859,Adventure
11859,Ecchi
11859,Fantasy
11867,Drama
11867,Music
11869,Horror
11869,Psychological
11869,Supernatural
11869,Thriller
11873,Comedy
11873,Kids
11879,Hentai
11883,Action
11883,Comedy
11887,Slice of Life
11887,Comedy
11887,Supernatural
11887,Drama
11887,Romance
11887,School
11889,Music
11889,Comedy
11889,Drama
11897,Action
11897,Comedy
11911,Comedy
11911,Shoujo
11915,Horror
11917,Comedy
11917,Drama
11917,Shounen
11917,Sports
11919,Sports
11919,Romance
11933,Comedy
11933,Historical
11933,Romance
11959,Comedy
11969,Hentai
11977,Psychological
11977,Drama
11977,Magic
11977,Thriller
11979,Drama
11979,Magic
11979,Psychological
11979,Thriller
11981,Mystery
11981,Psychological
11981,Drama
11981,Magic
11981,Thriller
11995,Action
11995,Horror
11995,Sci-Fi
11997,Hentai
12001,Action
12001,Adventure
12001,Fantasy
12001,Comedy
12001,Shounen
12005,Comedy
12015,Action
12015,Super Power
12015,Comedy
12015,Mystery
12017,Action
12017,Mystery
12017,Comedy
12017,Super Power
12021,Slice of Life
12021,Comedy
12021,Seinen
12027,Drama
12027,Historical
12029,Action
12029,Military
12029,Sci-Fi
12029,Space
12029,Drama
12031,Action
12031,Historical
12031,Military
12031,Seinen
12035,Psychological
12035,Drama
12035,Thriller
12035,Seinen
12037,Comedy
12039,Comedy
12049,Action
12049,Adventure
12049,Comedy
12049,Fantasy
12049,Magic
12049,Shounen
12053,Action
12053,Psychological
12053,Sci-Fi
12055,Hentai
12055,Demons
12055,Supernatural
12057,Hentai
12059,Hentai
12061,Action
12061,Hentai
12061,Supernatural
12065,Action
12065,Adventure
12065,Ecchi
12065,Fantasy
12067,Action
12067,Historical
12067,Romance
12067,Samurai
12067,Shounen
12069,Comedy
12069,Drama
12069,Shounen
12069,Sports
12079,Action
12079,Music
12101,Magic
12101,Music
12113,Action
12113,Adventure
12113,Demons
12113,Drama
12113,Fantasy
12113,Horror
12113,Military
12113,Seinen
12113,Supernatural
12115,Action
12115,Adventure
12115,Demons
12115,Drama
12115,Fantasy
12115,Horror
12115,Military
12115,Seinen
12115,Supernatural
12117,Adventure
12117,Comedy
12117,Mystery
12117,Police
12117,Shounen
12117,Sports
12119,School
12119,Slice of Life
12119,Supernatural
12121,Music
12123,Slice of Life
12123,Comedy
12123,Seinen
12131,Parody
12131,Romance
12131,Ecchi
12131,Seinen
12133,Sci-Fi
12133,Psychological
12135,Adventure
12135,Psychological
12135,Sci-Fi
12137,Psychological
12137,Sci-Fi
12137,Shounen Ai
12137,Slice of Life
12139,Action
12139,Mystery
12141,Slice of Life
12141,Kids
12141,Fantasy
12143,Hentai
12145,Comedy
12145,Kids
12149,Music
12149,Sci-Fi
12157,Action
12157,Military
12163,Drama
12163,Sci-Fi
12165,Historical
12165,Shoujo
12175,Drama
12175,Romance
12175,School
12181,Comedy
12181,Historical
12181,Parody
12185,Comedy
12185,Fantasy
12185,Kids
12187,Comedy
12187,Supernatural
12189,Mystery
12189,School
12189,Slice of Life
12191,Action
12191,Magic
12191,Fantasy
12191,Shoujo
12221,Fantasy
12221,Magic
12221,Shoujo
12223,Action
12223,Sci-Fi
12223,Adventure
12223,Super Power
12223,Shounen
12225,Sci-Fi
12225,Comedy
12231,Action
12231,Sci-Fi
12231,Adventure
12231,Comedy
12231,Super Power
12231,Martial Arts
12231,Fantasy
12231,Shounen
12237,Ecchi
12237,Music
12243,Comedy
12243,Game
12243,Kids
12243,Shounen
12255,Parody
12255,Comedy
12259,Comedy
12259,Drama
12259,Mystery
12267,Adventure
12267,Fantasy
12267,Kids
12279,Action
12279,Comedy
12279,Drama
12279,Romance
12279,Martial Arts
12279,Samurai
12281,Action
12281,Comedy
12281,Mecha
12281,Sci-Fi
12291,Slice of Life
12291,Comedy
12291,Romance
12291,School
12293,Comedy
12293,Ecchi
12293,Fantasy
12293,Harem
12293,Magic
12293,Romance
12295,Adventure
12317,Action
12317,Comedy
12317,Military
12317,Seinen
12321,Comedy
12321,Historical
12321,Seinen
12337,Action
12337,Drama
12337,Mecha
12337,Military
12337,Sci-Fi
12341,Adventure
12341,Fantasy
12341,Comedy
12343,Action
12343,Sci-Fi
12343,Adventure
12343,Comedy
12343,Police
12347,Action
12347,Sci-Fi
12347,Adventure
12347,Comedy
12347,Police
12351,Comedy
12355,Fantasy
12355,Slice of Life
12359,Kids
12361,Action
12361,Cars
12365,Comedy
12365,Drama
12365,Romance
12365,Shounen
12367,Action
12367,Fantasy
12371,Adventure
12371,Fantasy
12373,Hentai
12373,Yuri
12375,Hentai
12391,Comedy
12391,Kids
12391,Slice of Life
12393,Slice of Life
12393,Comedy
12397,Comedy
12397,Hentai
12399,Action
12399,Sci-Fi
12401,Action
12401,Demons
12401,Shoujo
12401,Super Power
12403,Slice of Life
12403,Comedy
12403,School
12403,Shoujo Ai
12411,Parody
12413,Action
12413,Adventure
12413,Seinen
12419,Action
12419,Sci-Fi
12419,Super Power
12429,Action
12429,Sci-Fi
12429,Adventure
12431,Comedy
12431,Sci-Fi
12431,Seinen
12431,Slice of Life
12431,Space
12433,Mystery
12437,Comedy
12437,Shoujo Ai
12439,Action
12439,Military
12439,Sci-Fi
12439,Drama
12439,Mecha
12441,Action
12441,Military
12441,Sci-Fi
12441,Drama
12441,Mecha
12445,Horror
12445,Mystery
12445,Romance
12445,School
12445,Shounen
12445,Supernatural
12447,Comedy
12449,Ecchi
12449,Sports
12451,Mecha
12455,Comedy
12461,Fantasy
12461,Romance
12461,Shoujo
12461,Supernatural
12467,Romance
12467,School
12467,Seinen
12471,Action
12471,Adventure
12471,Drama
12471,Mecha
12471,Sci-Fi
12477,Adventure
12477,Sci-Fi
12481,Mystery
12481,Comedy
12481,Horror
12481,Demons
12481,Supernatural
12483,Mystery
12483,Comedy
12483,Horror
12483,Demons
12483,Supernatural
12483,Vampire
12485,Mystery
12485,Comedy
12485,Horror
12485,Demons
12485,Supernatural
12487,Action
12487,Fantasy
12487,Sci-Fi
12497,Comedy
12499,Comedy
12499,Seinen
12501,Comedy
12501,Sci-Fi
12503,Action
12503,Comedy
12503,Supernatural
12505,Action
12505,Comedy
12505,Supernatural
12505,Ecchi
12505,School
12521,Music
12521,Dementia
12529,Action
12529,Adventure
12531,Drama
12531,Josei
12531,Music
12531,Romance
12531,School
12549,Comedy
12549,Supernatural
12549,Romance
12549,Ecchi
12551,Hentai
12561,Action
12561,Comedy
12563,Hentai
12565,Action
12565,Supernatural
12565,Magic
12565,Romance
12565,Fantasy
12565,Shounen
12569,Magic
12569,School
12569,Shoujo
12579,Comedy
12579,Ecchi
12579,Romance
12579,Shounen
12579,Supernatural
12579,Vampire
12581,Comedy
12581,Ecchi
12581,Romance
12581,School
12585,Sports
12585,Super Power
12585,Shounen
12589,Adventure
12589,Kids
12591,Kids
12591,Magic
12599,Drama
12599,Shoujo
12603,Drama
12611,Fantasy
12611,Parody
12611,Samurai
12613,Kids
12623,Music
12637,Music
12643,Comedy
12643,Sci-Fi
12651,Action
12651,Kids
12651,Mecha
12657,Magic
12657,Fantasy
12657,Shoujo
12659,Music
12661,Music
12663,Adventure
12663,Comedy
12663,Romance
12663,Shoujo
12663,Shounen Ai
12665,Comedy
12669,Romance
12671,Action
12671,Adventure
12671,Comedy
12671,Drama
12671,Fantasy
12671,Kids
12673,Comedy
12673,Romance
12673,Slice of Life
12677,Action
12677,Sci-Fi
12677,Adventure
12679,Slice of Life
12679,Comedy
12679,Shounen
12683,Music
12685,Comedy
12685,Parody
12685,Fantasy
12689,Mecha
12689,Military
12689,Sci-Fi
12695,Romance
12695,Shounen Ai
12699,Comedy
12709,Comedy
12711,Comedy
12711,Harem
12711,Music
12711,Romance
12711,School
12711,Shoujo
12715,Action
12715,Adventure
12715,Historical
12715,Demons
12715,Martial Arts
12715,Samurai
12715,Shounen
12725,Action
12725,Cars
12725,Sports
12725,Drama
12725,Seinen
12727,Comedy
12727,Historical
12727,Seinen
12729,Comedy
12729,Demons
12729,Ecchi
12729,Romance
12729,School
12745,Action
12745,Drama
12745,Shounen
12745,Sports
12753,Action
12753,Game
12753,Mystery
12753,Shounen
12755,Music
12755,Magic
12755,Fantasy
12759,Fantasy
12763,Historical
12763,Military
12765,Action
12767,Sci-Fi
12769,Horror
12769,Psychological
12771,Slice of Life
12771,Comedy
12781,Comedy
12783,Comedy
12783,Ecchi
12783,Harem
12783,Sci-Fi
12783,Shounen
12783,Supernatural
12789,Fantasy
12789,Kids
12789,Music
12791,Adventure
12791,Drama
12791,Shounen
12793,Fantasy
12795,Adventure
12795,Martial Arts
12795,School
12795,Shoujo
12799,Action
12799,Adventure
12799,Sci-Fi
12799,Space
12803,Kids
12803,Fantasy
12803,Comedy
12807,Adventure
12809,Comedy
12809,Fantasy
12815,Slice of Life
12815,Comedy
12815,Josei
12823,Comedy
12823,Parody
12833,Horror
12833,School
12833,Supernatural
12835,Comedy
12835,Slice of Life
12851,Action
12851,Adventure
12851,Sci-Fi
12857,Action
12857,Mecha
12857,Romance
12857,Shounen
12859,Action
12859,Adventure
12859,Comedy
12859,Drama
12859,Fantasy
12859,Shounen
12861,Comedy
12863,Slice of Life
12863,Sports
12863,Music
12863,Shoujo
12865,Comedy
12867,Drama
12875,Sports
12875,Shounen
12877,Sci-Fi
12877,Psychological
12877,Drama
12877,Mecha
12879,Action
12879,Historical
12879,Mystery
12881,Comedy
12881,Drama
12881,Harem
12881,Romance
12881,Sci-Fi
12883,Comedy
12883,Sci-Fi
12883,Slice of Life
12883,Sports
12885,Action
12885,Mecha
12885,Sci-Fi
12885,Shounen
12887,Action
12887,Adventure
12887,Sci-Fi
12893,Comedy
12893,School
12893,Shounen
12893,Slice of Life
12897,Sci-Fi
12897,Space
12899,Martial Arts
12899,School
12899,Shounen
12899,Sports
12901,Adventure
12901,Sci-Fi
12903,Historical
12905,Drama
12905,Historical
12907,Fantasy
12907,Historical
12907,Supernatural
12917,Adventure
12917,Kids
12917,Drama
12917,Fantasy
12919,Psychological
12921,Comedy
12921,School
12921,Slice of Life
12929,Action
12929,Adventure
12929,Fantasy
12929,Shounen
12935,Music
12951,Action
12951,Space
12951,Military
12951,Sci-Fi
12955,Hentai
12957,Hentai
12959,Hentai
12961,Hentai
12963,Fantasy
12963,Magic
12963,Shoujo
12965,Fantasy
12965,Magic
12965,Shoujo
12967,Action
12967,Harem
12967,Supernatural
12967,Romance
12967,Shoujo
12971,Magic
12971,Shoujo
12979,Action
12979,Comedy
12979,Parody
12981,Historical
12981,Slice of Life
12991,Comedy
12991,Parody
12991,School
12991,Sci-Fi
12991,Shounen
12993,Music
12995,Hentai
12997,Hentai
13019,Hentai
13029,Adventure
13029,Drama
13041,Action
13041,Kids
13047,Adventure
13047,Kids
13047,Shounen
13051,Hentai
13053,Music
13055,Comedy
13055,Ecchi
13055,Horror
13055,Romance
13055,Shounen
13055,Supernatural
13057,Hentai
13073,Sports
13073,Shounen
13083,Slice of Life
13083,Comedy
13085,Slice of Life
13085,Comedy
13087,Comedy
13089,Comedy
13091,Comedy
13093,Ecchi
13093,Romance
13093,Mystery
13093,Seinen
13103,Adventure
13103,Drama
13115,Action
13115,Historical
13115,Supernatural
13115,Drama
13115,Samurai
13115,Josei
13117,Action
13117,Historical
13117,Supernatural
13117,Drama
13117,Samurai
13117,Josei
13119,Action
13119,Historical
13119,Supernatural
13119,Drama
13119,Samurai
13119,Josei
13125,Drama
13125,Horror
13125,Mystery
13125,Psychological
13125,Sci-Fi
13125,Supernatural
13137,Comedy
13137,Ecchi
13139,Comedy
13139,School
13141,Comedy
13143,Action
13143,Game
13143,Shounen
13145,Action
13145,Game
13145,Adventure
13145,Demons
13145,Shounen
13153,Music
13159,Comedy
13159,Magic
13159,School
13159,Slice of Life
13161,Action
13161,Super Power
13161,Ecchi
13161,Fantasy
13163,Historical
13163,Kids
13163,Supernatural
13165,Kids
13167,Kids
13169,Adventure
13169,Comedy
13169,Fantasy
13169,Historical
13171,Comedy
13171,Supernatural
13173,Fantasy
13173,Slice of Life
13175,Drama
13175,School
13177,Slice of Life
13179,Slice of Life
13183,Action
13183,Fantasy
13183,Supernatural
13185,Action
13185,Adventure
13195,Fantasy
13195,Music
13201,Action
13201,Adventure
13201,Comedy
13201,Fantasy
13203,Action
13203,Adventure
13203,Comedy
13203,Ecchi
13203,Samurai
13203,Seinen
13207,Comedy
13207,Historical
13207,Parody
13215,Slice of Life
13215,Kids
13215,Drama
13215,Fantasy
13217,Hentai
13219,Hentai
13221,Harem
13221,Hentai
13221,Demons
13221,Supernatural
13221,Fantasy
13223,Hentai
13231,Adventure
13231,Sports
13233,Comedy
13239,Action
13239,Adventure
13239,Sci-Fi
13245,Action
13245,Comedy
13245,Sports
13245,Shounen
13247,Adventure
13247,Comedy
13247,Seinen
13249,Adventure
13249,Comedy
13249,Shounen
13251,Adventure
13251,Fantasy
13251,Comedy
13253,Music
13255,Adventure
13259,Magic
13261,Sports
13261,Super Power
13261,Shounen
13263,Comedy
13267,Slice of Life
13267,Comedy
13267,Shounen
13271,Action
13271,Adventure
13271,Fantasy
13271,Shounen
13271,Super Power
13281,Music
13283,Slice of Life
13287,Comedy
13287,Sci-Fi
13299,Comedy
13299,Drama
13299,Mystery
13299,Romance
13299,School
13299,Slice of Life
13303,Game
13303,Psychological
13303,Seinen
13307,Action
13307,Adventure
13307,Samurai
13307,Shounen
13309,Fantasy
13311,Super Power
13311,Music
13325,Hentai
13331,Action
13331,Adventure
13331,Seinen
13333,Music
13333,Slice of Life
13333,School
13335,Action
13335,Drama
13335,Historical
13335,Supernatural
13349,Comedy
13349,Historical
13349,Romance
13349,Josei
13357,Ecchi
13357,Comedy
13357,Harem
13357,Romance
13357,Demons
13357,School
13359,Music
13359,Magic
13365,Adventure
13365,Sci-Fi
13367,Comedy
13367,Ecchi
13367,Harem
13367,Mystery
13367,Romance
13367,School
13369,Comedy
13373,Slice of Life
13375,Slice of Life
13377,Comedy
13377,School
13377,Seinen
13377,Slice of Life
13379,Hentai
13391,Action
13391,Sci-Fi
13391,Mecha
13403,Comedy
13403,Supernatural
13403,Shounen
13405,Comedy
13405,Dementia
13407,Fantasy
13409,Comedy
13409,Supernatural
13409,School
13409,Seinen
13411,Action
13411,Sci-Fi
13411,Super Power
13411,Drama
13421,Comedy
13423,Adventure
13427,Slice of Life
13427,Cars
13427,Space
13429,Sci-Fi
13431,Comedy
13431,Parody
13431,Super Power
13433,Comedy
13433,Parody
13433,Super Power
13435,Comedy
13435,Parody
13435,Super Power
13439,Adventure
13439,Supernatural
13441,Fantasy
13449,Mecha
13449,Sports
13455,Comedy
13457,Comedy
13457,Kids
13459,Comedy
13463,Kids
13465,Kids
13469,Mystery
13469,School
13469,Slice of Life
13479,Comedy
13479,Sci-Fi
13479,Space
13495,Slice of Life
13497,Drama
13499,Adventure
13499,Comedy
13499,Parody
13499,Space
13501,Comedy
13501,Historical
13501,Parody
13503,Comedy
13503,Parody
13505,Comedy
13507,Parody
13507,Comedy
13507,Historical
13509,Comedy
13511,Comedy
13513,Music
13515,Comedy
13517,Comedy
13517,Supernatural
13519,Comedy
13535,Comedy
13535,Parody
13535,Shounen
13535,Supernatural
13541,Demons
13541,Fantasy
13543,Music
13543,Super Power
13551,Slice of Life
13551,Comedy
13551,Drama
13551,Seinen
13553,Sports
13559,Hentai
13561,Comedy
13563,Slice of Life
13585,Supernatural
13585,Drama
13585,Romance
13585,Josei
13587,Sci-Fi
13587,Adventure
13587,Mystery
13587,Super Power
13587,Supernatural
13587,School
13595,Hentai
13599,Sci-Fi
13599,Mystery
13599,Drama
13599,Mecha
13599,School
13601,Action
13601,Sci-Fi
13601,Police
13601,Psychological
13619,Comedy
13619,Parody
13619,School
13629,Music
13629,Slice of Life
13629,Drama
13629,Romance
13639,Historical
13639,Slice of Life
13643,Hentai
13655,Slice of Life
13655,Comedy
13655,Supernatural
13655,Drama
13655,School
13659,Comedy
13659,Romance
13659,Slice of Life
13663,Comedy
13663,Ecchi
13663,Harem
13663,Romance
13663,School
13663,Sci-Fi
13663,Shounen
13667,Action
13667,Adventure
13667,Super Power
13667,Martial Arts
13667,Shounen
13669,Action
13669,Adventure
13669,Fantasy
13669,Sci-Fi
13673,Historical
13673,Shoujo
13675,Drama
13677,Parody
13677,Comedy
13679,Kids
13679,Adventure
13681,Comedy
13681,Supernatural
13681,Seinen
13691,Drama
13693,Action
13693,Sci-Fi
13693,Parody
13693,Super Power
13693,Mecha
13709,Action
13709,Adventure
13709,Samurai
13715,Ecchi
13715,Comedy
13715,School
13727,Slice of Life
13727,Comedy
13727,School
13727,Sci-Fi
13731,Adventure
13731,Drama
13731,Mecha
13731,Romance
13731,Sci-Fi
13755,Music
13757,Harem
13757,Romance
13757,Drama
13759,Slice of Life
13759,Comedy
13759,Drama
13759,Romance
13759,School
13767,Comedy
13767,Drama
13767,Romance
13767,Shounen Ai
13769,Action
13769,Fantasy
13781,Comedy
13781,Ecchi
13781,School
13785,Hentai
13789,Adventure
13793,Comedy
13795,Fantasy
13799,Adventure
13799,Comedy
13799,Fantasy
13799,Kids
13799,Music
13807,Horror
13807,School
13817,Slice of Life
13817,Comedy
13819,Slice of Life
13819,Comedy
13821,Adventure
13821,Comedy
13821,Slice of Life
13823,Slice of Life
13823,Comedy
13825,Slice of Life
13825,Comedy
13827,Slice of Life
13827,Comedy
13831,Slice of Life
13831,Comedy
13833,Romance
13833,Shoujo
13835,Action
13835,Shoujo
13837,Comedy
13837,Mystery
13837,Police
13837,Shounen
13837,Sports
13839,Police
13839,Sports
13839,Comedy
13839,Mystery
13839,Shounen
13843,Action
13843,Mystery
13843,Drama
13843,Shoujo
13851,Sci-Fi
13851,Harem
13851,Comedy
13851,Romance
13851,Ecchi
13851,School
13851,Shounen
13855,Ecchi
13857,Music
13859,Sci-Fi
13859,Comedy
13863,Action
13863,Drama
13863,Mystery
13863,Sci-Fi
13863,Thriller
13917,Hentai
13917,Yuri
13927,Action
13927,Comedy
13927,School
13927,Sci-Fi
13927,Super Power
13931,Adventure
13931,Comedy
13931,Drama
13931,Fantasy
13931,Magic
13931,Romance
13931,Shoujo
13935,Fantasy
13935,Kids
13937,Hentai
13939,Action
13939,Game
13939,Sci-Fi
13939,Romance
13939,School
13947,Sports
13955,Sci-Fi
13955,Adventure
13955,Mystery
13955,Comedy
13955,Drama
13959,Hentai
13965,Comedy
13965,Historical
13965,Seinen
13967,Comedy
13967,Historical
13967,Seinen
13969,Comedy
13969,Historical
13969,Seinen
13971,Fantasy
13983,Space
13983,Comedy
13983,Seinen
13993,Action
13993,Drama
13993,Fantasy
13993,Shoujo
13993,Supernatural
14007,Drama
14007,Mecha
14007,Military
14007,Sci-Fi
14007,Shounen
14007,Space
14023,Music
14027,Harem
14027,Slice of Life
14027,Comedy
14027,Romance
14027,School
14039,Action
14039,Sci-Fi
14045,Comedy
14045,Slice of Life
14047,Hentai
14047,Supernatural
14047,Fantasy
14049,Harem
14049,Romance
14059,Shounen
14067,Action
14067,Comedy
14067,Parody
14067,Police
14069,Kids
14073,Comedy
14073,Ecchi
14073,Parody
14073,School
14073,Shounen
14075,Action
14075,Mystery
14075,Psychological
14075,Drama
14075,Magic
14075,Fantasy
14075,Shounen
14077,Comedy
14077,Parody
14093,Action
14093,Adventure
14093,Comedy
14093,Fantasy
14093,Kids
14095,Action
14095,Comedy
14095,Seinen
14117,Action
14117,Horror
14117,School
14117,Supernatural
14117,Vampire
14123,Action
14123,Fantasy
14123,Kids
14125,Kids
14125,Music
14127,Hentai
14129,Hentai
14131,Action
14131,Sports
14131,Military
14131,School
14145,Historical
14145,Drama
14145,Josei
14173,Military
14173,Comedy
14173,Ecchi
14173,School
14173,Seinen
14175,Comedy
14175,Drama
14175,Slice of Life
14181,Fantasy
14181,Historical
14181,Drama
14181,Shoujo
14183,Romance
14183,Drama
14183,Shounen
14189,Horror
14189,Mystery
14189,Romance
14189,School
14189,Shounen
14189,Supernatural
14199,Comedy
14199,Ecchi
14199,Harem
14199,Romance
14199,School
14207,Hentai
14209,Hentai
14211,Historical
14213,Historical
14227,Slice of Life
14227,Comedy
14227,Romance
14227,School
14227,Shoujo
14231,Fantasy
14231,Romance
14235,Fantasy
14237,Action
14237,Sci-Fi
14237,Slice of Life
14237,Mecha
14247,Drama
14247,Romance
14249,Adventure
14253,Fantasy
14253,Kids
14267,Adventure
14267,Mystery
14267,Super Power
14267,Supernatural
14267,School
14277,Comedy
14277,Romance
14277,School
14277,Seinen
14277,Slice of Life
14283,Action
14283,Sci-Fi
14283,Ecchi
14289,Drama
14289,Romance
14289,School
14289,Shoujo
14293,Romance
14293,School
14293,Sci-Fi
14317,Sci-Fi
14333,Adventure
14333,Fantasy
14345,Action
14345,Sci-Fi
14345,Psychological
14345,Seinen
14347,Action
14347,Samurai
14347,Historical
14347,Drama
14349,Adventure
14349,Comedy
14349,Magic
14349,Fantasy
14349,School
14353,Game
14353,Mystery
14353,Psychological
14353,Drama
14353,Thriller
14355,Adventure
14355,Slice of Life
14355,Comedy
14359,Music
14359,Fantasy
14367,Shounen
14373,Sci-Fi
14379,Harem
14379,Hentai
14381,Kids
14381,Adventure
14381,Fantasy
14381,Comedy
14381,Super Power
14397,Drama
14397,Game
14397,Josei
14397,School
14397,Slice of Life
14397,Sports
14407,Action
14407,Supernatural
14407,Fantasy
14467,Action
14467,Mystery
14467,Super Power
14467,Supernatural
14471,Hentai
14471,Historical
14479,Magic
14479,Fantasy
14479,School
14511,Comedy
14511,School
14511,Slice of Life
14513,Action
14513,Adventure
14513,Fantasy
14513,Magic
14513,Shounen
14515,Comedy
14515,Romance
14515,Supernatural
14519,Comedy
14527,Action
14527,Comedy
14527,Ecchi
14527,Martial Arts
14527,School
14527,Shounen
14527,Super Power
14529,Action
14529,Space
14529,Mecha
14529,Sci-Fi
14537,Fantasy
14539,Hentai
14543,Action
14543,Hentai
14543,Supernatural
14563,Comedy
14563,Magic
14575,Comedy
14575,Slice of Life
14583,Comedy
14617,Action
14617,Adventure
14617,Historical
14617,Samurai
14617,Seinen
14623,Action
14623,Comedy
14623,Kids
14623,Sci-Fi
14627,Comedy
14627,School
14627,Seinen
14627,Slice of Life
14629,Action
14629,Military
14629,Sci-Fi
14631,Comedy
14631,Kids
14645,Fantasy
14645,Romance
14645,Shoujo
14645,Supernatural
14647,Comedy
14647,Mystery
14647,Super Power
14653,Comedy
14653,Harem
14653,Parody
14653,Shounen
14657,Hentai
14659,Hentai
14661,Harem
14661,Hentai
14663,Action
14663,Ecchi
14663,Fantasy
14669,Supernatural
14669,Drama
14669,Romance
14669,School
14675,Action
14675,Comedy
14675,Mecha
14675,Sci-Fi
14685,Comedy
14685,Romance
14685,Sci-Fi
14693,Comedy
14693,Seinen
14693,Slice of Life
14713,Comedy
14713,Demons
14713,Supernatural
14713,Romance
14713,Fantasy
14713,Shoujo
14719,Action
14719,Adventure
14719,Supernatural
14719,Vampire
14719,Shounen
14735,Adventure
14735,Mystery
14735,Comedy
14735,Police
14735,Shounen
14741,Slice of Life
14741,Comedy
14741,Drama
14741,Romance
14741,School
14743,Comedy
14749,Comedy
14749,Harem
14749,Romance
14749,School
14751,Demons
14751,Magic
14751,Romance
14751,Shoujo
14753,Comedy
14753,Romance
14753,School
14753,Shounen
14765,Action
14765,Comedy
14765,Fantasy
14781,Action
14781,Mecha
14781,Sci-Fi
14807,Drama
14807,Mystery
14807,Seinen
14807,Supernatural
14811,Comedy
14811,School
14811,Slice of Life
14813,Slice of Life
14813,Comedy
14813,Drama
14813,Romance
14813,School
14817,Sci-Fi
14817,Space
14821,Action
14827,Ecchi
14827,Romance
14827,School
14827,Drama
14829,Action
14829,Comedy
14829,Magic
14829,Fantasy
14833,Adventure
14833,Demons
14833,Romance
14833,Fantasy
14835,Comedy
14835,Drama
14835,Music
14837,Action
14837,Adventure
14837,Super Power
14837,Martial Arts
14837,Fantasy
14837,Shounen
14853,Supernatural
14853,Historical
14875,Action
14875,Adventure
14875,Drama
14875,Mecha
14875,Sci-Fi
14889,Comedy
14889,Ecchi
14889,Parody
14889,School
14889,Shounen
14893,Comedy
14893,Romance
14893,Ecchi
14913,Game
14913,Adventure
14913,Fantasy
14921,Fantasy
14921,Magic
14935,Adventure
14935,Comedy
14935,Fantasy
14935,Kids
14941,Music
14941,Sci-Fi
14947,Fantasy
14947,Comedy
14949,Slice of Life
14949,Comedy
14949,Seinen
14951,Music
14957,Comedy
14957,Supernatural
14957,Fantasy
14967,Harem
14967,Slice of Life
14967,Comedy
14967,Romance
14967,School
14989,Action
14989,Cars
14989,Mecha
14989,Shounen
14991,Harem
14991,Hentai
14993,Hentai
14995,Hentai
15005,Comedy
15005,Ecchi
15005,Seinen
15015,Adventure
15015,Comedy
15015,Ecchi
15015,Fantasy
15021,Drama
15021,Shoujo
15037,Mystery
15037,Horror
15037,Supernatural
15039,Slice of Life
15039,Supernatural
15039,Drama
15043,Comedy
15043,Supernatural
15045,Comedy
15045,Drama
15045,Horror
15045,Psychological
15045,Romance
15051,Music
15051,Slice of Life
15051,School
15059,Action
15059,Cars
15059,Sports
15059,Drama
15059,Seinen
15061,Music
15061,School
15061,Shoujo
15061,Slice of Life
15067,Adventure
15067,Comedy
15069,Kids
15077,Kids
15077,Slice of Life
15085,Harem
15085,Mystery
15085,Romance
15085,Fantasy
15085,Josei
15093,Adventure
15093,Comedy
15093,Ecchi
15093,Fantasy
15095,Adventure
15095,Comedy
15095,Ecchi
15095,Fantasy
15097,Hentai
15109,Action
15109,Mystery
15109,Comedy
15109,Supernatural
15109,Shounen
15111,Kids
15117,Comedy
15117,Harem
15117,Romance
15117,Supernatural
15117,Shounen
15119,Action
15119,Comedy
15119,Ecchi
15119,School
15125,Comedy
15125,School
15125,Shounen
15125,Sports
15127,Music
15127,Shoujo
15129,Music
15133,Action
15133,Adventure
15133,Ecchi
15133,Fantasy
15133,Parody
15133,Shounen
15137,Kids
15139,Kids
15141,Fantasy
15159,Slice of Life
15177,Action
15177,Sci-Fi
15177,Music
15177,Space
15177,Romance
15177,Mecha
15195,Comedy
15195,Historical
15195,Parody
15197,Action
15197,Mecha
15197,Military
15199,Action
15199,Mecha
15199,Military
15201,Action
15201,Mecha
15201,Military
15211,Mystery
15211,Shoujo
15219,Action
15219,Game
15219,Sci-Fi
15225,Harem
15225,Comedy
15225,Supernatural
15225,Romance
15225,School
15227,Historical
15227,Drama
15227,Seinen
15279,Music
15291,Parody
15291,Yaoi
15307,Fantasy
15307,Kids
15307,Magic
15307,Shoujo
15313,Slice of Life
15313,Comedy
15313,Fantasy
15315,Action
15315,Comedy
15315,Fantasy
15315,Supernatural
15323,Action
15323,Adventure
15323,Comedy
15323,Drama
15323,Fantasy
15323,Shounen
15323,Super Power
15325,Comedy
15325,Ecchi
15325,Romance
15325,Supernatural
15335,Action
15335,Sci-Fi
15335,Comedy
15335,Historical
15335,Parody
15335,Samurai
15335,Shounen
15347,Adventure
15347,Mystery
15347,Comedy
15359,Action
15359,Fantasy
15359,Supernatural
15377,Action
15377,Ecchi
15377,Comedy
15377,Harem
15377,Samurai
15377,School
15379,Comedy
15379,Drama
15379,Romance
15379,School
15389,Comedy
15389,Seinen
15391,Sci-Fi
15391,Comedy
15391,Romance
15391,Ecchi
15391,School
15391,Seinen
15393,Drama
15399,Action
15407,Magic
15409,Hentai
15411,Romance
15411,Shoujo
15417,Action
15417,Comedy
15417,Historical
15417,Parody
15417,Samurai
15417,Sci-Fi
15417,Shounen
15423,Music
15431,Slice of Life
15437,Action
15437,Harem
15437,Comedy
15437,Supernatural
15437,Magic
15437,Ecchi
15439,Fantasy
15439,Shounen Ai
15451,Action
15451,Harem
15451,Comedy
15451,Demons
15451,Romance
15451,Ecchi
15451,School
15453,Music
15455,Fantasy
15479,Adventure
15479,Comedy
15479,Fantasy
15479,Kids
15479,Magic
15487,Comedy
15487,School
15487,Shounen
15487,Sports
15489,Action
15489,Game
15489,Fantasy
15489,Shounen
15505,Fantasy
15525,Music
15527,Music
15529,Music
15533,Slice of Life
15535,Seinen
15535,Slice of Life
15537,Harem
15537,Hentai
15539,Hentai
15539,School
15541,Hentai
15545,Comedy
15545,Kids
15547,Game
15547,Kids
15565,Action
15565,Harem
15565,Super Power
15565,Ecchi
15565,Martial Arts
15565,School
15577,Fantasy
15577,Kids
15579,Adventure
15579,Fantasy
15583,Sci-Fi
15583,Harem
15583,Comedy
15583,Romance
15583,Mecha
15583,School
15591,Slice of Life
15591,Comedy
15591,Shounen
15605,Harem
15605,Romance
15605,Shoujo
15607,Drama
15607,Historical
15607,Slice of Life
15609,Harem
15609,Comedy
15609,Romance
15609,Ecchi
15609,School
15611,Action
15611,Adventure
15611,Demons
15611,Game
15611,Shounen
15613,Action
15613,Demons
15613,Supernatural
15613,Fantasy
15613,Shoujo
15617,Comedy
15617,Fantasy
15617,Seinen
15633,Action
15633,Ecchi
15633,Comedy
15633,Super Power
15633,Supernatural
15633,School
15633,Shounen
15649,Comedy
15649,Slice of Life
15651,Action
15651,Game
15651,Mystery
15651,Shounen
15653,Music
15653,Kids
15657,Comedy
15663,Adventure
15663,Fantasy
15663,Kids
15673,Music
15687,Comedy
15687,School
15689,Comedy
15689,Supernatural
15689,Romance
15689,Ecchi
15699,Sci-Fi
15699,Comedy
15699,Parody
15711,Comedy
15711,School
15711,Shounen
15717,Romance
15717,Shoujo
15719,Comedy
15719,Historical
15719,Romance
15729,Comedy
15729,Ecchi
15731,Comedy
15731,Drama
15731,Slice of Life
15735,Action
15735,Adventure
15735,Seinen
15743,Adventure
15743,Comedy
15743,Supernatural
15749,Slice of Life
15751,Action
15751,Comedy
15751,Parody
15751,Fantasy
15751,Shounen
15769,Fantasy
15771,Comedy
15771,Seinen
15771,Slice of Life
15775,Comedy
15775,Seinen
15775,Slice of Life
15781,Comedy
15781,Music
15781,Slice of Life
15783,Action
15783,Adventure
15783,Mystery
15783,Comedy
15783,Seinen
15785,Action
15785,Kids
15785,Mecha
15785,Sports
15787,Music
15793,Action
15793,Music
15793,Sci-Fi
15795,Action
15795,Sci-Fi
15795,Kids
15795,Shounen
15807,Ecchi
15807,Sports
15807,Comedy
15807,School
15809,Comedy
15809,Demons
15809,Supernatural
15809,Romance
15809,Fantasy
15811,Military
15811,School
15813,Fantasy
15813,Magic
15815,Drama
15815,Kids
15819,Mystery
15819,Shounen
15823,Adventure
15823,Kids
15839,Hentai
15841,Hentai
15843,Hentai
15845,Hentai
15847,Action
15847,Mecha
15863,Action
15863,Mecha
15863,School
15863,Sci-Fi
15863,Seinen
15863,Space
15865,Comedy
15865,Kids
15867,Hentai
15873,Comedy
15873,Martial Arts
15875,Sports
15879,Action
15879,Mecha
15881,Comedy
15881,Ecchi
15883,Sci-Fi
15883,Magic
15883,Fantasy
15891,Shoujo
15891,Supernatural
15893,Comedy
15893,Shoujo
15895,Romance
15895,School
15895,Shoujo
15897,Comedy
15897,Kids
15905,Action
15905,Historical
15905,Martial Arts
15905,Fantasy
15911,Slice of Life
15911,Comedy
15911,School
15911,Seinen
15913,Adventure
15913,Comedy
15913,Fantasy
15913,Kids
15915,Adventure
15915,Comedy
15915,Fantasy
15915,Kids
15925,Adventure
15925,Comedy
15925,Fantasy
15925,Kids
15925,Shounen
15927,Comedy
15927,Supernatural
15933,Action
15933,Comedy
15933,Fantasy
15933,Mystery
15933,Shounen Ai
15933,Supernatural
15933,Vampire
15937,Action
15937,Fantasy
15937,Shounen
15951,Romance
15957,Comedy
15957,Kids
15959,Action
15959,Demons
15959,Shounen
15959,Supernatural
15961,Action
15961,Cars
15961,Comedy
15961,School
15961,Seinen
15963,Harem
15963,Comedy
15963,Parody
15963,School
15971,Historical
15971,Sci-Fi
15977,Music
15977,Sports
15977,Kids
15977,School
15979,Slice of Life
15979,Comedy
15989,Game
15989,Slice of Life
15989,School
15993,Sports
16001,Comedy
16001,Drama
16001,Romance
16001,School
16001,Slice of Life
16001,Supernatural
16005,Action
16005,Super Power
16005,Supernatural
16005,Shounen
16007,Fantasy
16009,Adventure
16009,Mystery
16009,Fantasy
16011,Action
16011,Comedy
16011,Supernatural
16011,Magic
16011,Romance
16011,School
16021,Action
16021,Adventure
16021,Fantasy
16023,Romance
16023,Josei
16027,Adventure
16027,Fantasy
16027,Historical
16033,Fantasy
16033,Josei
16033,Sci-Fi
16035,Action
16035,Fantasy
16035,Josei
16035,Mystery
16035,Sci-Fi
16041,Adventure
16041,Mecha
16041,Sci-Fi
16049,Action
16049,Sci-Fi
16049,Super Power
16051,Comedy
16051,Ecchi
16051,School
16051,Sports
16059,Hentai
16059,Supernatural
16067,Drama
16067,Fantasy
16067,Romance
16091,Hentai
16091,Horror
16091,Supernatural
16099,Comedy
16101,Fantasy
16101,Seinen
16119,Historical
16119,Josei
16123,Game
16123,Slice of Life
16123,School
16131,Action
16131,Mecha
16131,Sci-Fi
16143,Adventure
16143,Comedy
16143,Fantasy
16143,Shounen
16149,Comedy
16149,Romance
16149,Sports
16157,Action
16157,Comedy
16157,Fantasy
16157,Parody
16157,Sci-Fi
16157,Supernatural
16159,Action
16159,Comedy
16159,Super Power
16159,Sci-Fi
16163,Kids
16163,Adventure
16163,Comedy
16163,Super Power
16169,Comedy
16169,Slice of Life
16183,Parody
16183,Comedy
16187,Hentai
16189,Hentai
16199,Military
16199,School
16201,Psychological
16201,Drama
16201,Romance
16201,School
16201,Shounen
16211,Historical
16211,Fantasy
16233,Drama
16233,Music
16239,Action
16239,Adventure
16239,Comedy
16239,Super Power
16239,Fantasy
16239,Shounen
16241,Comedy
16241,Demons
16241,Supernatural
16245,Comedy
16245,School
16245,Shounen
16247,Mystery
16247,Shoujo
16251,Action
16251,Adventure
16251,Military
16251,Sci-Fi
16253,Fantasy
16253,Comedy
16255,Adventure
16255,Seinen
16257,Magic
16259,Action
16259,Sci-Fi
16261,Action
16261,Comedy
16263,Kids
16263,Slice of Life
16273,Slice of Life
16273,Comedy
16273,Romance
16273,School
16303,Comedy
16303,Sci-Fi
16317,Comedy
16317,School
16317,Seinen
16319,Comedy
16319,Romance
16319,School
16319,Seinen
16319,Slice of Life
16331,Action
16331,Cars
16331,Sci-Fi
16335,Action
16335,Mecha
16335,Military
16335,Sci-Fi
16345,Action
16345,Adventure
16345,Comedy
16345,Martial Arts
16345,Shounen
16347,Comedy
16353,Comedy
16353,Romance
16353,School
16355,Action
16355,Romance
16355,Fantasy
16355,Seinen
16363,Action
16363,Adventure
16363,Ecchi
16363,Fantasy
16371,Slice of Life
16371,Comedy
16373,Slice of Life
16373,Comedy
16377,Slice of Life
16377,Comedy
16381,Fantasy
16385,Action
16385,Adventure
16385,Magic
16385,Fantasy
16389,Sci-Fi
16389,Adventure
16389,Comedy
16389,Kids
16393,Comedy
16393,Mystery
16395,Comedy
16395,School
16395,Shounen
16397,Ecchi
16397,Romance
16397,School
16399,Action
16399,Sci-Fi
16399,Super Power
16405,Comedy
16415,Comedy
16415,Parody
16415,Mecha
16417,Slice of Life
16417,Comedy
16419,Action
16419,Magic
16419,Fantasy
16419,Shoujo
16434,Drama
16434,Military
16434,Seinen
16436,Comedy
16436,Ecchi
16436,Shounen
16442,Action
16442,Kids
16442,Magic
16442,Shoujo
16444,Fantasy
16444,Supernatural
16454,Comedy
16454,Ecchi
16454,School
16458,Drama
16458,Historical
16458,Shoujo
16458,Slice of Life
16460,Drama
16460,Historical
16460,Kids
16460,Shoujo
16460,Slice of Life
16468,Action
16468,Adventure
16468,Comedy
16468,Super Power
16468,Fantasy
16468,Shounen
16472,Hentai
16474,Hentai
16476,Hentai
16480,Adventure
16480,Comedy
16480,Fantasy
16482,Adventure
16482,Comedy
16482,Fantasy
16482,Kids
16482,Slice of Life
16486,Sports
16490,Mecha
16498,Action
16498,Military
16498,Mystery
16498,Super Power
16498,Drama
16498,Fantasy
16498,Shounen
16506,Music
16508,Comedy
16508,Ecchi
16508,Parody
16508,School
16508,Shounen
16510,Adventure
16512,Action
16512,Demons
16512,Supernatural
16514,Comedy
16514,Drama
16514,School
16514,Shounen
16514,Sports
16518,Adventure
16518,Fantasy
16518,Shounen
16524,Action
16524,Sci-Fi
16524,Adventure
16524,Mecha
16526,Parody
16526,Comedy
16526,School
16528,Sci-Fi
16528,Drama
16528,Romance
16528,Shoujo
16530,Comedy
16530,Slice of Life
16552,Sports
16554,Mecha
16554,Sci-Fi
16556,Adventure
16556,Fantasy
16556,Historical
16558,Action
16558,Mecha
16558,Sci-Fi
16560,Action
16560,Mecha
16560,Sci-Fi
16562,Action
16562,Mecha
16562,Sci-Fi
16564,Action
16564,Mecha
16564,Sci-Fi
16566,Action
16566,Mecha
16566,Sci-Fi
16568,Action
16568,Sci-Fi
16568,Mecha
16570,Kids
16572,Sports
16574,Action
16574,Fantasy
16574,Game
16574,Shounen
16576,Action
16576,Fantasy
16576,Game
16576,Shounen
16586,Adventure
16586,Fantasy
16586,Romance
16590,Action
16590,Adventure
16590,Comedy
16590,Fantasy
16590,Mecha
16590,Sci-Fi
16590,Shounen
16592,Mystery
16592,Horror
16592,Psychological
16592,School
16602,Horror
16602,Parody
16602,Supernatural
16602,Thriller
16604,Comedy
16604,Horror
16606,Horror
16608,Comedy
16608,Romance
16610,Comedy
16610,Horror
16614,Action
16614,Sci-Fi
16620,Action
16620,Mecha
16636,Comedy
16636,School
16638,Hentai
16638,School
16642,Hentai
16644,Hentai
16646,Comedy
16646,Kids
16646,Music
16648,Action
16648,Comedy
16648,Kids
16650,Sports
16650,Kids
16656,Action
16656,Ecchi
16656,Harem
16656,Magic
16662,Drama
16662,Historical
16662,Romance
16664,Fantasy
16664,Historical
16668,Action
16668,Military
16668,Space
16668,Mecha
16678,Adventure
16678,Comedy
16678,Fantasy
16678,Kids
16680,Action
16680,Adventure
16680,Comedy
16680,Kids
16680,Fantasy
16690,Slice of Life
16690,Drama
16692,Demons
16692,Kids
16692,School
16694,Comedy
16694,Horror
16694,Supernatural
16694,Romance
16694,Ecchi
16694,Shounen
16696,Sci-Fi
16696,Space
16700,Mystery
16700,Horror
16700,Psychological
16700,Thriller
16702,Kids
16702,Adventure
16702,Fantasy
16702,Sci-Fi
16702,Shounen
16706,Harem
16706,Comedy
16706,Supernatural
16706,Romance
16706,Shounen
16718,Comedy
16718,School
16718,Shounen
16726,Comedy
16726,Fantasy
16728,Action
16728,Adventure
16728,Martial Arts
16728,Shounen
16730,Slice of Life
16730,Comedy
16732,Slice of Life
16732,Comedy
16732,School
16732,Seinen
16738,Slice of Life
16738,Comedy
16738,Fantasy
16740,Comedy
16740,School
16742,Slice of Life
16742,Comedy
16742,School
16746,Action
16746,Supernatural
16746,Shounen
16748,Action
16748,Sci-Fi
16748,Space
16748,Shounen
16752,Adventure
16752,Drama
16752,Military
16754,Action
16754,Adventure
16754,Super Power
16754,Shounen
16756,Action
16756,Kids
16756,Adventure
16756,Fantasy
16762,Action
16762,Psychological
16762,Supernatural
16762,Shounen
16774,Action
16774,Comedy
16774,Police
16776,Drama
16778,Kids
16778,Adventure
16778,Space
16780,Action
16780,Adventure
16780,Shounen
16782,Slice of Life
16782,Psychological
16782,Drama
16782,Romance
16784,Action
16784,Adventure
16784,Mecha
16784,Sci-Fi
16784,Shounen
16786,Action
16786,Space
16786,Mecha
16786,Shounen
16788,Action
16788,Adventure
16788,Mecha
16790,Action
16790,Space
16790,Mecha
16790,Shounen
16794,Action
16794,Sci-Fi
16794,Shounen
16796,Action
16796,Mecha
16796,Shounen
16796,Space
16798,Action
16798,Adventure
16798,Kids
16798,Mecha
16800,Action
16800,Adventure
16800,Mecha
16800,Shounen
16802,Action
16802,Kids
16804,Action
16804,Mecha
16804,Shounen
16806,Action
16806,Mecha
16806,Shounen
16808,Action
16808,Kids
16808,Adventure
16808,Super Power
16808,Demons
16810,Action
16810,Sci-Fi
16810,Adventure
16810,Space
16810,Super Power
16812,Action
16812,Drama
16814,Action
16814,Adventure
16814,Space
16816,Adventure
16816,Historical
16816,Kids
16818,Action
16818,Kids
16818,Adventure
16818,Space
16818,Sci-Fi
16820,Action
16820,Kids
16820,Super Power
16822,Action
16822,Sci-Fi
16822,Space
16824,Sports
16824,Shounen
16828,Action
16828,Mecha
16828,Shounen
16830,Action
16830,Kids
16830,Adventure
16830,Space
16830,Sci-Fi
16832,Action
16832,Adventure
16832,Mecha
16834,Action
16834,Adventure
16834,Mecha
16834,Shounen
16838,Adventure
16838,Kids
16866,Comedy
16866,Historical
16866,Romance
16866,Shoujo
16868,Romance
16868,School
16868,Shoujo
16870,Action
16870,Super Power
16870,Romance
16870,Martial Arts
16870,Shounen
16890,Mystery
16890,Comedy
16890,Historical
16890,Demons
16890,Supernatural
16890,Fantasy
16890,School
16890,Josei
16894,Comedy
16894,Sports
16894,School
16894,Shounen
16904,Action
16904,Super Power
16904,Supernatural
16906,Comedy
16908,Comedy
16910,Slice of Life
16910,Comedy
16910,Fantasy
16910,Shounen
16912,Comedy
16912,Fantasy
16914,Hentai
16916,Sports
16916,Comedy
16916,School
16916,Shounen
16918,Comedy
16918,School
16918,Shounen
16918,Slice of Life
16928,Comedy
16928,Fantasy
16928,Shoujo
16934,Comedy
16934,Drama
16934,Romance
16934,School
16934,Slice of Life
16936,Comedy
16954,Romance
16954,Josei
16964,Comedy
16970,Comedy
16970,Ecchi
16970,Seinen
16982,Comedy
16982,Harem
16982,Parody
16982,Romance
16982,Shounen
16988,Comedy
16988,Fantasy
16988,Kids
16994,Ecchi
16994,Comedy
16994,Seinen
17002,Action
17002,Sci-Fi
17002,Mecha
17004,Comedy
17004,Fantasy
17004,Kids
17004,Super Power
17006,Comedy
17006,Fantasy
17006,Kids
17006,Super Power
17010,Music
17012,Hentai
17012,Psychological
17012,Drama
17012,School
17020,Romance
17020,Music
17020,School
17020,Drama
17048,Action
17048,Sci-Fi
17048,Super Power
17068,Action
17068,Music
17074,Mystery
17074,Comedy
17074,Supernatural
17074,Romance
17074,Vampire
17076,Comedy
17076,Supernatural
17080,Action
17080,Drama
17080,Mecha
17080,Military
17080,Sci-Fi
17082,Comedy
17082,School
17082,Shounen
17082,Slice of Life
17086,Kids
17088,Adventure
17088,Kids
17090,Adventure
17090,Kids
17092,Sports
17100,Sports
17102,Kids
17102,Sports
17104,Kids
17104,Sports
17106,Slice of Life
17113,Adventure
17113,Comedy
17113,Seinen
17115,Action
17115,Adventure
17115,Comedy
17115,Kids
17115,Fantasy
17117,Drama
17117,Historical
17117,Military
17121,Drama
17121,Slice of Life
17127,Comedy
17127,Mecha
17131,Action
17131,Mecha
17131,Comedy
17131,Sci-Fi
17131,Drama
17137,Adventure
17137,Drama
17137,Fantasy
17141,Action
17147,Comedy
17147,School
17151,Music
17157,Comedy
17157,Drama
17157,Ecchi
17159,Comedy
17159,Slice of Life
17161,Slice of Life
17161,Comedy
17163,Slice of Life
17163,Comedy
17165,Adventure
17165,Mecha
17165,Sci-Fi
17165,Shounen
17167,Sci-Fi
17167,Adventure
17187,Sci-Fi
17187,Police
17187,Psychological
17187,Mecha
17201,Adventure
17201,Fantasy
17205,Adventure
17209,Kids
17211,Comedy
17211,Shoujo
17213,Comedy
17213,Kids
17215,Comedy
17215,Kids
17217,Drama
17217,Historical
17219,Kids
17219,Fantasy
17219,Comedy
17221,Adventure
17221,Drama
17221,Shoujo
17223,Adventure
17223,Drama
17223,Shoujo
17233,Kids
17233,Drama
17233,Fantasy
17237,Slice of Life
17237,Comedy
17237,Historical
17245,Music
17245,Supernatural
17247,Action
17247,Ecchi
17247,Fantasy
17247,School
17249,Slice of Life
17249,Sports
17249,Music
17249,Shoujo
17251,Hentai
17259,Comedy
17259,School
17259,Sports
17259,Shounen
17263,Comedy
17263,Kids
17265,Action
17265,Game
17265,Adventure
17265,Magic
17265,Fantasy
17267,Mystery
17267,Comedy
17267,Super Power
17269,Action
17269,Sci-Fi
17269,Space
17269,Drama
17273,Comedy
17273,Historical
17273,Parody
17277,Action
17277,Drama
17277,Mecha
17277,Military
17277,School
17277,Supernatural
17291,Action
17291,Comedy
17291,Fantasy
17291,Game
17291,Shounen
17293,Action
17293,Music
17293,Sci-Fi
17295,Game
17295,Drama
17295,Mecha
17307,Drama
17307,Seinen
17307,Sports
17313,Kids
17313,Sports
17315,Kids
17315,Sports
17317,Kids
17317,Sports
17321,Kids
17321,Sports
17325,Fantasy
17325,Sci-Fi
17339,Action
17339,Drama
17341,Comedy
17341,Slice of Life
17345,Ecchi
17351,Comedy
17351,Slice of Life
17353,Historical
17357,Fantasy
17357,Kids
17357,Magic
17357,Shoujo
17359,Comedy
17359,Slice of Life
17371,Hentai
17371,Yaoi
17379,Action
17379,Martial Arts
17379,Historical
17379,Shounen
17387,Comedy
17389,Action
17389,Military
17389,Historical
17389,Seinen
17391,Action
17391,Comedy
17391,Fantasy
17391,Shounen
17395,Action
17397,Ecchi
17397,Comedy
17397,School
17397,Slice of Life
17403,Mystery
17405,Horror
17409,Romance
17409,School
17409,Shoujo
17419,Action
17419,Adventure
17419,Magic
17419,Fantasy
17423,Music
17423,Slice of Life
17423,Drama
17427,Drama
17437,Music
17437,Comedy
17437,Drama
17439,Drama
17439,Sports
17441,Drama
17441,Sports
17443,Drama
17443,Sports
17445,Drama
17445,Sports
17447,Drama
17447,Sports
17457,Adventure
17457,Comedy
17467,Action
17467,Drama
17467,Shounen
17469,Game
17471,Kids
17473,Adventure
17473,Kids
17479,Kids
17481,Fantasy
17481,Kids
17483,Kids
17483,Fantasy
17485,Kids
17487,Comedy
17487,Mystery
17489,Adventure
17489,Comedy
17489,Kids
17491,Hentai
17493,Drama
17497,Fantasy
17497,Magic
17497,Shoujo
17501,Ecchi
17501,Drama
17505,Action
17505,Historical
17505,Super Power
17505,Ecchi
17505,Martial Arts
17505,Samurai
17505,Fantasy
17505,Shounen
17513,Harem
17513,School
17513,Shoujo
17513,Vampire
17521,Adventure
17521,Kids
17535,Fantasy
17535,Magic
17535,Shounen
17537,Hentai
17539,Hentai
17541,Hentai
17543,Hentai
17549,Comedy
17549,School
17549,Seinen
17549,Slice of Life
17551,Comedy
17551,Supernatural
17551,Fantasy
17563,Action
17563,Mecha
17563,Military
17563,Sci-Fi
17573,Comedy
17573,Sci-Fi
17573,Seinen
17573,Slice of Life
17585,Drama
17585,Romance
17585,School
17599,Comedy
17599,Kids
17599,Sci-Fi
17601,Kids
17603,Comedy
17603,Kids
17603,Shoujo
17605,Comedy
17605,Kids
17605,Shoujo
17613,Kids
17615,Horror
17615,Shounen
17619,Adventure
17619,Drama
17619,Historical
17621,Action
17621,Sci-Fi
17621,Space
17621,Super Power
17621,Shounen
17623,Comedy
17623,Kids
17624,Adventure
17624,Comedy
17624,Sci-Fi
17635,Romance
17637,Slice of Life
17641,Sci-Fi
17641,Harem
17641,Comedy
17641,Romance
17641,School
17643,Slice of Life
17643,Comedy
17643,School
17649,Action
17649,Comedy
17649,School
17649,Shounen
17651,Magic
17655,Action
17655,Mecha
17655,Military
17655,Sci-Fi
17655,Drama
17657,Adventure
17657,Kids
17659,Action
17659,Sci-Fi
17659,Sports
17665,Drama
17665,Historical
17665,Sports
17667,Comedy
17667,School
17669,Comedy
17669,School
17669,Sports
17671,Sports
17673,Demons
17673,Fantasy
17675,Adventure
17677,Action
17677,Drama
17677,Sci-Fi
17679,Action
17679,Demons
17679,Historical
17681,Fantasy
17681,Magic
17681,Comedy
17687,Adventure
17687,Fantasy
17689,Drama
17693,Music
17697,Slice of Life
17697,Comedy
17697,Historical
17697,Police
17697,Mecha
17699,Action
17699,Adventure
17699,Fantasy
17699,Shounen
17703,Comedy
17703,Seinen
17705,Parody
17705,Seinen
17707,Comedy
17707,Parody
17717,Action
17717,Mecha
17717,Military
17719,Comedy
17719,Magic
17719,Shoujo
17721,Drama
17721,Historical
17725,Magic
17725,Music
17725,Shounen
17727,Comedy
17727,Supernatural
17729,Drama
17729,Harem
17729,Psychological
17729,Romance
17729,School
17731,Comedy
17733,Comedy
17733,Slice of Life
17739,Slice of Life
17739,Comedy
17739,School
17739,Seinen
17741,Slice of Life
17741,Drama
17741,Romance
17741,Shounen
17743,Adventure
17743,Demons
17743,Romance
17743,Fantasy
17745,Hentai
17747,Hentai
17749,Comedy
17749,Slice of Life
17753,Comedy
17753,Slice of Life
17777,Comedy
17777,Ecchi
17777,Romance
17777,Shounen
17777,Supernatural
17785,Comedy
17787,Sci-Fi
17787,Seinen
17791,Sci-Fi
17811,Fantasy
17813,Supernatural
17815,Fantasy
17819,Sports
17821,Military
17821,School
17821,Sports
17823,Comedy
17823,Harem
17823,Hentai
17825,Comedy
17825,Hentai
17827,Harem
17827,Romance
17827,School
17831,Comedy
17831,Supernatural
17833,Slice of Life
17833,Hentai
17835,Comedy
17835,School
17835,Shoujo
17843,Action
17843,Comedy
17843,Police
17849,Comedy
17855,Slice of Life
17855,Comedy
17855,Fantasy
17855,Shounen
17867,Hentai
17871,Comedy
17871,Romance
17871,School
17873,Action
17873,Adventure
17873,Comedy
17873,Kids
17873,Fantasy
17875,Comedy
17875,Romance
17875,Slice of Life
17879,Comedy
17887,Action
17887,Mecha
17887,Sci-Fi
17887,Seinen
17891,Music
17891,Slice of Life
17891,Kids
17893,Sports
17893,Comedy
17893,School
17893,Drama
17895,Comedy
17895,Drama
17895,Romance
17897,Music
17901,Fantasy
17901,Music
17903,Seinen
17909,Slice of Life
17909,Comedy
17909,Demons
17909,Drama
17909,Fantasy
17913,Music
17917,Action
17917,Kids
17917,Mecha
17919,Magic
17919,Space
17933,Comedy
17933,Music
17933,Shounen
17947,Action
17947,Drama
17947,Magic
17947,Sci-Fi
17949,Music
17951,Kids
17951,Fantasy
17953,Kids
17955,Kids
17955,Fantasy
17957,Kids
17957,Slice of Life
17959,Drama
17959,Mecha
17959,Sci-Fi
17961,Mecha
17961,Sci-Fi
17963,Mecha
17963,Sci-Fi
17965,Action
17965,Mecha
17965,Sci-Fi
17969,Adventure
17969,Fantasy
17977,Kids
17979,Kids
17981,Kids
17981,Music
17983,Fantasy
17983,Kids
17985,Fantasy
17985,Kids
17987,Kids
17987,Fantasy
17989,Comedy
17989,Ecchi
17989,Fantasy
17989,Game
17991,Comedy
17991,Ecchi
17991,Game
18001,Action
18001,Military
18001,Sci-Fi
18001,Harem
18001,Drama
18001,Romance
18001,Ecchi
18001,Martial Arts
18001,Seinen
18003,Comedy
18003,Historical
18003,Seinen
18005,Sports
18007,Military
18007,Historical
18029,Fantasy
18029,Kids
18031,Kids
18033,Kids
18033,Fantasy
18039,Ecchi
18039,Harem
18039,Romance
18041,Action
18041,Comedy
18041,Drama
18041,Magic
18041,Seinen
18045,Drama
18045,Romance
18045,School
18047,Magic
18047,Comedy
18053,Drama
18053,Romance
18053,School
18055,Action
18055,Demons
18055,Supernatural
18055,Fantasy
18055,Shoujo
18061,Sports
18061,Shounen
18063,Sports
18063,Shounen
18071,Romance
18071,Seinen
18081,Kids
18081,Fantasy
18083,Kids
18083,Fantasy
18085,Kids
18085,Fantasy
18087,Fantasy
18087,Kids
18095,Comedy
18095,Parody
18095,Romance
18095,Ecchi
18095,School
18097,Shounen
18097,Sports
18097,Super Power
18099,Comedy
18099,School
18099,Seinen
18099,Slice of Life
18109,Comedy
18109,Parody
18115,Action
18115,Adventure
18115,Magic
18115,Fantasy
18115,Shounen
18119,Comedy
18119,Seinen
18119,Slice of Life
18121,Comedy
18121,School
18121,Shounen
18121,Sports
18133,Comedy
18137,Kids
18139,Comedy
18139,School
18139,Seinen
18149,Comedy
18149,School
18149,Seinen
18151,Hentai
18153,Slice of Life
18153,Supernatural
18153,Fantasy
18155,Comedy
18155,Kids
18177,Comedy
18177,Drama
18177,Shounen
18177,Sports
18179,Comedy
18179,Sports
18179,Drama
18179,Shounen
18191,Kids
18195,Slice of Life
18195,Comedy
18195,Supernatural
18195,Drama
18195,Romance
18195,School
18197,Parody
18197,Comedy
18197,Hentai
18199,Parody
18199,Comedy
18199,Hentai
18205,Slice of Life
18205,Comedy
18227,Action
18227,Mecha
18229,Sci-Fi
18229,Adventure
18231,Ecchi
18241,Comedy
18241,Parody
18241,Super Power
18245,Drama
18245,Music
18245,Romance
18245,Slice of Life
18247,Action
18247,Sci-Fi
18247,Harem
18247,Comedy
18247,Ecchi
18247,Mecha
18269,Action
18269,Adventure
18269,Sci-Fi
18269,Shounen
18271,Action
18271,Mecha
18271,Sci-Fi
18271,Space
18271,Shounen
18273,Action
18273,Adventure
18273,Martial Arts
18273,Shounen
18275,Action
18275,Adventure
18275,Mecha
18275,Shounen
18277,Action
18277,Harem
18277,Supernatural
18277,Ecchi
18277,Vampire
18277,Fantasy
18277,School
18283,Action
18283,Adventure
18283,Mecha
18283,Sci-Fi
18283,Shounen
18283,Space
18295,Action
18295,Space
18295,Mecha
18301,Action
18301,Mecha
18301,Sci-Fi
18301,Shounen
18303,Action
18303,Adventure
18303,Sci-Fi
18303,Shounen
18305,Action
18305,Sci-Fi
18305,Shounen
18305,Space
18307,Action
18307,Adventure
18307,Sci-Fi
18307,Shounen
18307,Space
18309,Action
18309,Adventure
18309,Historical
18309,Shounen
18311,Action
18311,Adventure
18311,Fantasy
18311,Magic
18311,Shounen
18313,Action
18313,Adventure
18313,Demons
18313,Fantasy
18313,Shounen
18315,Action
18315,Adventure
18315,Sci-Fi
18315,Shounen
18317,Drama
18317,School
18317,Shounen
18317,Slice of Life
18319,Action
18319,Drama
18319,Sci-Fi
18319,Shounen
18321,Action
18321,Adventure
18321,Drama
18321,Fantasy
18321,Historical
18321,Magic
18321,Shounen
18323,Historical
18323,Drama
18325,Action
18325,Demons
18325,Shounen
18327,Shounen
18327,Sports
18329,Action
18329,Adventure
18329,Fantasy
18329,Magic
18329,Shounen
18331,Action
18331,Adventure
18331,Fantasy
18331,Shounen
18339,Comedy
18339,Sports
18341,Comedy
18341,Sports
18343,Military
18343,School
18353,Kids
18353,Slice of Life
18355,Comedy
18355,Fantasy
18355,Kids
18357,Comedy
18357,Fantasy
18357,Kids
18365,Comedy
18365,Mecha
18375,Comedy
18377,Comedy
18377,Sports
18389,Comedy
18389,Police
18391,Game
18391,Slice of Life
18391,Comedy
18391,Parody
18393,Action
18393,Adventure
18393,Comedy
18393,Fantasy
18393,Magic
18393,Shounen
18397,Action
18397,Super Power
18397,Drama
18397,Fantasy
18397,Shounen
18411,Seinen
18411,Slice of Life
18411,Supernatural
18413,Mecha
18413,Sci-Fi
18419,Comedy
18425,Comedy
18429,Action
18429,Comedy
18429,Mystery
18429,Shounen
18441,Action
18441,Comedy
18441,Demons
18441,Seinen
18441,Supernatural
18441,Vampire
18443,Shounen
18443,Sports
18447,Action
18447,Fantasy
18447,Super Power
18449,Mecha
18449,Sci-Fi
18449,Space
18451,Drama
18455,Hentai
18457,Comedy
18457,Drama
18463,Music
18463,Sci-Fi
18465,Slice of Life
18465,Comedy
18465,Parody
18469,Comedy
18469,Slice of Life
18475,Sports
18479,Hentai
18479,Romance
18481,Hentai
18481,School
18481,Sci-Fi
18483,Hentai
18483,Sci-Fi
18489,Adventure
18489,Comedy
18489,Kids
18491,Adventure
18491,Comedy
18491,Kids
18495,Comedy
18495,School
18495,Slice of Life
18497,Action
18497,Comedy
18497,Super Power
18497,Supernatural
18497,Magic
18497,Shounen
18499,Action
18499,Magic
18499,Comedy
18499,Super Power
18499,Supernatural
18499,Shounen
18507,Slice of Life
18507,Comedy
18507,Sports
18507,Drama
18507,School
18521,Action
18521,Adventure
18521,Comedy
18523,Action
18523,Comedy
18523,Fantasy
18523,Parody
18523,Shounen
18525,Hentai
18527,Ecchi
18527,Comedy
18533,Adventure
18533,Drama
18549,Comedy
18549,Historical
18557,Action
18557,Drama
18557,Military
18561,Music
18561,Fantasy
18567,Shounen
18569,Shounen
18573,Kids
18573,Slice of Life
18575,Kids
18575,Slice of Life
18577,Kids
18577,Slice of Life
18583,Action
18583,Martial Arts
18583,Samurai
18587,Kids
18589,Kids
18591,Fantasy
18591,Kids
18591,Magic
18599,Comedy
18599,Shoujo
18603,Adventure
18603,Comedy
18617,Military
18617,School
18617,Sports
18619,Military
18619,School
18619,Sports
18627,Sci-Fi
18629,Kids
18629,Slice of Life
18629,Drama
18631,Comedy
18631,Drama
18631,Seinen
18635,Slice of Life
18635,Comedy
18635,School
18635,Shoujo
18637,Action
18637,Mecha
18637,Super Power
18637,Sci-Fi
18637,Shounen
18639,Comedy
18643,Music
18653,Hentai
18653,Demons
18653,Supernatural
18655,Hentai
18655,Romance
18661,Comedy
18661,Demons
18661,Supernatural
18661,Romance
18661,Fantasy
18661,Shoujo
18669,Comedy
18671,Comedy
18671,Drama
18671,Romance
18671,School
18671,Slice of Life
18677,Comedy
18677,Romance
18677,Ecchi
18677,Fantasy
18679,Action
18679,Comedy
18679,Super Power
18679,Ecchi
18679,School
18683,Action
18683,Comedy
18683,Romance
18683,School
18683,Shounen
18689,Comedy
18689,School
18689,Shounen
18689,Sports
18691,Hentai
18693,Hentai
18695,Hentai
18703,Sci-Fi
18703,Space
18713,Comedy
18713,Parody
18713,Sci-Fi
18723,Action
18723,Seinen
18723,Supernatural
18729,Romance
18729,School
18729,Shounen Ai
18731,Adventure
18731,Drama
18731,Kids
18731,Supernatural
18743,Seinen
18745,Slice of Life
18745,Comedy
18745,School
18745,Josei
18747,Drama
18747,Kids
18753,Comedy
18753,Romance
18753,School
18755,Comedy
18755,Sci-Fi
18755,Seinen
18759,Sports
18759,Shounen
18767,Action
18767,Fantasy
18771,Action
18771,Historical
18771,Martial Arts
18771,Samurai
18771,Seinen
18773,Comedy
18781,Comedy
18781,Music
18781,Slice of Life
18795,Space
18795,Mecha
18795,Sci-Fi
18799,Action
18799,Supernatural
18799,Music
18799,Seinen
18815,Action
18815,Sci-Fi
18815,Comedy
18815,Parody
18817,Comedy
18817,Kids
18819,Mystery
18819,Kids
18819,Fantasy
18821,Adventure
18821,Fantasy
18821,Kids
18823,Kids
18825,Kids
18827,Fantasy
18827,Kids
18827,Magic
18829,Kids
18831,Dementia
18831,Horror
18831,Music
18835,Action
18835,Supernatural
18835,Josei
18841,Cars
18841,Romance
18841,Sci-Fi
18845,Comedy
18849,Slice of Life
18849,Demons
18849,Supernatural
18849,Drama
18849,Shoujo
18851,Comedy
18851,Magic
18851,Fantasy
18857,Slice of Life
18857,Comedy
18857,Romance
18881,Supernatural
18881,School
18893,Action
18893,Sci-Fi
18893,Seinen
18897,Harem
18897,Comedy
18897,Romance
18897,School
18897,Shounen
18907,Kids
18907,Slice of Life
18907,Comedy
18919,Action
18919,Supernatural
18919,Seinen
18937,Adventure
18937,Comedy
18937,Fantasy
18937,Kids
18937,Magic
18939,Adventure
18939,Comedy
18939,Fantasy
18939,Kids
18939,Magic
18941,Adventure
18941,Comedy
18941,Fantasy
18941,Kids
18941,Magic
18943,Adventure
18943,Comedy
18943,Fantasy
18943,Kids
18943,Magic
18953,Magic
18953,Slice of Life
18959,Hentai
18967,Comedy
18967,Historical
18967,Sci-Fi
18983,Kids
18983,Sports
18989,Action
18989,Sci-Fi
18989,Police
18989,Mecha
19009,Comedy
19009,Fantasy
19021,Comedy
19021,Drama
19021,Romance
19021,School
19021,Slice of Life
19023,Drama
19023,Music
19029,Comedy
19049,School
19049,Sports
19051,Hentai
19053,Music
19059,Sci-Fi
19059,Kids
19063,School
19063,Sports
19067,Game
19069,Slice of Life
19071,Kids
19073,Fantasy
19073,Kids
19081,Music
19087,Adventure
19087,Comedy
19087,Kids
19099,Adventure
19099,Fantasy
19099,Kids
19101,Hentai
19103,Hentai
19109,Comedy
19109,Magic
19109,Ecchi
19109,Fantasy
19111,Music
19111,School
19111,Slice of Life
19115,Drama
19115,Historical
19117,Adventure
19117,Drama
19117,Romance
19121,Ecchi
19121,Parody
19121,Seinen
19123,Action
19123,Adventure
19123,Comedy
19123,Drama
19123,Fantasy
19123,Shounen
19123,Super Power
19125,Adventure
19125,Kids
19133,Comedy
19133,Slice of Life
19135,Slice of Life
19135,Historical
19135,Drama
19135,Seinen
19137,Music
19151,Action
19151,Ecchi
19151,Romance
19151,Harem
19151,School
19151,Sports
19157,Comedy
19157,Demons
19157,Kids
19157,Supernatural
19159,Comedy
19159,Parody
19159,Slice of Life
19163,Comedy
19163,Harem
19163,Mecha
19163,Romance
19163,School
19163,Sci-Fi
19165,Comedy
19165,Parody
19167,Historical
19167,Drama
19169,Action
19169,Seinen
19171,Sci-Fi
19171,Mecha
19171,Shounen
19177,Music
19177,School
19177,Drama
19185,Music
19187,Music
19191,Sci-Fi
19191,Police
19191,Psychological
19191,Mecha
19193,Sci-Fi
19193,Police
19193,Psychological
19193,Mecha
19195,Sci-Fi
19195,Police
19195,Psychological
19195,Mecha
19207,Comedy
19207,Magic
19209,Dementia
19209,Fantasy
19211,Action
19211,Sci-Fi
19211,Adventure
19211,Mecha
19213,Action
19213,Fantasy
19213,Supernatural
19213,Music
19213,Seinen
19217,Music
19219,Dementia
19221,Harem
19221,Comedy
19221,Romance
19221,School
19231,Music
19231,Dementia
19231,Fantasy
19233,Slice of Life
19235,Fantasy
19235,Music
19237,Fantasy
19237,Music
19239,Fantasy
19239,Music
19251,Comedy
19251,Harem
19251,Music
19251,Romance
19251,School
19251,Shoujo
19255,Ecchi
19255,Comedy
19257,Comedy
19257,School
19257,Slice of Life
19261,Comedy
19261,Parody
19271,Shounen
19271,Sports
19279,Action
19279,Mecha
19279,Music
19279,Parody
19279,Sci-Fi
19283,Hentai
19285,Action
19285,Drama
19285,Fantasy
19285,Shounen
19285,Super Power
19287,Music
19291,Action
19291,Adventure
19291,Comedy
19291,Fantasy
19291,Kids
19297,Comedy
19305,Comedy
19311,Adventure
19311,Kids
19315,Fantasy
19315,Horror
19315,Psychological
19319,Action
19319,Sci-Fi
19319,Mecha
19325,Adventure
19325,Kids
19337,Slice of Life
19351,Comedy
19351,Romance
19351,School
19351,Shoujo
19363,Comedy
19363,School
19363,Shounen
19363,Slice of Life
19365,Action
19365,Comedy
19365,Parody
19365,Super Power
19367,Action
19367,Sci-Fi
19367,Adventure
19369,Harem
19369,Comedy
19369,Parody
19369,Fantasy
19383,Dementia
19383,Horror
19383,Demons
19383,Supernatural
19391,Parody
19391,Comedy
19397,Fantasy
19397,Magic
19397,Comedy
19401,Historical
19429,Action
19429,School
19429,Shoujo Ai
19431,Ecchi
19431,Comedy
19431,Shoujo Ai
19433,Kids
19437,Action
19437,Magic
19437,Fantasy
19445,Slice of Life
19445,Mecha
19447,Fantasy
19457,Adventure
19457,Kids
19463,Adventure
19463,Comedy
19467,Comedy
19467,Drama
19467,Shoujo
19469,Comedy
19469,School
19469,Shounen
19469,Supernatural
19479,Action
19479,Ecchi
19479,Parody
19479,Comedy
19481,Mecha
19481,Music
19481,Sci-Fi
19489,Adventure
19489,Comedy
19489,Magic
19489,Fantasy
19489,School
19495,Slice of Life
19495,Comedy
19495,Romance
19495,School
19497,Fantasy
19497,Kids
19501,Comedy
19501,Parody
19501,Shounen
19501,Super Power
19505,Adventure
19505,Shounen
19511,Action
19511,Comedy
19511,Super Power
19511,Martial Arts
19511,Shounen
19513,Horror
19513,Shounen
19515,Seinen
19515,Sports
19517,Sci-Fi
19517,Space
19517,Kids
19517,Fantasy
19519,Music
19521,Music
19523,Hentai
19533,Horror
19533,Supernatural
19535,Comedy
19535,Parody
19535,Super Power
19547,Action
19547,Cars
19555,Action
19555,Drama
19555,Shounen
19557,Kids
19559,Comedy
19559,Romance
19569,Hentai
19573,Fantasy
19573,Sci-Fi
19573,Supernatural
19575,Romance
19575,School
19575,Shoujo
19581,Fantasy
19581,Sci-Fi
19581,Seinen
19583,Parody
19583,Comedy
19585,Comedy
19585,Kids
19585,Slice of Life
19587,Adventure
19587,Comedy
19587,Kids
19597,Music
19597,Shoujo
19613,Action
19613,Cars
19613,Seinen
19613,Sports
19619,Fantasy
19619,Magic
19619,School
19619,Shoujo
19627,Drama
19627,Slice of Life
19629,Hentai
19631,Harem
19631,Hentai
19631,Romance
19633,Hentai
19635,Hentai
19645,Adventure
19645,Comedy
19645,Fantasy
19645,Kids
19647,Comedy
19647,Sports
19647,Drama
19647,Shounen
19653,Action
19653,Fantasy
19653,Mecha
19653,Sci-Fi
19669,Sports
19669,Comedy
19669,School
19669,Shounen
19671,Comedy
19671,Sports
19681,Comedy
19681,Kids
19681,Fantasy
19683,Shounen
19683,Sports
19685,Comedy
19685,Harem
19685,Romance
19685,School
19687,Action
19687,Adventure
19687,Kids
19687,Fantasy
19695,School
19695,Drama
19697,Comedy
19703,Action
19703,Fantasy
19703,Supernatural
19705,Kids
19705,Mystery
19717,Action
19717,Comedy
19727,Music
19729,Action
19729,Comedy
19731,Adventure
19731,Kids
19731,Fantasy
19745,Action
19745,Comedy
19747,Romance
19747,Hentai
19749,Action
19749,Comedy
19751,Comedy
19753,Action
19753,Comedy
19755,Comedy
19755,Kids
19759,Action
19759,Comedy
19759,Shounen
19769,Action
19769,Fantasy
19769,Magic
19773,Adventure
19773,Comedy
19773,Demons
19773,Supernatural
19775,Action
19775,Mecha
19775,Sci-Fi
19775,Seinen
19775,Space
19781,Action
19781,Adventure
19781,Kids
19781,Fantasy
19783,Action
19783,Comedy
19797,Action
19797,Comedy
19799,Comedy
19799,Mecha
19799,Parody
19811,Comedy
19811,School
19811,Slice of Life
19815,Game
19815,Adventure
19815,Comedy
19815,Supernatural
19815,Ecchi
19815,Fantasy
19817,Slice of Life
19817,Music
19817,Seinen
19825,Game
19825,Adventure
19825,Space
19831,Comedy
19839,Game
19839,Historical
19841,Comedy
19841,Josei
19841,Slice of Life
19843,Comedy
19843,Fantasy
19843,Kids
19845,Comedy
19849,Comedy
19849,Slice of Life
19855,Action
19855,Sci-Fi
19855,Super Power
19857,Hentai
19859,Hentai
19871,Action
19871,Fantasy
19871,Supernatural
19873,Comedy
19873,Sci-Fi
19873,Shounen
19875,Comedy
19875,Kids
19877,Game
19877,Adventure
19877,Fantasy
19879,Comedy
19887,Sports
19889,Comedy
19889,Parody
19889,Slice of Life
19897,Slice of Life
19897,Comedy
19897,Romance
19899,Adventure
19899,Sci-Fi
19899,Shounen
19899,Space
19901,Comedy
19901,Shounen
19905,Drama
19905,School
19905,Slice of Life
19907,Historical
19907,Drama
19909,Drama
19909,Fantasy
19917,Drama
19917,Historical
19919,Parody
19919,School
19919,Slice of Life
19921,Action
19921,Martial Arts
19921,Romance
19921,School
19921,Shounen
19923,Romance
19923,School
19923,Shoujo
19925,Comedy
19925,School
19941,Drama
19941,Historical
19943,Drama
19943,Historical
19943,Sports
19945,Comedy
19947,Action
19947,Sports
19947,School
19951,Action
19951,Adventure
19951,Super Power
19951,Fantasy
19951,Shounen
19953,Magic
19953,Slice of Life
19957,Adventure
19957,Historical
19957,Drama
19959,Comedy
19959,Kids
19959,Fantasy
19961,Slice of Life
19961,Comedy
19965,Adventure
19965,Fantasy
19971,Supernatural
19971,Historical
19971,Music
19971,Drama
19973,Drama
19973,Shounen
19973,Sports
19977,Action
19977,Mecha
19977,Military
19977,Sci-Fi
19977,Space
19981,Adventure
19983,Action
19983,Adventure
19983,Samurai
19983,Shounen
19985,Kids
19987,Kids
19987,Adventure
19987,Comedy
19989,Action
19989,Sci-Fi
19989,Shounen
19991,Comedy
19991,Kids
19991,Mystery
19993,Adventure
19993,Comedy
19993,Kids
19995,Adventure
19995,Sci-Fi
19997,Action
19997,Comedy
19997,Sci-Fi
19997,Shounen
19999,Adventure
19999,Comedy
19999,Kids
20001,Comedy
20001,Kids
20001,Slice of Life
20003,Slice of Life
20005,Comedy
20007,Action
20007,Hentai
20009,Kids
20021,Action
20021,Adventure
20021,Fantasy
20021,Game
20021,Romance
20023,Comedy
20025,Comedy
20025,Kids
20027,Kids
20027,Adventure
20027,Fantasy
20031,Game
20031,Comedy
20031,School
20031,Seinen
20033,Music
20033,Slice of Life
20033,Comedy
20035,Action
20035,Magic
20035,Sci-Fi
20035,Super Power
20039,Comedy
20039,School
20045,Action
20045,Sci-Fi
20045,Harem
20045,Comedy
20045,Mecha
20047,Slice of Life
20047,Comedy
20047,Romance
20047,School
20047,Seinen
20047,Shoujo Ai
20053,Action
20053,Police
20053,Magic
20053,Fantasy
20057,Sci-Fi
20057,Space
20057,Comedy
20075,Comedy
20075,Parody
20077,Comedy
20077,Slice of Life
20079,Comedy
20079,Slice of Life
20081,Slice of Life
20081,Comedy
20083,Sci-Fi
20083,Comedy
20085,Comedy
20087,Game
20093,Slice of Life
20093,Comedy
20093,Seinen
20095,Comedy
20095,Seinen
20095,Slice of Life
20109,Comedy
20109,Slice of Life
20111,Adventure
20111,Sci-Fi
20113,Adventure
20113,Kids
20115,Cars
20115,Shounen
20115,Sports
20117,Comedy
20117,Slice of Life
20123,Comedy
20123,Slice of Life
20125,Cars
20125,Comedy
20125,Parody
20125,Shounen
20127,Comedy
20127,Seinen
20127,Slice of Life
20141,Action
20141,Adventure
20141,Comedy
20141,Seinen
20143,Drama
20143,Sports
20145,Comedy
20145,Historical
20145,Slice of Life
20147,Adventure
20147,Comedy
20147,Kids
20147,Slice of Life
20153,Comedy
20153,Dementia
20155,Ecchi
20155,Comedy
20155,School
20155,Sports
20159,Action
20159,Adventure
20159,Comedy
20159,Fantasy
20159,Kids
20173,Adventure
20173,Fantasy
20173,Kids
20175,Kids
20175,Adventure
20177,Hentai
20177,Romance
20183,Historical
20185,Adventure
20185,Comedy
20187,Magic
20189,Kids
20189,Adventure
20189,Fantasy
20199,Comedy
20199,Kids
20199,Parody
20201,Comedy
20205,Drama
20205,Slice of Life
20207,Kids
20207,Historical
20207,Drama
20221,Comedy
20221,Slice of Life
20223,Drama
20223,Historical
20223,Shounen
20225,Drama
20225,Historical
20227,Drama
20227,Historical
20229,Drama
20229,Historical
20231,Drama
20231,Fantasy
20231,Kids
20233,Comedy
20233,Sci-Fi
20235,Historical
20235,Drama
20237,Sports
20239,Comedy
20239,Seinen
20239,Slice of Life
20241,Comedy
20241,Seinen
20241,Slice of Life
20243,Comedy
20243,Slice of Life
20261,Action
20261,Military
20261,Sci-Fi
20261,Hentai
20261,Police
20261,Mecha
20267,Comedy
20267,Fantasy
20267,Slice of Life
20329,Action
20329,Comedy
20329,Police
20329,Seinen
20329,Thriller
20353,Demons
20353,Horror
20353,School
20355,Cars
20359,Comedy
20359,School
20359,Shounen
20359,Supernatural
20365,Music
20371,Comedy
20371,Drama
20371,Romance
20371,Shounen Ai
20377,Hentai
20379,Hentai
20379,School
20381,Adventure
20381,Shounen
20383,Fantasy
20383,Comedy
20383,Historical
20385,Comedy
20385,Parody
20385,Ecchi
20391,Comedy
20423,Mystery
20423,Fantasy
20431,Comedy
20431,Demons
20431,Supernatural
20431,Fantasy
20431,Seinen
20441,Adventure
20441,Comedy
20441,Mystery
20449,Comedy
20449,School
20449,Slice of Life
20453,Comedy
20453,Parody
20457,Comedy
20457,Romance
20457,School
20457,Seinen
20457,Supernatural
20463,Adventure
20469,Drama
20469,Historical
20471,Military
20471,Sci-Fi
20473,Comedy
20473,School
20473,Shounen
20473,Sports
20479,Action
20479,Sci-Fi
20479,Comedy
20479,Fantasy
20499,Drama
20499,Shounen
20505,Slice of Life
20505,Drama
20507,Action
20507,Adventure
20507,Comedy
20507,Supernatural
20507,Shounen
20509,Action
20509,Comedy
20509,Fantasy
20509,Magic
20517,Slice of Life
20517,Comedy
20517,Supernatural
20517,Drama
20517,Romance
20517,School
20529,Music
20533,Game
20533,Sci-Fi
20533,Adventure
20533,Fantasy
20539,Comedy
20539,Slice of Life
20541,Slice of Life
20541,Comedy
20541,Romance
20541,School
20543,Action
20543,Demons
20543,Fantasy
20543,Super Power
20545,Comedy
20545,Ecchi
20545,Fantasy
20547,Sci-Fi
20555,Music
20555,Slice of Life
20557,Comedy
20581,Comedy
20581,Mystery
20581,Parody
20583,Comedy
20583,Sports
20583,Drama
20583,School
20583,Shounen
20587,Comedy
20587,Drama
20587,Shoujo
20589,Hentai
20603,Comedy
20603,Parody
20613,Music
20649,Slice of Life
20649,Drama
20649,Romance
20649,Shounen
20651,Slice of Life
20651,Demons
20651,Supernatural
20651,Drama
20651,Shoujo
20655,Harem
20655,Fantasy
20655,Shoujo
20667,Mecha
20667,Military
20671,Drama
20671,Historical
20671,Slice of Life
20673,Adventure
20673,Fantasy
20673,Romance
20689,Mystery
20689,Comedy
20689,Super Power
20689,Drama
20703,Slice of Life
20705,Music
20705,Parody
20707,Music
20709,Action
20709,Military
20709,Comedy
20709,Shoujo
20713,Comedy
20713,Historical
20715,Drama
20715,Fantasy
20723,Action
20723,Fantasy
20723,Supernatural
20725,Music
20743,Action
20743,Adventure
20743,Comedy
20743,Fantasy
20743,Kids
20745,Music
20745,Slice of Life
20745,School
20755,Kids
20755,Slice of Life
20757,Demons
20757,Hentai
20757,Supernatural
20767,Action
20767,Adventure
20767,Comedy
20767,Supernatural
20767,Shounen
20785,Action
20785,Sci-Fi
20785,Supernatural
20785,Magic
20785,Romance
20785,School
20787,Action
20787,Sci-Fi
20787,Mystery
20787,Seinen
20797,Kids
20797,Slice of Life
20799,Kids
20799,Fantasy
20801,Hentai
20801,Supernatural
20801,School
20811,Comedy
20811,Horror
20815,Romance
20815,Comedy
20815,Shounen Ai
20835,Comedy
20835,Ecchi
20835,School
20843,Slice of Life
20843,Comedy
20847,Slice of Life
20847,Comedy
20847,School
20847,Shounen
20849,Hentai
20853,Action
20853,Adventure
20853,Comedy
20853,Romance
20853,Fantasy
20855,Dementia
20855,Horror
20855,Music
20857,Music
20869,Comedy
20869,Fantasy
20871,Comedy
20871,Fantasy
20871,Shounen
20873,Martial Arts
20873,Comedy
20873,Parody
20877,Music
20889,Psychological
20899,Action
20899,Adventure
20899,Supernatural
20899,Drama
20899,Shounen
20903,Slice of Life
20903,Psychological
20903,Drama
20903,School
20907,Adventure
20909,Slice of Life
20909,Supernatural
20913,Magic
20913,Music
20919,Shoujo
20919,Vampire
20929,Music
20929,Comedy
20931,Comedy
20931,Slice of Life
20939,Harem
20939,Comedy
20939,Romance
20939,School
20945,Action
20945,Adventure
20945,Comedy
20945,Sci-Fi
20951,Slice of Life
20951,Space
20955,Comedy
20959,Hentai
20961,Action
20961,Adventure
20961,Fantasy
20963,Adventure
20963,Comedy
20963,Fantasy
20963,Kids
20965,Fantasy
20969,Drama
20969,Historical
20969,Supernatural
20971,Harem
20971,Music
20971,School
20971,Shoujo
20973,Action
20973,Comedy
20973,Fantasy
20975,Sci-Fi
20975,Adventure
20975,Mecha
20977,Comedy
20977,School
20977,Seinen
20987,Comedy
20995,Hentai
20999,Game
20999,Slice of Life
20999,Comedy
20999,Parody
21001,Hentai
21009,Action
21009,Ecchi
21009,Sports
21013,Action
21013,Kids
21013,Super Power
21019,Kids
21019,Fantasy
21021,Adventure
21021,Fantasy
21021,Kids
21021,Sci-Fi
21025,Drama
21025,Military
21025,Thriller
21027,Drama
21027,Psychological
21027,Thriller
21031,Kids
21031,Magic
21031,Shoujo
21033,Comedy
21033,Ecchi
21033,Fantasy
21033,School
21037,Sci-Fi
21037,Mystery
21037,Space
21037,Fantasy
21039,Adventure
21039,Sci-Fi
21041,Slice of Life
21041,Romance
21041,Music
21041,Drama
21053,Comedy
21055,Music
21055,School
21059,Hentai
21065,Drama
21065,Music
21067,Slice of Life
21067,Comedy
21067,Josei
21069,Hentai
21073,Comedy
21073,Slice of Life
21075,Comedy
21075,Historical
21075,Parody
21077,Action
21077,Mecha
21081,Historical
21085,Action
21085,Fantasy
21085,Magic
21085,Seinen
21085,Supernatural
21089,Music
21097,Hentai
21099,Kids
21099,Fantasy
21101,Adventure
21101,Kids
21103,Music
21105,Comedy
21105,Romance
21105,Shounen Ai
21107,Action
21107,Mecha
21119,Drama
21119,Romance
21121,Romance
21121,Seinen
21129,Historical
21129,Kids
21129,Shoujo
21161,Comedy
21161,Kids
21163,Demons
21163,Kids
21163,Fantasy
21167,Fantasy
21177,Action
21177,Historical
21177,Mecha
21177,Sci-Fi
21179,Drama
21179,Martial Arts
21179,Fantasy
21179,Shoujo
21185,Romance
21185,School
21185,Shounen
21185,Sports
21189,Drama
21189,Music
21195,Action
21195,Fantasy
21195,Comedy
21201,Comedy
21201,School
21201,Shounen
21201,Sports
21215,Action
21215,Ecchi
21215,Martial Arts
21235,Action
21235,Adventure
21235,Magic
21235,Fantasy
21235,Shounen
21241,Comedy
21255,Adventure
21255,Drama
21255,Historical
21255,Mystery
21255,Supernatural
21267,Slice of Life
21273,Slice of Life
21273,Comedy
21275,Comedy
21277,Comedy
21277,Parody
21291,Comedy
21291,Fantasy
21291,Kids
21293,Comedy
21293,Fantasy
21293,Kids
21295,Comedy
21295,Fantasy
21295,Kids
21297,Comedy
21297,Fantasy
21297,Kids
21305,Fantasy
21325,Slice of Life
21325,Comedy
21325,Supernatural
21325,School
21327,Slice of Life
21327,Comedy
21327,School
21327,Shounen
21329,Adventure
21329,Slice of Life
21329,Mystery
21329,Historical
21329,Supernatural
21329,Fantasy
21329,Seinen
21333,Drama
21333,Music
21335,Sci-Fi
21335,Super Power
21339,Action
21339,Military
21339,Police
21339,Sci-Fi
21349,Hentai
21353,Action
21353,Sci-Fi
21353,Comedy
21353,Super Power
21353,Supernatural
21353,Shounen
21363,Hentai
21373,Action
21373,Ecchi
21373,Comedy
21393,Hentai
21395,Sci-Fi
21395,Comedy
21395,Seinen
21405,Slice of Life
21405,Comedy
21405,Romance
21405,School
21405,Seinen
21407,Action
21407,Magic
21407,Fantasy
21407,Shoujo
21409,Music
21415,Action
21415,Ecchi
21415,Fantasy
21415,School
21415,Seinen
21419,Action
21419,Mystery
21419,Police
21419,Shounen
21421,Magic
21427,Parody
21427,Comedy
21427,School
21427,Seinen
21431,Drama
21431,Mystery
21431,Sci-Fi
21431,Seinen
21433,Comedy
21433,Historical
21433,Mecha
21433,Parody
21433,Sci-Fi
21435,Adventure
21435,Comedy
21435,Slice of Life
21437,Action
21437,Sci-Fi
21437,Mecha
21439,Comedy
21439,Harem
21439,Music
21439,Romance
21439,School
21439,Shoujo
21441,Drama
21447,Adventure
21447,Mystery
21447,Kids
21451,Music
21467,Comedy
21467,Historical
21467,Kids
21469,Comedy
21469,Kids
21469,Sci-Fi
21469,Shounen
21471,Sci-Fi
21471,Music
21473,Action
21473,Supernatural
21473,Fantasy
21475,Comedy
21475,Historical
21475,Kids
21479,Adventure
21479,Sports
21483,Comedy
21483,Slice of Life
21485,Adventure
21485,Kids
21485,Slice of Life
21487,Slice of Life
21487,Comedy
21487,Shounen
21489,Slice of Life
21489,Comedy
21489,Shounen
21491,Action
21491,Comedy
21491,School
21491,Slice of Life
21493,Comedy
21493,Martial Arts
21493,Slice of Life
21495,Comedy
21495,School
21495,Shounen
21497,Action
21497,Historical
21497,Samurai
21507,Action
21507,Comedy
21507,Ecchi
21507,Shounen
21507,Supernatural
21509,Adventure
21509,Fantasy
21509,Comedy
21511,Action
21511,Military
21511,Sci-Fi
21511,Slice of Life
21511,School
21513,Hentai
21517,Kids
21521,Hentai
21521,School
21521,Yuri
21523,Action
21523,Game
21523,Shounen
21525,Comedy
21539,Comedy
21539,Kids
21541,Comedy
21545,Action
21545,Comedy
21545,Fantasy
21547,Action
21547,Comedy
21547,Fantasy
21549,Comedy
21549,Slice of Life
21551,Sci-Fi
21553,Kids
21557,Mystery
21557,Psychological
21557,Drama
21561,Adventure
21561,Comedy
21561,Mystery
21561,Supernatural
21563,Harem
21563,Supernatural
21563,Romance
21563,Fantasy
21563,Shoujo
21569,Adventure
21569,Kids
21569,Fantasy
21571,Adventure
21571,Comedy
21571,Fantasy
21571,Kids
21573,Action
21573,Music
21573,Sci-Fi
21575,Sci-Fi
21575,Mecha
21587,Sci-Fi
21591,Music
21591,Fantasy
21595,Action
21595,Fantasy
21595,Game
21595,Shounen
21597,Hentai
21599,Sci-Fi
21599,Comedy
21599,Ecchi
21603,Sci-Fi
21603,Comedy
21603,Super Power
21603,Supernatural
21603,Romance
21607,Music
21607,Dementia
21607,Fantasy
21635,Comedy
21635,School
21635,Slice of Life
21639,Action
21639,Game
21639,Fantasy
21639,Shounen
21641,Action
21641,Music
21647,Comedy
21647,Romance
21647,Slice of Life
21649,Slice of Life
21653,Action
21653,Sci-Fi
21653,Harem
21653,Comedy
21653,Ecchi
21653,Mecha
21659,Action
21659,Comedy
21659,Super Power
21659,School
21663,Action
21663,Samurai
21663,Sci-Fi
21667,Slice of Life
21667,Comedy
21667,School
21667,Seinen
21671,Comedy
21671,Sci-Fi
21671,Shounen
21677,Action
21677,Mecha
21677,Romance
21677,Sci-Fi
21677,Space
21679,Ecchi
21679,Comedy
21679,Romance
21679,Supernatural
21679,Shounen
21681,Slice of Life
21681,Comedy
21681,School
21695,Action
21695,Adventure
21695,Comedy
21695,Fantasy
21695,Kids
21701,Mystery
21701,Shounen
21703,Action
21703,Adventure
21703,Comedy
21703,Fantasy
21703,Kids
21707,Music
21707,Shoujo
21707,Sports
21711,Music
21711,Kids
21713,Kids
21715,Music
21715,Kids
21717,Music
21717,Kids
21729,Action
21729,Adventure
21729,Demons
21729,Game
21729,Shounen
21737,Comedy
21737,Drama
21737,Slice of Life
21743,Action
21743,Historical
21743,Shoujo
21743,Supernatural
21749,Music
21751,Hentai
21755,Action
21755,Comedy
21755,Sports
21755,Shounen
21761,Kids
21763,Kids
21765,Kids
21771,Shoujo
21773,Shoujo
21775,Slice of Life
21775,Comedy
21775,Romance
21775,School
21781,Romance
21781,School
21781,Shoujo
21797,Comedy
21797,School
21809,Ecchi
21809,Comedy
21809,Mecha
21809,Seinen
21821,Action
21821,Historical
21821,Mecha
21829,Hentai
21831,Kids
21831,Music
21831,Vampire
21833,Comedy
21833,Fantasy
21833,Kids
21833,Music
21835,Game
21843,Action
21843,Adventure
21843,Demons
21843,Supernatural
21843,Magic
21843,Fantasy
21845,Sci-Fi
21845,Drama
21845,Romance
21845,School
21851,Parody
21851,School
21851,Slice of Life
21853,Music
21853,Slice of Life
21853,School
21855,Mystery
21855,Comedy
21855,Supernatural
21861,Dementia
21861,Drama
21861,Horror
21861,Music
21863,Harem
21863,Slice of Life
21863,Comedy
21863,Ecchi
21863,Seinen
21867,Adventure
21867,Police
21867,Comedy
21867,Mystery
21867,Shounen
21869,Music
21875,Music
21877,Game
21877,Comedy
21877,Romance
21877,School
21877,Seinen
21879,Comedy
21881,Action
21881,Game
21881,Adventure
21881,Romance
21881,Fantasy
21891,Music
21899,Action
21899,Sci-Fi
21899,Comedy
21899,Historical
21899,Parody
21899,Samurai
21899,Shounen
21913,Comedy
21913,Historical
21913,Kids
21925,Hentai
21933,Comedy
21933,Fantasy
21933,Kids
21935,Comedy
21935,Fantasy
21935,Kids
21937,Comedy
21937,Fantasy
21937,Kids
21939,Adventure
21939,Slice of Life
21939,Mystery
21939,Historical
21939,Supernatural
21939,Fantasy
21939,Seinen
21941,Comedy
21941,Fantasy
21941,Kids
21943,Comedy
21943,Fantasy
21943,Kids
21945,Kids
21945,Fantasy
21945,Comedy
21947,Comedy
21947,Kids
21947,Fantasy
21951,Kids
21951,Fantasy
21951,Comedy
21953,Comedy
21953,Fantasy
21953,Kids
21955,Comedy
21955,Fantasy
21955,Kids
21957,Comedy
21957,Fantasy
21957,Kids
21959,Kids
21959,Fantasy
21959,Comedy
21961,Comedy
21961,Fantasy
21961,Kids
21963,Comedy
21963,Fantasy
21963,Kids
21967,Comedy
21967,Fantasy
21967,Kids
21969,Comedy
21969,Fantasy
21969,Kids
21971,Comedy
21971,Fantasy
21971,Kids
21973,Comedy
21973,Fantasy
21973,Kids
21975,Comedy
21975,Fantasy
21975,Kids
21981,Kids
21995,Comedy
21995,Drama
21995,Romance
21995,School
21995,Shoujo
21995,Slice of Life
21997,Action
21997,Adventure
21997,Comedy
21997,Shounen
21999,Action
21999,Adventure
21999,Comedy
21999,Shounen
22013,Comedy
22031,Action
22031,Historical
22031,Seinen
22035,Comedy
22035,Fantasy
22035,Kids
22037,Comedy
22037,Fantasy
22037,Kids
22037,Sci-Fi
22039,Hentai
22043,Action
22043,Adventure
22043,Comedy
22043,Fantasy
22043,Magic
22043,Shounen
22049,Action
22049,Music
22049,Sci-Fi
22053,Comedy
22053,Horror
22053,Mystery
22053,Supernatural
22055,Horror
22055,Mystery
22055,Supernatural
22057,Comedy
22057,Romance
22057,Seinen
22057,Supernatural
22059,Music
22065,Action
22065,Adventure
22065,Comedy
22065,Kids
22069,Hentai
22071,Comedy
22071,Romance
22071,Slice of Life
22081,Hentai
22093,Action
22093,Music
22097,Action
22097,Adventure
22097,Fantasy
22097,Magic
22097,Shounen
22099,Game
22099,Kids
22101,Adventure
22101,Romance
22101,Fantasy
22101,Shoujo
22111,Sports
22113,Comedy
22113,Fantasy
22113,School
22117,Action
22117,Supernatural
22117,Fantasy
22117,Seinen
22119,Hentai
22123,Comedy
22123,School
22123,Shoujo Ai
22125,Comedy
22125,School
22125,Shounen
22125,Sports
22131,Kids
22135,Drama
22135,Psychological
22135,Seinen
22135,Sports
22137,Action
22137,Demons
22145,Action
22145,Mystery
22145,Comedy
22145,Historical
22145,Demons
22145,Supernatural
22145,Shounen
22147,Comedy
22147,Drama
22147,Fantasy
22147,Magic
22157,Dementia
22159,Dementia
22161,Dementia
22163,Dementia
22165,Dementia
22167,Dementia
22169,Dementia
22171,Dementia
22173,Dementia
22175,Dementia
22177,Dementia
22179,Dementia
22181,Dementia
22189,Slice of Life
22189,Comedy
22189,Seinen
22197,Kids
22197,Sports
22199,Action
22199,Adventure
22199,Drama
22199,Fantasy
22199,Shounen
22205,Sports
22205,Shounen
22215,Music
22215,Shoujo
22215,Sports
22219,Comedy
22219,Slice of Life
22221,Historical
22225,Comedy
22225,Ecchi
22225,Fantasy
22231,Magic
22231,Romance
22231,Fantasy
22239,Magic
22241,Adventure
22247,Comedy
22247,Kids
22249,Kids
22249,Adventure
22255,Dementia
22255,Music
22265,Slice of Life
22265,Comedy
22265,Sports
22265,Drama
22265,School
22271,Fantasy
22271,Romance
22271,Shoujo
22271,Supernatural
22273,Game
22273,Psychological
22275,Comedy
22275,Slice of Life
22279,Historical
22279,Kids
22279,Samurai
22293,Music
22295,Historical
22295,Romance
22295,Fantasy
22295,Josei
22297,Action
22297,Fantasy
22297,Magic
22297,Supernatural
22313,Action
22313,Martial Arts
22319,Action
22319,Mystery
22319,Horror
22319,Psychological
22319,Supernatural
22319,Drama
22319,Seinen
22325,Slice of Life
22327,Adventure
22327,Music
22327,Fantasy
22329,Adventure
22329,Music
22329,Historical
22335,Comedy
22335,School
22335,Shounen
22335,Sports
22345,Comedy
22347,Fantasy
22347,Hentai
22347,Supernatural
22347,Demons
22359,Adventure
22361,Adventure
22361,Comedy
22361,Magic
22377,Action
22377,Game
22377,Martial Arts
22377,School
22381,Comedy
22381,Fantasy
22381,Kids
22385,Fantasy
22385,Music
22391,Dementia
22393,Music
22393,Kids
22393,Fantasy
22411,Music
22411,Romance
22413,Kids
22415,Fantasy
22415,Music
22417,Action
22417,Music
22419,Dementia
22421,Fantasy
22421,Kids
22427,Adventure
22427,Comedy
22427,Kids
22427,Music
22427,Sci-Fi
22427,Space
22429,Hentai
22429,Supernatural
22433,Action
22433,Military
22433,Fantasy
22433,Mecha
22433,Shounen
22435,Action
22435,Mecha
22435,Sci-Fi
22439,Comedy
22439,Kids
22439,Mystery
22441,Comedy
22441,Fantasy
22441,Kids
22443,Kids
22445,Fantasy
22445,Kids
22447,Fantasy
22447,Kids
22449,Kids
22449,Fantasy
22451,Kids
22451,Fantasy
22455,Fantasy
22455,Kids
22457,Fantasy
22457,Kids
22459,Fantasy
22459,Kids
22461,Fantasy
22461,Kids
22465,Fantasy
22465,Kids
22465,School
22465,Slice of Life
22467,Kids
22467,Music
22469,Kids
22469,Music
22471,Kids
22471,Music
22473,Kids
22473,Music
22477,Fantasy
22477,Kids
22479,Fantasy
22479,Kids
22481,Kids
22481,Fantasy
22483,Kids
22483,Fantasy
22485,Kids
22485,Fantasy
22487,Kids
22487,Fantasy
22489,Fantasy
22489,Kids
22491,Kids
22491,Fantasy
22493,Kids
22493,Fantasy
22495,Fantasy
22495,Kids
22497,Kids
22497,Fantasy
22499,Kids
22499,Fantasy
22503,Sci-Fi
22503,Slice of Life
22503,Comedy
22503,Kids
22503,School
22507,Sports
22507,Cars
22507,Seinen
22509,Historical
22511,Comedy
22511,Demons
22513,Music
22523,Historical
22535,Action
22535,Sci-Fi
22535,Horror
22535,Psychological
22535,Drama
22535,Seinen
22537,Dementia
22537,Horror
22537,Supernatural
22541,Comedy
22543,Hentai
22547,Action
22547,Adventure
22547,Fantasy
22547,Martial Arts
22561,Action
22561,Music
22563,Kids
22563,Fantasy
22565,Kids
22565,Fantasy
22567,Kids
22569,Kids
22569,Fantasy
22571,Kids
22571,Fantasy
22573,Kids
22573,Fantasy
22575,Kids
22575,Fantasy
22577,Kids
22577,Fantasy
22583,Sci-Fi
22583,Slice of Life
22583,Space
22583,Comedy
22583,Seinen
22585,Comedy
22591,Adventure
22591,Comedy
22591,Fantasy
22591,Shoujo
22591,Shounen Ai
22593,Comedy
22595,Comedy
22597,Comedy
22603,Adventure
22603,Fantasy
22603,Kids
22605,Kids
22605,Fantasy
22605,Sports
22607,Fantasy
22607,Kids
22609,Kids
22609,Sports
22611,Kids
22611,Fantasy
22613,Adventure
22613,Fantasy
22613,Kids
22615,Fantasy
22615,Kids
22617,Fantasy
22617,Kids
22619,Kids
22621,Adventure
22621,Fantasy
22621,Kids
22623,Fantasy
22623,Kids
22625,Adventure
22625,Fantasy
22625,Kids
22627,Fantasy
22627,Kids
22631,Comedy
22631,Parody
22633,Comedy
22633,Parody
22635,Comedy
22635,Parody
22637,Kids
22637,Fantasy
22639,Kids
22639,Magic
22641,Kids
22641,Supernatural
22643,Fantasy
22643,Kids
22645,Adventure
22645,Kids
22647,Fantasy
22647,Kids
22649,Fantasy
22649,Kids
22651,Kids
22651,Fantasy
22653,Fantasy
22653,Kids
22655,Hentai
22657,Comedy
22657,Sci-Fi
22661,Fantasy
22661,Shounen
22663,Action
22663,Fantasy
22663,Harem
22663,Romance
22663,School
22663,Supernatural
22669,Action
22669,Comedy
22669,Kids
22671,Slice of Life
22671,Comedy
22673,Comedy
22673,Sports
22675,Comedy
22675,Slice of Life
22677,Action
22677,Adventure
22677,Police
22677,Mecha
22677,Military
22677,Sci-Fi
22677,Seinen
22683,Fantasy
22683,Historical
22683,Kids
22687,Action
22687,Sci-Fi
22687,Space
22687,Horror
22687,Drama
22687,Seinen
22689,Action
22689,Horror
22689,Sci-Fi
22689,Space
22693,Fantasy
22693,Magic
22693,Romance
22693,Shoujo
22695,Action
22695,Adventure
22695,Comedy
22695,Super Power
22695,Martial Arts
22695,Fantasy
22695,Shounen
22699,Action
22699,Slice of Life
22699,Adventure
22699,Fantasy
22699,Martial Arts
22699,Comedy
22699,Super Power
22699,Shounen
22709,Comedy
22709,Kids
22711,Kids
22711,Comedy
22729,Action
22729,Military
22729,Sci-Fi
22729,Mecha
22733,Fantasy
22733,Shounen
22735,Game
22745,Harem
22745,Romance
22745,Shoujo
22755,Comedy
22755,Game
22755,Parody
22757,Slice of Life
22757,Comedy
22757,School
22759,Comedy
22763,Drama
22763,Mystery
22763,Seinen
22763,Supernatural
22777,Action
22777,Adventure
22777,Comedy
22777,Super Power
22777,Martial Arts
22777,Fantasy
22777,Shounen
22785,Comedy
22785,Romance
22785,School
22785,Shoujo Ai
22785,Slice of Life
22789,Comedy
22789,Slice of Life
22791,Drama
22791,Slice of Life
22815,Hentai
22817,Mystery
22817,Shounen
22819,Slice of Life
22819,Music
22819,School
22819,Shoujo
22821,Comedy
22821,Parody
22821,Super Power
22827,Adventure
22827,Comedy
22827,Ecchi
22827,Fantasy
22827,Magic
22827,School
22831,Sports
22831,Seinen
22835,Slice of Life
22835,Comedy
22835,Ecchi
22835,School
22839,Slice of Life
22839,School
22841,Dementia
22845,Comedy
22845,Kids
22847,Drama
22849,Comedy
22851,Sports
22851,Comedy
22859,Comedy
22865,Harem
22865,Comedy
22865,Supernatural
22865,School
22877,Action
22877,Harem
22877,Comedy
22877,Supernatural
22877,Romance
22877,Ecchi
22877,Fantasy
22877,School
22887,Adventure
22887,Kids
22893,Romance
22893,Shoujo
22901,Hentai
22943,Action
22943,Adventure
22943,Fantasy
22953,Martial Arts
22953,Comedy
22953,Parody
22955,Fantasy
22955,Comedy
22959,Slice of Life
22959,Comedy
22961,Slice of Life
22961,Romance
22973,Action
22973,Historical
22975,Comedy
22975,Horror
22975,Kids
22975,Shounen
22977,Comedy
22977,Horror
22977,Kids
22977,Shounen
22979,Adventure
22979,Comedy
22979,Ecchi
22979,Fantasy
22979,Magic
22979,School
22981,Adventure
22981,Comedy
22981,Ecchi
22981,Fantasy
22981,Magic
22981,School
22983,Comedy
22983,Fantasy
22983,Kids
22983,Supernatural
22983,Vampire
22985,Comedy
22985,Fantasy
22985,Kids
22985,Supernatural
22985,Vampire
22991,Comedy
22991,Kids
22991,School
22991,Slice of Life
22991,Supernatural
22993,Comedy
22993,Kids
22993,School
22993,Slice of Life
22995,Slice of Life
22997,Action
22997,Sci-Fi
22999,Historical
23001,Historical
23003,Historical
23003,Slice of Life
23005,Slice of Life
23007,Adventure
23007,Kids
23009,Adventure
23009,Kids
23011,Action
23011,Sports
23013,Comedy
23015,Kids
23015,Adventure
23015,Comedy
23023,Music
23029,Comedy
23029,Fantasy
23029,Music
23031,Drama
23031,Slice of Life
23033,Hentai
23037,Action
23037,Music
23037,Comedy
23037,Historical
23037,Shoujo
23043,Drama
23043,Music
23043,School
23043,Slice of Life
23047,Hentai
23051,Dementia
23053,Psychological
23055,Dementia
23057,Dementia
23057,Horror
23059,Dementia
23059,Horror
23061,Fantasy
23061,Music
23063,Game
23063,Dementia
23063,Horror
23065,Supernatural
23067,Action
23067,Sci-Fi
23067,Adventure
23067,Comedy
23067,Super Power
23067,Kids
23067,Mecha
23067,Shounen
23079,Romance
23079,Slice of Life
23079,Supernatural
23083,Kids
23083,Fantasy
23083,Magic
23083,Shoujo
23085,Comedy
23085,School
23085,Slice of Life
23089,Comedy
23089,Kids
23097,Comedy
23097,Kids
23099,Sci-Fi
23099,Comedy
23099,Mecha
23101,Hentai
23107,Comedy
23107,Fantasy
23107,Kids
23115,Mystery
23115,Comedy
23115,Super Power
23121,Comedy
23121,School
23121,Slice of Life
23125,Kids
23125,Slice of Life
23129,Magic
23129,Music
23129,Shoujo
23133,Action
23133,Drama
23133,Mecha
23133,Mystery
23133,Psychological
23133,Sci-Fi
23135,Music
23135,Slice of Life
23135,School
23135,Shoujo
23137,Military
23137,School
23149,Comedy
23149,Kids
23151,Music
23151,Slice of Life
23151,Shoujo
23153,Romance
23153,Comedy
23153,Harem
23153,Parody
23153,Shounen
23157,Magic
23157,Music
23171,Hentai
23177,Music
23177,Slice of Life
23177,Drama
23177,Romance
23177,Shoujo
23179,Comedy
23179,Supernatural
23181,Kids
23183,Comedy
23185,Comedy
23187,Comedy
23189,Comedy
23191,Comedy
23199,Action
23199,Mystery
23199,Supernatural
23201,Action
23201,Super Power
23201,Martial Arts
23201,Samurai
23201,Historical
23209,Drama
23209,Fantasy
23209,School
23209,Slice of Life
23213,Comedy
23213,Josei
23213,Slice of Life
23225,Comedy
23225,Shoujo Ai
23225,Slice of Life
23227,Slice of Life
23227,Comedy
23227,Romance
23227,Seinen
23229,Comedy
23233,Action
23233,Ecchi
23233,Fantasy
23233,Romance
23233,Harem
23233,Demons
23237,Comedy
23245,Comedy
23245,Sports
23247,Hentai
23249,Action
23249,Military
23249,Sci-Fi
23249,Space
23249,Drama
23251,Comedy
23251,Supernatural
23251,Shounen
23259,Action
23259,Mecha
23259,Sci-Fi
23259,Space
23265,Adventure
23265,Romance
23267,Slice of Life
23269,Slice of Life
23269,Comedy
23269,School
23269,Seinen
23273,Drama
23273,Music
23273,Romance
23273,School
23273,Shounen
23275,Music
23277,Harem
23277,Comedy
23277,Romance
23277,Ecchi
23277,School
23279,Military
23279,Sci-Fi
23279,Psychological
23281,Action
23281,Sci-Fi
23281,Police
23281,Psychological
23283,Mystery
23283,Psychological
23283,Thriller
23285,Slice of Life
23285,Comedy
23285,Kids
23289,Comedy
23289,Romance
23289,School
23293,Action
23293,Adventure
23293,Drama
23293,Seinen
23299,Action
23299,Adventure
23299,Comedy
23299,Fantasy
23299,Kids
23301,Action
23301,Adventure
23301,Comedy
23301,Kids
23301,Fantasy
23303,Drama
23303,Historical
23303,Slice of Life
23305,Hentai
23309,Action
23309,Harem
23309,Police
23309,Ecchi
23311,Action
23311,Demons
23311,Fantasy
23311,Magic
23311,Supernatural
23313,Comedy
23313,Kids
23315,Comedy
23315,Kids
23317,Action
23317,Mystery
23317,Comedy
23317,Historical
23317,Demons
23317,Supernatural
23317,Shounen
23319,Action
23319,Adventure
23319,Mecha
23319,Sci-Fi
23321,Action
23321,Game
23321,Adventure
23321,Magic
23321,Fantasy
23325,Action
23325,Mecha
23327,Space
23327,Comedy
23327,Sci-Fi
23333,Action
23333,Sci-Fi
23333,Super Power
23333,Psychological
23341,Comedy
23341,Magic
23343,Fantasy
23343,Slice of Life
23345,Slice of Life
23347,Comedy
23347,Kids
23349,Kids
23351,Adventure
23351,Horror
23351,Psychological
23351,Seinen
23351,Supernatural
23353,Action
23353,Drama
23353,Seinen
23359,Action
23359,Comedy
23359,Military
23361,Comedy
23363,Comedy
23363,Romance
23365,Music
23367,Comedy
23367,School
23369,Comedy
23375,Music
23383,Comedy
23383,Seinen
23385,Fantasy
23385,Slice of Life
23385,Supernatural
23387,Action
23387,Sci-Fi
23393,Adventure
23393,Kids
23393,Slice of Life
23399,Comedy
23399,Slice of Life
23401,School
23401,Slice of Life
23405,Shounen
23405,Supernatural
23407,Historical
23407,Drama
23409,Action
23409,Adventure
23409,Comedy
23409,Shounen
23421,Mystery
23421,Comedy
23421,Super Power
23421,Drama
23423,Comedy
23423,Ecchi
23423,Romance
23423,School
23423,Seinen
23425,Comedy
23425,Josei
23427,Slice of Life
23427,Comedy
23433,Slice of Life
23433,Comedy
23433,Josei
23439,Slice of Life
23441,Comedy
23441,Romance
23441,Shounen Ai
23447,Comedy
23447,Drama
23447,Romance
23447,Sci-Fi
23447,Slice of Life
23459,Action
23459,Comedy
23459,Fantasy
23475,Hentai
23477,Hentai
23479,Hentai
23483,Music
23487,Magic
23487,Comedy
23499,Comedy
23499,School
23499,Shounen
23511,Action
23511,Game
23511,Comedy
23511,Kids
23515,Fantasy
23517,Dementia
23517,Music
23519,Hentai
23523,Action
23523,Fantasy
23523,Historical
23537,Sports
23537,Kids
23539,Comedy
23539,Kids
23551,Comedy
23551,Slice of Life
23555,Kids
23555,Magic
23569,Slice of Life
23575,Comedy
23575,Historical
23575,Kids
23579,Romance
23579,School
23579,Shoujo
23581,Adventure
23581,Drama
23581,Historical
23581,Slice of Life
23583,Drama
23583,Historical
23583,Kids
23583,Shoujo
23583,Slice of Life
23585,Adventure
23585,Drama
23585,Slice of Life
23587,Comedy
23587,Drama
23587,Music
23593,Drama
23593,Slice of Life
23595,Sci-Fi
23595,Space
23595,Comedy
23597,Comedy
23605,Action
23607,Comedy
23607,Ecchi
23607,Kids
23607,Parody
23607,Shounen
23609,Comedy
23609,Ecchi
23609,Kids
23609,Parody
23609,Shounen
23611,Adventure
23611,Kids
23613,Comedy
23613,Parody
23613,Slice of Life
23615,Adventure
23615,Drama
23615,Historical
23615,Romance
23617,Kids
23617,Fantasy
23617,Comedy
23619,Comedy
23619,Ecchi
23619,Parody
23621,Romance
23621,Slice of Life
23623,Comedy
23623,School
23623,Seinen
23623,Slice of Life
23627,Comedy
23627,Parody
23633,Kids
23635,Kids
23637,Kids
23637,Music
23639,Kids
23639,Supernatural
23641,Fantasy
23641,Kids
23643,Kids
23643,Fantasy
23645,Fantasy
23645,Kids
23647,Comedy
23647,Kids
23647,Martial Arts
23647,Slice of Life
23651,Kids
23651,Comedy
23659,Drama
23661,Kids
23661,Fantasy
23665,Hentai
23673,Comedy
23673,Romance
23673,School
23673,Shoujo
23675,Fantasy
23675,Kids
23677,Comedy
23677,Hentai
23677,Historical
23679,Slice of Life
23679,Comedy
23679,Josei
23697,Action
23697,Comedy
23699,Action
23699,Seinen
23701,Slice of Life
23701,Comedy
23701,Romance
23701,School
23703,Adventure
23703,Sci-Fi
23707,Adventure
23707,Fantasy
23709,Fantasy
23711,Drama
23711,Historical
23713,Fantasy
23713,Kids
23719,Hentai
23721,Fantasy
23721,Kids
23723,Action
23723,Comedy
23725,Action
23725,Ecchi
23725,Magic
23725,Military
23725,Sci-Fi
23727,Fantasy
23727,Kids
23729,Comedy
23729,Fantasy
23729,Kids
23731,Kids
23733,Slice of Life
23733,Comedy
23735,Ecchi
23735,Comedy
23735,Mecha
23735,Seinen
23737,Comedy
23737,Sports
23737,Kids
23739,Adventure
23739,Fantasy
23741,Drama
23741,Historical
23741,School
23741,Slice of Life
23753,Magic
23753,Mecha
23753,Sci-Fi
23753,Supernatural
23755,Action
23755,Adventure
23755,Ecchi
23755,Fantasy
23755,Magic
23755,Shounen
23755,Supernatural
23759,Comedy
23759,Sports
23761,Hentai
23763,Adventure
23763,Fantasy
23763,Kids
23765,Historical
23765,Horror
23767,Historical
23767,Horror
23769,Comedy
23769,Shounen
23775,Action
23775,Drama
23775,Fantasy
23775,Shounen
23775,Super Power
23777,Action
23777,Super Power
23777,Drama
23777,Fantasy
23777,Shounen
23779,Comedy
23779,Shoujo
23781,Comedy
23787,Comedy
23787,Game
23799,Kids
23799,Music
23801,Adventure
23801,Fantasy
23801,Kids
23801,Mystery
23801,Sci-Fi
23815,Comedy
23815,Fantasy
23819,Action
23819,Adventure
23825,Action
23825,Adventure
23825,Fantasy
23825,Game
23829,Comedy
23829,Parody
23829,Sci-Fi
23829,Space
23831,Comedy
23835,Drama
23835,Sci-Fi
23835,Space
23837,Action
23837,Supernatural
23837,Thriller
23847,Slice of Life
23847,Comedy
23847,Drama
23847,Romance
23847,School
23849,Adventure
23849,Fantasy
23849,Kids
23855,Action
23855,Comedy
23855,Mecha
23855,Parody
23855,Sci-Fi
23857,Action
23857,Seinen
23861,Drama
23861,Slice of Life
23863,Adventure
23865,Comedy
23867,Comedy
23867,Kids
23869,Slice of Life
23871,Comedy
23871,Music
23871,Slice of Life
23877,Dementia
23881,Comedy
23881,Kids
23885,Comedy
23885,Kids
23889,Comedy
23889,Music
23889,Shounen
23895,Comedy
23895,Historical
23895,Seinen
23897,Slice of Life
23899,Slice of Life
23901,Slice of Life
23903,Comedy
23903,Romance
23909,Sci-Fi
23909,Adventure
23909,Kids
23911,Adventure
23911,Sci-Fi
23915,Fantasy
23915,Kids
23917,Music
23931,Action
23931,Military
23931,Sci-Fi
23931,Space
23931,Drama
23933,Action
23933,Martial Arts
23933,Shounen
23933,Super Power
23935,Action
23935,Shounen
23935,Super Power
23943,Mecha
23945,Comedy
23945,Magic
23945,Ecchi
23945,Fantasy
23945,School
23945,Shounen
23967,Adventure
23967,Kids
23969,Comedy
23969,Historical
23971,Comedy
23971,Historical
23973,Kids
23973,Slice of Life
23975,Music
23975,Kids
23975,Fantasy
23979,Slice of Life
23983,Drama
23983,Historical
23983,Kids
23983,Shoujo
23985,Comedy
23985,Ecchi
23985,Romance
23985,Seinen
23985,Slice of Life
23987,Historical
23987,Supernatural
23987,Drama
23987,Seinen
23989,Ecchi
23991,Action
23991,Adventure
23991,Game
23991,Demons
23991,Shounen
24011,Fantasy
24019,Fantasy
24019,Kids
24021,Hentai
24023,Drama
24029,Action
24029,Martial Arts
24029,Comedy
24029,School
24029,Shounen
24031,Comedy
24031,Seinen
24031,Slice of Life
24037,Game
24037,Psychological
24041,Adventure
24041,Comedy
24041,Parody
24045,Action
24045,Fantasy
24047,Adventure
24047,Kids
24049,Mecha
24051,Adventure
24051,Comedy
24053,Action
24053,Mecha
24071,Comedy
24071,Fantasy
24073,Space
24073,Comedy
24075,Sci-Fi
24075,Adventure
24075,Mystery
24075,Super Power
24075,Supernatural
24075,School
24085,Drama
24085,Seinen
24087,Comedy
24087,School
24087,Seinen
24089,Action
24089,Comedy
24089,Seinen
24093,Comedy
24093,School
24093,Seinen
24109,Supernatural
24109,Music
24121,Comedy
24121,Kids
24121,Slice of Life
24123,Comedy
24123,Mecha
24123,Sci-Fi
24127,Historical
24127,Horror
24127,Supernatural
24133,Action
24133,Ecchi
24133,Fantasy
24133,Harem
24133,Military
24133,Romance
24133,Supernatural
24135,Comedy
24135,Historical
24135,Romance
24135,Shounen
24139,Music
24139,Supernatural
24151,Slice of Life
24151,Romance
24151,School
24151,Shoujo
24159,Sports
24159,Comedy
24159,School
24159,Seinen
24169,Mystery
24169,Comedy
24171,Action
24171,Historical
24171,Super Power
24171,Ecchi
24171,Martial Arts
24171,Samurai
24171,Fantasy
24171,Shounen
24175,Comedy
24175,Ecchi
24175,Romance
24175,School
24175,Shounen
24179,Music
24181,Music
24181,School
24197,Music
24199,Music
24201,Music
24211,Comedy
24211,Fantasy
24211,Josei
24227,Comedy
24227,Harem
24227,Romance
24227,School
24227,Shounen
24231,Action
24231,Adventure
24231,Comedy
24231,Romance
24231,Fantasy
24237,Sports
24257,Historical
24257,Romance
24259,Comedy
24259,Dementia
24259,Fantasy
24259,Horror
24259,Music
24259,Parody
24261,Action
24261,Adventure
24261,Comedy
24261,Fantasy
24269,Action
24269,Adventure
24269,Mecha
24269,Sci-Fi
24269,Shounen
24269,Super Power
24271,Hentai
24273,Hentai
24275,Comedy
24275,Seinen
24277,Comedy
24277,Drama
24277,Shounen
24277,Sports
24315,Kids
24315,Music
24317,Hentai
24321,Music
24327,Hentai
24347,Sports
24347,Super Power
24347,Shounen
24355,Comedy
24355,Kids
24355,Sci-Fi
24355,Space
24357,Hentai
24363,Comedy
24363,Kids
24365,Comedy
24365,School
24365,Seinen
24371,Drama
24371,Mecha
24371,Military
24373,Comedy
24377,Hentai
24403,Comedy
24405,Action
24405,Sci-Fi
24405,Supernatural
24405,School
24405,Shounen
24415,Comedy
24415,Sports
24415,School
24415,Shounen
24417,Comedy
24417,Shounen
24429,Music
24437,Comedy
24437,Slice of Life
24439,Action
24439,Comedy
24439,Super Power
24439,Supernatural
24439,Vampire
24439,Fantasy
24439,Shounen
24441,Action
24441,Cars
24443,Comedy
24443,Slice of Life
24447,Comedy
24447,Slice of Life
24451,Harem
24451,Comedy
24451,Romance
24451,School
24453,Hentai
24455,Adventure
24455,Ecchi
24455,Fantasy
24455,Harem
24455,Romance
24457,Comedy
24457,School
24457,Shounen
24457,Sports
24459,Fantasy
24465,Comedy
24465,Kids
24469,Action
24469,Mecha
24469,Sci-Fi
24471,Comedy
24471,Demons
24471,Supernatural
24471,Fantasy
24471,Seinen
24475,Comedy
24475,Ecchi
24475,Harem
24475,Seinen
24475,Slice of Life
24489,Action
24489,Drama
24489,School
24489,Shounen
24501,Comedy
24501,Shoujo
24527,Action
24527,Military
24527,Seinen
24531,Comedy
24531,Ecchi
24531,School
24531,Shounen
24543,Action
24543,Fantasy
24543,Supernatural
24549,Historical
24549,Drama
24549,Sports
24573,Comedy
24575,Cars
24577,Comedy
24591,Comedy
24591,Kids
24591,Supernatural
24603,Fantasy
24603,Comedy
24603,Kids
24619,Action
24619,Magic
24619,Fantasy
24619,Shounen
24625,Action
24625,Sci-Fi
24625,Mecha
24627,Comedy
24627,Romance
24627,School
24627,Shounen
24629,Slice of Life
24629,Comedy
24629,Seinen
24633,Music
24637,Sci-Fi
24637,Comedy
24637,Ecchi
24641,Hentai
24645,Drama
24645,Historical
24645,Slice of Life
24647,Slice of Life
24647,Drama
24655,Harem
24655,Romance
24655,Sci-Fi
24663,Slice of Life
24663,Comedy
24663,Supernatural
24669,Adventure
24669,Fantasy
24675,Game
24677,Supernatural
24679,Slice of Life
24679,Drama
24681,Slice of Life
24681,Adventure
24681,Historical
24681,Drama
24683,Comedy
24683,Historical
24683,Seinen
24687,Adventure
24687,Fantasy
24687,Historical
24687,Mystery
24687,Seinen
24687,Slice of Life
24687,Supernatural
24695,Sci-Fi
24695,Harem
24695,Comedy
24695,Ecchi
24695,Seinen
24699,Comedy
24699,Sci-Fi
24699,Shounen
24701,Adventure
24701,Fantasy
24701,Historical
24701,Mystery
24701,Seinen
24701,Slice of Life
24701,Supernatural
24703,Action
24703,Comedy
24703,Demons
24703,Ecchi
24703,Harem
24703,Romance
24703,School
24705,Action
24705,Comedy
24705,Romance
24705,Fantasy
24705,School
24705,Shounen
24713,Slice of Life
24713,Comedy
24713,Sports
24719,Action
24719,Fantasy
24719,Shounen
24727,Comedy
24727,Magic
24743,Hentai
24745,Harem
24745,Hentai
24751,Action
24751,Ecchi
24751,Comedy
24751,Shoujo Ai
24763,Comedy
24763,Mecha
24763,Parody
24765,Slice of Life
24765,Psychological
24765,School
24765,Horror
24765,Mystery
24773,Slice of Life
24773,Comedy
24775,Slice of Life
24775,Kids
24781,Action
24781,Psychological
24781,Supernatural
24781,Thriller
24781,Shounen
24783,Music
24783,Kids
24785,Music
24789,Music
24791,Kids
24793,Comedy
24795,Kids
24797,Comedy
24803,Kids
24807,Music
24807,Slice of Life
24809,Comedy
24811,Comedy
24817,Sports
24817,Shounen
24819,Kids
24821,Slice of Life
24821,School
24823,Music
24833,Action
24833,Comedy
24833,School
24833,Shounen
24835,Comedy
24835,Parody
24835,Mecha
24839,Comedy
24843,Music
24843,Kids
24845,Music
24845,Comedy
24847,Comedy
24847,Sci-Fi
24849,Hentai
24851,Harem
24851,Hentai
24855,School
24855,Slice of Life
24857,Comedy
24859,Historical
24859,Kids
24861,Music
24861,Kids
24865,School
24865,Slice of Life
24869,Slice of Life
24873,Fantasy
24873,Harem
24873,Romance
24873,School
24875,Kids
24877,Comedy
24877,Kids
24881,Kids
24883,Fantasy
24883,Military
24883,Kids
24893,Action
24893,Sci-Fi
24893,Space
24893,Mecha
24893,Seinen
24901,Kids
24901,Music
24903,Music
24903,Kids
24905,Music
24905,Kids
24909,Adventure
24909,Mystery
24909,Comedy
24909,Shounen
24911,Hentai
24913,Slice of Life
24913,Comedy
24913,Romance
24913,School
24913,Seinen
24919,Action
24919,Sci-Fi
24919,Seinen
24921,Action
24921,Sci-Fi
24921,Seinen
24923,Adventure
24923,Kids
24927,Adventure
24927,Kids
24935,Slice of Life
24935,Comedy
24935,School
24935,Seinen
24967,Hentai
24969,Comedy
24969,Slice of Life
24969,Kids
24973,Comedy
24973,Seinen
24975,Slice of Life
24977,Comedy
24981,Comedy
24981,Kids
24985,School
24985,Shoujo
24987,Hentai
24989,Slice of Life
24989,Magic
24989,Supernatural
24991,Ecchi
24991,Fantasy
24991,Game
24995,Music
24995,Kids
24997,Music
24997,School
24997,Slice of Life
24999,Music
24999,Kids
25011,Comedy
25011,Ecchi
25011,Fantasy
25011,Magic
25013,Action
25013,Adventure
25013,Comedy
25013,Fantasy
25013,Romance
25013,Shoujo
25015,Action
25015,Supernatural
25015,Fantasy
25027,Adventure
25027,Kids
25027,Fantasy
25029,Adventure
25029,Fantasy
25029,Kids
25033,Romance
25033,Slice of Life
25033,Shoujo
25035,Historical
25035,Drama
25045,Comedy
25049,Action
25049,Comedy
25049,Fantasy
25051,Sports
25053,Comedy
25053,Shounen
25055,Hentai
25057,Kids
25057,Comedy
25057,Drama
25059,Fantasy
25059,Comedy
25059,Kids
25061,Comedy
25061,Ecchi
25061,Parody
25061,Seinen
25063,Comedy
25063,Historical
25063,Drama
25065,Romance
25065,Drama
25069,Adventure
25069,Slice of Life
25069,Historical
25069,Drama
25071,Adventure
25071,Slice of Life
25071,Drama
25073,Adventure
25073,Slice of Life
25073,Historical
25073,Drama
25075,Slice of Life
25075,Drama
25075,Shoujo
25077,Music
25077,Mystery
25079,Romance
25079,Music
25079,Historical
25079,Drama
25081,Adventure
25081,Drama
25083,Adventure
25083,Slice of Life
25085,Adventure
25085,Slice of Life
25087,Adventure
25087,Slice of Life
25087,Drama
25089,Slice of Life
25089,Drama
25091,Kids
25091,Historical
25093,Kids
25095,Adventure
25095,Kids
25099,Comedy
25099,Ecchi
25099,Harem
25099,Romance
25099,School
25101,Comedy
25101,Slice of Life
25101,Kids
25103,Music
25103,Kids
25109,Slice of Life
25113,Music
25117,Comedy
25139,Comedy
25139,Slice of Life
25139,Shounen
25143,Drama
25143,School
25143,Shounen Ai
25149,Kids
25157,Action
25157,Harem
25157,Comedy
25157,Supernatural
25157,Magic
25157,Romance
25157,Ecchi
25157,Fantasy
25157,School
25157,Shounen
25159,Harem
25159,Slice of Life
25159,Comedy
25159,Supernatural
25159,Romance
25159,School
25161,Adventure
25161,Comedy
25161,Fantasy
25161,Shounen
25169,Comedy
25169,Drama
25173,Kids
25183,Action
25183,Drama
25183,Seinen
25193,Fantasy
25193,Kids
25241,Comedy
25253,Parody
25253,Comedy
25253,Mystery
25257,Comedy
25259,School
25265,Romance
25265,Slice of Life
25267,Mystery
25271,Slice of Life
25283,Action
25283,Drama
25283,Fantasy
25283,Magic
25283,School
25285,Action
25285,Supernatural
25285,Ecchi
25285,Fantasy
25285,School
25291,Historical
25293,Magic
25293,Music
25299,Drama
25299,Sports
25301,Historical
25301,Slice of Life
25301,Drama
25303,Shounen
25303,Sports
25305,Historical
25305,Drama
25313,Action
25313,Sci-Fi
25313,Comedy
25313,Historical
25313,Parody
25313,Samurai
25313,Shounen
25329,Kids
25341,Comedy
25341,Sports
25341,School
25341,Shounen
25345,Fantasy
25345,Hentai
25345,Magic
25363,Adventure
25363,Fantasy
25363,Shoujo
25365,Comedy
25365,Fantasy
25365,Kids
25375,Music
25375,Supernatural
25375,Magic
25375,Romance
25377,Slice of Life
25383,Comedy
25383,Kids
25383,Shounen
25383,Space
25389,Action
25389,Adventure
25389,Comedy
25389,Super Power
25389,Martial Arts
25389,Fantasy
25389,Shounen
25393,Action
25393,Sci-Fi
25397,Action
25397,Harem
25397,Supernatural
25397,Romance
25397,Ecchi
25397,School
25429,Action
25429,Comedy
25429,Ecchi
25429,Romance
25429,School
25429,Seinen
25429,Supernatural
25431,Action
25431,Adventure
25431,Magic
25431,Fantasy
25431,Shounen
25437,Harem
25437,Romance
25437,Shoujo
25439,Slice of Life
25439,Comedy
25441,Slice of Life
25441,Comedy
25441,Josei
25457,Action
25457,Sci-Fi
25457,Seinen
25461,Music
25473,Samurai
25473,Historical
25491,Fantasy
25495,Music
25503,Adventure
25503,Kids
25517,Adventure
25517,Comedy
25517,Romance
25517,Shounen
25519,Slice of Life
25519,Psychological
25519,Drama
25519,Magic
25519,Fantasy
25533,Music
25537,Action
25537,Fantasy
25537,Magic
25537,Supernatural
25541,Kids
25543,Action
25543,Mecha
25545,Music
25545,Kids
25547,Comedy
25547,Kids
25549,Music
25567,Sci-Fi
25567,Psychological
25567,Drama
25567,Shounen Ai
25589,Comedy
25589,School
25589,Slice of Life
25589,Kids
25591,Action
25591,Adventure
25591,Supernatural
25591,Shounen
25597,Fantasy
25597,Comedy
25597,Kids
25599,Comedy
25599,Fantasy
25599,Kids
25601,Music
25601,Slice of Life
25601,Drama
25605,Kids
25605,Drama
25607,Adventure
25607,Fantasy
25607,Historical
25609,Kids
25609,Music
25611,Music
25611,Kids
25613,Music
25613,Kids
25615,Music
25615,Kids
25617,Kids
25617,Music
25619,Kids
25619,Music
25623,Drama
25623,Josei
25623,Romance
25627,Kids
25633,Adventure
25633,Kids
25635,Space
25635,Comedy
25635,Sci-Fi
25639,Music
25641,Music
25647,Action
25647,Military
25647,Comedy
25647,Shoujo
25649,Comedy
25649,Drama
25649,Romance
25649,Shounen Ai
25661,Slice of Life
25661,Comedy
25661,Shoujo
25667,Harem
25667,Hentai
25669,Hentai
25681,Comedy
25681,Demons
25681,Supernatural
25681,Romance
25681,Fantasy
25681,Shoujo
25687,Action
25687,Adventure
25687,Comedy
25687,Drama
25689,Ecchi
25689,Harem
25717,Adventure
25717,Fantasy
25717,Kids
25719,Slice of Life
25719,Comedy
25719,Seinen
25729,Comedy
25729,Drama
25729,Slice of Life
25731,Action
25731,Mecha
25731,Sci-Fi
25749,Adventure
25749,Comedy
25749,Parody
25755,Sports
25755,Drama
25755,Shounen
25777,Action
25777,Military
25777,Mystery
25777,Super Power
25777,Drama
25777,Fantasy
25777,Shounen
25781,Action
25781,Fantasy
25781,Shoujo
25801,Drama
25801,Josei
25805,Adventure
25805,Fantasy
25805,Kids
25809,Comedy
25815,Action
25815,Comedy
25815,Romance
25815,Shounen
25833,Music
25833,Drama
25835,Comedy
25835,Drama
25839,Comedy
25839,Harem
25839,Romance
25839,Shoujo
25839,Slice of Life
25857,Music
25857,Shoujo
25859,Comedy
25859,School
25859,Seinen
25859,Supernatural
25861,Comedy
25861,School
25861,Shoujo Ai
25867,Action
25867,Adventure
25867,Slice of Life
25867,Super Power
25871,Kids
25871,Slice of Life
25871,Comedy
25873,Action
25873,Fantasy
25873,Martial Arts
25875,Comedy
25877,Hentai
25879,Comedy
25879,Romance
25879,Seinen
25879,Slice of Life
25883,Drama
25889,Adventure
25889,Comedy
25889,Kids
25889,Sci-Fi
25891,Sci-Fi
25891,Adventure
25891,Comedy
25891,Kids
25897,Comedy
25907,Sci-Fi
25915,Slice of Life
25915,Kids
25921,Adventure
25921,Kids
25923,Hentai
25939,Action
25939,Adventure
25939,Magic
25939,Martial Arts
25941,Slice of Life
25941,Comedy
25943,Fantasy
25963,Magic
25963,Adventure
25963,Comedy
25963,Kids
25965,Comedy
25965,Kids
25967,Comedy
25967,Kids
25967,Sports
25969,Dementia
25971,Dementia
25973,Kids
25973,Comedy
25975,Kids
25975,Comedy
25977,Kids
25977,Comedy
25977,Sci-Fi
25979,Comedy
25981,Action
25981,Kids
25983,Comedy
25983,Mystery
25985,Sci-Fi
25985,Comedy
25985,Kids
25987,Comedy
25987,Parody
25991,Game
25991,Music
25999,Parody
25999,Comedy
25999,School
25999,Seinen
26007,Kids
26007,Comedy
26009,Kids
26009,Comedy
26011,Comedy
26011,Kids
26011,Super Power
26013,Comedy
26013,Kids
26013,Parody
26015,Comedy
26015,Kids
26017,Super Power
26017,Comedy
26017,Kids
26019,Comedy
26019,Supernatural
26019,Romance
26019,School
26023,Sci-Fi
26023,Comedy
26023,Parody
26023,Romance
26031,Hentai
26033,Kids
26033,Historical
26035,Comedy
26043,Fantasy
26043,Romance
26043,Drama
26053,Action
26053,Comedy
26053,Fantasy
26053,Magic
26053,Shoujo
26055,Action
26055,Adventure
26055,Supernatural
26055,Drama
26055,Shounen
26057,Comedy
26057,Magic
26057,Ecchi
26057,Fantasy
26059,Hentai
26063,Adventure
26063,Comedy
26063,Horror
26063,Supernatural
26063,Shounen
26079,Comedy
26079,Sci-Fi
26079,Seinen
26081,Hentai
26085,Ecchi
26085,Slice of Life
26085,Comedy
26085,Military
26085,Seinen
26087,Fantasy
26087,Kids
26089,Kids
26091,Kids
26091,Drama
26093,Drama
26093,Kids
26095,Drama
26095,Kids
26097,Drama
26097,Kids
26099,Kids
26099,Drama
26101,Historical
26101,Drama
26101,Kids
26103,Drama
26103,Kids
26105,Drama
26105,Kids
26107,Drama
26107,Kids
26109,Drama
26109,Kids
26111,Drama
26111,Kids
26113,Drama
26113,Kids
26115,Drama
26117,Kids
26117,Psychological
26117,Sci-Fi
26119,Drama
26119,Historical
26119,Kids
26123,Slice of Life
26123,Comedy
26123,School
26123,Shounen
26133,Fantasy
26133,Historical
26133,Kids
26135,Historical
26135,Kids
26137,Historical
26137,Kids
26139,Historical
26139,Kids
26141,Historical
26141,Kids
26143,Historical
26143,Kids
26145,Historical
26145,Kids
26147,Historical
26147,Kids
26149,Fantasy
26149,Historical
26149,Kids
26151,Historical
26151,Kids
26153,Historical
26153,Kids
26155,Kids
26155,Historical
26157,Historical
26157,Kids
26159,School
26159,Shounen
26163,Kids
26163,Slice of Life
26165,Psychological
26165,Drama
26165,Fantasy
26165,School
26165,Seinen
26165,Shoujo Ai
26183,Action
26183,Ecchi
26183,Martial Arts
26183,School
26183,Seinen
26183,Super Power
26189,Adventure
26189,Comedy
26189,Magic
26189,Romance
26189,Shoujo
26197,Historical
26197,Kids
26199,Adventure
26199,Kids
26209,Action
26209,Samurai
26213,Comedy
26213,School
26213,Slice of Life
26215,Drama
26215,Kids
26217,Drama
26217,Kids
26219,Drama
26219,Kids
26221,Drama
26221,Kids
26223,Drama
26223,Kids
26225,Drama
26225,Kids
26227,Kids
26227,Drama
26229,Drama
26229,Kids
26231,Drama
26231,Kids
26233,Drama
26233,Kids
26235,Drama
26235,Kids
26237,Kids
26237,Drama
26239,Drama
26239,Historical
26239,Kids
26239,Space
26241,Drama
26241,Kids
26243,Action
26243,Military
26243,Supernatural
26243,Drama
26243,Vampire
26243,Shounen
26247,Kids
26247,Drama
26249,Drama
26249,Kids
26251,Drama
26251,Kids
26253,Kids
26253,Drama
26255,Drama
26255,Kids
26257,Drama
26257,Kids
26259,Drama
26259,Kids
26261,Drama
26261,Kids
26263,Kids
26263,Drama
26265,Drama
26265,Kids
26265,Romance
26267,Drama
26267,Kids
26267,School
26269,Drama
26269,Historical
26269,Kids
26271,Kids
26271,Samurai
26271,Historical
26271,Drama
26273,Drama
26273,Historical
26273,Kids
26273,Samurai
26275,Kids
26275,Samurai
26275,Historical
26275,Drama
26277,Kids
26277,Samurai
26277,Historical
26277,Drama
26279,Fantasy
26281,Drama
26281,Historical
26281,Kids
26283,Drama
26283,Kids
26285,Kids
26285,Samurai
26285,Historical
26285,Drama
26287,Comedy
26287,Kids
26287,School
26289,Drama
26289,Kids
26289,School
26291,Kids
26291,Drama
26293,Kids
26295,Drama
26295,Kids
26297,Kids
26297,Historical
26297,Drama
26299,Historical
26299,Kids
26299,Drama
26301,Demons
26301,Drama
26301,Kids
26303,Drama
26303,Fantasy
26303,Music
26305,Demons
26305,Drama
26305,Kids
26307,Drama
26307,Kids
26309,Drama
26309,Kids
26311,Historical
26311,Kids
26311,Drama
26313,Drama
26313,Kids
26315,Kids
26315,Drama
26317,Comedy
26317,Kids
26317,Supernatural
26319,Drama
26319,Kids
26321,Drama
26321,Kids
26323,Drama
26323,Historical
26323,Kids
26325,Drama
26325,Kids
26327,Drama
26327,Kids
26329,Kids
26329,Drama
26331,Comedy
26331,Demons
26331,Drama
26331,Kids
26333,Drama
26333,Kids
26335,Drama
26335,Kids
26337,Drama
26337,Fantasy
26337,Historical
26337,Kids
26337,School
26339,Kids
26339,Drama
26341,Kids
26341,Drama
26345,Drama
26345,Fantasy
26345,Kids
26347,Slice of Life
26349,Slice of Life
26349,Comedy
26349,Romance
26349,Seinen
26351,Comedy
26351,Romance
26351,School
26351,Seinen
26351,Slice of Life
26359,Adventure
26359,Mystery
26359,Supernatural
26359,Drama
26395,Comedy
26395,Shounen
26395,Sports
26441,Comedy
26441,Historical
26441,Magic
26441,Romance
26441,Fantasy
26441,Seinen
26443,Action
26443,Adventure
26443,Ecchi
26443,Shounen
26447,Adventure
26447,Sci-Fi
26449,Action
26449,Adventure
26449,Fantasy
26453,Music
26453,School
27363,Hentai
27369,Kids
27369,Adventure
27369,Fantasy
27369,Comedy
27371,Kids
27371,Fantasy
27371,Comedy
27373,Kids
27373,Fantasy
27373,Comedy
27375,Drama
27377,Kids
27379,Adventure
27379,Sci-Fi
27387,Action
27387,Sci-Fi
27387,Thriller
27389,Kids
27389,Fantasy
27393,Adventure
27393,Shounen
27399,Slice of Life
27399,Comedy
27405,Drama
27405,Seinen
27405,Slice of Life
27411,Action
27411,Sci-Fi
27411,Police
27411,Psychological
27411,Mecha
27413,Hentai
27413,Demons
27413,Supernatural
27413,Fantasy
27417,Harem
27417,School
27417,Vampire
27417,Shoujo
27419,Slice of Life
27419,Music
27419,School
27437,Adventure
27437,Fantasy
27437,Kids
27441,Comedy
27441,Music
27451,Kids
27453,Kids
27453,Music
27455,Kids
27455,Sci-Fi
27457,Cars
27457,Kids
27459,Kids
27459,Cars
27461,Kids
27461,Music
27463,Cars
27463,Kids
27465,Adventure
27465,Kids
27467,Kids
27467,Magic
27491,Kids
27491,Fantasy
27491,Comedy
27493,Comedy
27493,Kids
27493,Fantasy
27495,Kids
27495,Adventure
27495,Fantasy
27497,Adventure
27497,Kids
27497,Fantasy
27501,Kids
27501,Adventure
27501,Fantasy
27503,Action
27503,Sci-Fi
27509,Action
27509,Comedy
27509,Magic
27509,Sci-Fi
27509,Super Power
27519,Comedy
27519,Magic
27521,Music
27521,Comedy
27525,Action
27525,Slice of Life
27525,Comedy
27525,Magic
27525,Fantasy
27539,Kids
27539,Fantasy
27551,Comedy
27551,Kids
27557,Comedy
27557,Historical
27557,Drama
27559,Comedy
27559,School
27559,Seinen
27561,Parody
27561,Sports
27561,Comedy
27567,Comedy
27569,Cars
27569,Kids
27569,Fantasy
27571,Comedy
27571,Kids
27571,Fantasy
27573,Drama
27575,Military
27575,Historical
27577,Sports
27579,Historical
27579,Drama
27589,Kids
27589,Comedy
27601,Comedy
27601,Drama
27601,Romance
27601,School
27601,Slice of Life
27603,Hentai
27613,Comedy
27619,Comedy
27619,Ecchi
27619,Romance
27619,Shounen
27619,Slice of Life
27621,Comedy
27621,Parody
27629,Mystery
27629,Comedy
27629,Super Power
27631,Action
27631,Fantasy
27631,Military
27631,Sci-Fi
27633,Comedy
27633,Romance
27633,School
27651,Sci-Fi
27651,Historical
27651,Drama
27653,Action
27653,Adventure
27653,Comedy
27653,Seinen
27655,Action
27655,Mecha
27655,Sci-Fi
27655,Space
27663,Sports
27663,Romance
27663,School
27663,Shounen
27677,Action
27677,Parody
27677,Military
27677,Sci-Fi
27681,Slice of Life
27681,Comedy
27683,Comedy
27683,Kids
27683,Fantasy
27687,Comedy
27687,Kids
27693,Romance
27693,Seinen
27709,Comedy
27709,School
27709,Seinen
27709,Slice of Life
27721,Fantasy
27721,Kids
27723,Kids
27723,Fantasy
27727,Slice of Life
27727,Comedy
27727,Parody
27727,Magic
27727,School
27737,Game
27741,Music
27741,Slice of Life
27741,Shoujo
27747,Hentai
27757,Slice of Life
27757,Comedy
27757,Romance
27775,Sci-Fi
27775,Drama
27775,Romance
27783,Action
27783,Supernatural
27783,Seinen
27785,Action
27785,Comedy
27785,Mecha
27787,Comedy
27787,Harem
27787,Romance
27787,School
27787,Shounen
27789,Slice of Life
27789,Fantasy
27789,Music
27789,Drama
27793,Music
27811,Action
27811,Historical
27811,Demons
27811,Supernatural
27811,Martial Arts
27811,Samurai
27815,Action
27815,Game
27815,Shounen
27821,Action
27821,Fantasy
27821,Magic
27821,Supernatural
27825,Action
27825,Adventure
27825,Magic
27825,Fantasy
27829,Action
27829,Military
27829,Sci-Fi
27829,Mecha
27831,Action
27831,Mystery
27831,Supernatural
27833,Action
27833,Mystery
27833,Supernatural
27837,Sports
27839,Kids
27839,Historical
27839,Drama
27841,Kids
27843,Kids
27845,Kids
27847,Fantasy
27847,Kids
27847,Supernatural
27849,Kids
27851,Kids
27851,School
27853,Kids
27853,School
27855,Kids
27857,Comedy
27879,Hentai
27881,Hentai
27887,Slice of Life
27887,Comedy
27891,Action
27891,Adventure
27891,Fantasy
27891,Game
27899,Action
27899,Mystery
27899,Horror
27899,Psychological
27899,Supernatural
27899,Drama
27899,Seinen
27907,Comedy
27907,Mecha
27909,Hentai
27911,Comedy
27911,Seinen
27915,Sports
27915,Shounen
27921,Kids
27921,Drama
27927,Slice of Life
27927,Comedy
27927,School
27939,Action
27939,Martial Arts
27939,Samurai
27939,Seinen
27943,Action
27943,Adventure
27943,Shounen
27943,Super Power
27945,Comedy
27945,Supernatural
27945,Romance
27945,Shounen
27947,Action
27947,Adventure
27947,Comedy
27947,Mystery
27947,Seinen
27949,Magic
27949,Fantasy
27951,Magic
27951,Fantasy
27957,Slice of Life
27957,Comedy
27961,Historical
27961,Kids
27963,Shounen
27965,Kids
27965,Adventure
27965,Fantasy
27967,Action
27967,Comedy
27967,Ecchi
27969,Drama
27969,Mystery
27969,Slice of Life
27989,Music
27989,School
27989,Drama
27991,Action
27991,Super Power
27991,Supernatural
27993,Adventure
27993,Mecha
27993,Sci-Fi
27993,Shounen
27997,Magic
28013,Action
28013,Military
28013,Sci-Fi
28013,Music
28013,Space
28013,Romance
28013,Mecha
28017,Historical
28017,Kids
28019,Action
28019,Kids
28019,Mystery
28021,Comedy
28021,Martial Arts
28021,Sci-Fi
28021,Space
28023,Kids
28025,Mystery
28025,Comedy
28025,Supernatural
28025,Ecchi
28035,Kids
28035,Sports
28041,Adventure
28041,Historical
28041,Romance
28045,Action
28045,Adventure
28045,Fantasy
28045,Historical
28047,Adventure
28047,Romance
28047,Historical
28049,Adventure
28049,Comedy
28051,Adventure
28051,Comedy
28053,Fantasy
28055,Drama
28057,Action
28057,Adventure
28057,Comedy
28063,Comedy
28067,Action
28067,Historical
28067,Military
28069,Music
28069,Shounen
28071,Comedy
28071,Ecchi
28073,Historical
28073,Kids
28077,Slice of Life
28085,Dementia
28087,Historical
28087,Horror
28087,Kids
28089,Comedy
28089,Kids
28091,Historical
28093,Fantasy
28093,Kids
28097,Adventure
28097,Kids
28099,Adventure
28099,Kids
28101,Comedy
28103,Adventure
28103,Fantasy
28103,Cars
28103,Supernatural
28105,Adventure
28105,Comedy
28109,Drama
28109,Historical
28111,Drama
28113,Kids
28113,Historical
28115,Demons
28115,Kids
28117,Demons
28117,Horror
28117,Kids
28119,Drama
28119,Kids
28121,Action
28121,Adventure
28121,Comedy
28121,Romance
28121,Fantasy
28143,Historical
28143,Drama
28145,Action
28145,Adventure
28145,Sci-Fi
28149,Action
28149,Dementia
28149,Ecchi
28149,Fantasy
28149,Mecha
28149,Military
28149,Music
28149,School
28149,Sci-Fi
28149,Space
28149,Supernatural
28151,Action
28151,Demons
28151,Historical
28151,Supernatural
28155,Action
28155,Adventure
28155,Comedy
28155,Drama
28157,Hentai
28169,Hentai
28171,Ecchi
28171,School
28171,Shounen
28179,Music
28179,Slice of Life
28179,Comedy
28185,Comedy
28197,Music
28197,Kids
28201,Action
28201,Adventure
28201,Mecha
28201,Sci-Fi
28205,Kids
28205,Magic
28207,Comedy
28211,Sci-Fi
28211,Psychological
28215,Action
28215,Adventure
28215,Fantasy
28215,Sci-Fi
28215,Shounen
28221,Action
28221,Comedy
28221,Fantasy
28223,Game
28223,Mystery
28223,Psychological
28223,Drama
28223,Thriller
28227,Ecchi
28227,Drama
28235,Comedy
28235,Drama
28235,Romance
28235,Samurai
28235,Sci-Fi
28237,Action
28237,Comedy
28237,Kids
28237,Fantasy
28241,Action
28241,Military
28241,Historical
28241,Kids
28245,Music
28245,Comedy
28247,Comedy
28247,Music
28249,Action
28249,Adventure
28249,Drama
28249,Fantasy
28249,Historical
28249,Shounen
28251,Comedy
28251,Kids
28251,Magic
28251,Romance
28257,Comedy
28257,Kids
28257,Supernatural
28263,Kids
28263,Mystery
28263,School
28263,Supernatural
28283,Action
28283,Historical
28283,Samurai
28285,Action
28285,Harem
28285,Comedy
28285,Supernatural
28285,Magic
28285,Romance
28285,Ecchi
28285,Fantasy
28285,School
28285,Shounen
28293,Kids
28293,Adventure
28297,Comedy
28297,Romance
28297,Shoujo
28299,Comedy
28299,Romance
28299,School
28299,Shoujo
28305,Sci-Fi
28305,Mecha
28309,Hentai
28311,Hentai
28311,Romance
28313,Hentai
28339,Space
28339,Dementia
28339,Sci-Fi
28347,Slice of Life
28351,Action
28351,Fantasy
28353,Slice of Life
28353,Drama
28355,Kids
28355,Music
28361,Slice of Life
28361,Comedy
28361,Shoujo
28367,Sci-Fi
28367,Comedy
28367,Shounen
28369,Sci-Fi
28369,Comedy
28369,Shounen
28371,Sci-Fi
28371,Comedy
28371,Shounen
28377,Comedy
28377,Mecha
28381,Kids
28381,Supernatural
28381,Shoujo
28385,Comedy
28385,Parody
28385,Romance
28385,School
28387,Slice of Life
28387,Comedy
28387,Super Power
28387,Seinen
28391,Sci-Fi
28391,Sports
28391,Drama
28391,School
28401,Slice of Life
28401,Parody
28401,Mecha
28405,Action
28405,Comedy
28405,School
28405,Shounen
28419,Action
28419,Comedy
28423,Comedy
28423,Supernatural
28423,Romance
28423,School
28423,Shounen
28427,Comedy
28427,Historical
28431,Action
28431,Adventure
28431,Fantasy
28431,Kids
28433,Slice of Life
28433,Music
28433,Drama
28433,Sci-Fi
28439,Music
28447,Action
28447,Adventure
28447,Demons
28447,Supernatural
28447,Magic
28447,Fantasy
28479,Action
28479,Mystery
28479,Police
28479,Shounen
28483,Drama
28483,School
28483,Slice of Life
28485,Slice of Life
28485,Drama
28487,Unknown
28489,Sports
28489,Comedy
28489,Horror
28489,Shounen
28495,Action
28495,Mecha
28495,Sci-Fi
28495,Seinen
28495,Space
28497,Action
28497,Adventure
28497,Fantasy
28497,Magic
28497,Mystery
28511,Action
28511,Comedy
28511,Fantasy
28511,Magic
28511,Music
28511,Shoujo
28517,Hentai
28519,Hentai
28531,Comedy
28531,Sci-Fi
28531,Shounen
28537,Action
28537,Demons
28537,Fantasy
28537,Magic
28537,Supernatural
28539,Action
28539,Demons
28539,Supernatural
28539,Magic
28539,Fantasy
28543,Kids
28543,Drama
28545,Drama
28545,Kids
28547,Drama
28547,Kids
28549,Kids
28549,Drama
28551,Drama
28551,Kids
28553,Drama
28553,Fantasy
28553,Historical
28553,Kids
28555,Drama
28555,Fantasy
28555,Kids
28557,Kids
28557,Drama
28559,Drama
28559,Kids
28559,Magic
28561,Drama
28561,Kids
28563,Kids
28563,Drama
28565,Drama
28565,Kids
28567,Drama
28567,Kids
28567,Super Power
28569,Drama
28569,Fantasy
28569,Kids
28571,Drama
28571,Kids
28573,Drama
28573,Kids
28575,Drama
28575,Historical
28575,Kids
28577,Drama
28577,Historical
28577,Kids
28579,Kids
28579,Fantasy
28579,Drama
28581,Kids
28581,Drama
28583,Kids
28583,Drama
28585,Drama
28585,Kids
28587,Dementia
28591,Music
28591,Dementia
28593,Comedy
28595,Adventure
28595,Comedy
28595,Sci-Fi
28603,Comedy
28603,Supernatural
28603,Fantasy
28607,Comedy
28607,Historical
28607,Parody
28615,Slice of Life
28615,Comedy
28617,Comedy
28617,Ecchi
28617,Sci-Fi
28617,Super Power
28617,Supernatural
28619,Mystery
28621,Sci-Fi
28621,Mystery
28621,Psychological
28623,Action
28623,Horror
28623,Supernatural
28623,Drama
28623,Fantasy
28625,Sci-Fi
28625,Historical
28625,Psychological
28631,Action
28637,Dementia
28639,Music
28639,Dementia
28641,Psychological
28645,Dementia
28647,Music
28647,Dementia
28653,Unknown
28655,Unknown
28657,Dementia
28657,Psychological
28665,Slice of Life
28669,Action
28669,Slice of Life
28669,Comedy
28669,Magic
28669,Fantasy
28669,School
28669,Shoujo
28673,Thriller
28673,Mystery
28673,Sci-Fi
28675,Fantasy
28675,Slice of Life
28675,Supernatural
28677,Harem
28677,Mystery
28677,Comedy
28677,Supernatural
28677,Romance
28677,School
28677,Shounen
28683,Action
28683,Adventure
28683,Fantasy
28683,Shounen
28685,Action
28685,Comedy
28687,Music
28689,Historical
28691,Comedy
28693,Historical
28695,Adventure
28701,Action
28701,Fantasy
28701,Magic
28701,Supernatural
28713,Comedy
28713,Ecchi
28713,Romance
28713,Seinen
28713,Supernatural
28715,Action
28715,Music
28715,Sci-Fi
28717,Adventure
28723,Music
28723,School
28723,Shoujo
28725,Drama
28725,Romance
28725,School
28733,Sci-Fi
28733,Adventure
28733,Space
28733,Drama
28735,Drama
28735,Historical
28735,Josei
28749,Historical
28755,Action
28755,Comedy
28755,Martial Arts
28755,Shounen
28755,Super Power
28759,Adventure
28759,Fantasy
28761,Dementia
28765,Music
28771,Game
28771,Adventure
28771,Shounen
28775,Fantasy
28775,Sports
28779,Hentai
28779,School
28779,Yuri
28789,Music
28789,Drama
28789,Seinen
28791,Action
28791,Sci-Fi
28805,Adventure
28805,Supernatural
28809,Comedy
28809,Parody
28811,Comedy
28811,Parody
28811,Sci-Fi
28813,Comedy
28813,Parody
28815,Comedy
28815,Parody
28815,Sci-Fi
28817,Action
28817,Comedy
28817,School
28817,Shoujo Ai
28819,Comedy
28819,Ecchi
28819,Romance
28819,School
28819,Shounen
28825,Comedy
28825,School
28825,Seinen
28825,Slice of Life
28827,Kids
28827,Comedy
28827,Historical
28829,Comedy
28829,Fantasy
28829,Kids
28831,Psychological
28833,Action
28833,Adventure
28833,Fantasy
28833,Magic
28835,Parody
28835,School
28835,Slice of Life
28841,Drama
28841,Music
28843,Dementia
28843,Horror
28851,Drama
28851,School
28851,Shounen
28853,Adventure
28853,Kids
28853,Fantasy
28859,Hentai
28861,Slice of Life
28861,Comedy
28861,Shounen
28869,Adventure
28869,Comedy
28869,Mystery
28869,Shounen
28881,Cars
28881,Seinen
28881,Sports
28883,Action
28883,School
28883,Shoujo Ai
28885,Fantasy
28885,Comedy
28887,Comedy
28891,Comedy
28891,Sports
28891,Drama
28891,School
28891,Shounen
28897,Music
28897,Kids
28907,Action
28907,Adventure
28907,Fantasy
28907,Military
28911,Slice of Life
28911,Comedy
28911,School
28913,Slice of Life
28913,Comedy
28913,School
28915,Slice of Life
28915,Comedy
28915,School
28921,Kids
28925,Kids
28925,Comedy
28925,Supernatural
28927,Action
28927,Military
28927,Supernatural
28927,Drama
28927,Vampire
28927,Shounen
28929,Mystery
28929,Comedy
28929,Supernatural
28951,Dementia
28951,Horror
28953,Dementia
28953,Horror
28955,Police
28955,Drama
28955,Mystery
28957,Adventure
28957,Fantasy
28957,Historical
28957,Mystery
28957,Seinen
28957,Slice of Life
28957,Supernatural
28959,Slice of Life
28959,Romance
28959,Drama
28961,Harem
28961,Hentai
28961,Music
28963,School
28963,Shoujo
28965,Comedy
28965,Seinen
28977,Action
28977,Comedy
28977,Historical
28977,Parody
28977,Samurai
28977,Sci-Fi
28977,Shounen
28979,Comedy
28979,Ecchi
28979,Harem
28979,Romance
28979,School
28979,Sci-Fi
28979,Shounen
28981,Comedy
28981,Slice of Life
28983,Adventure
28983,Kids
28987,Music
28987,Dementia
28989,Music
28989,Dementia
28991,Psychological
28993,Dementia
28993,Psychological
28999,Drama
28999,School
28999,Super Power
29003,Slice of Life
29017,Comedy
29017,Fantasy
29017,Slice of Life
29027,Action
29027,Demons
29027,Ecchi
29027,Fantasy
29027,Harem
29027,Romance
29035,Comedy
29035,Mecha
29035,Parody
29053,Kids
29053,Music
29067,Comedy
29067,Romance
29067,Seinen
29067,Slice of Life
29073,Sports
29083,Hentai
29085,Hentai
29087,Comedy
29087,Fantasy
29087,School
29087,Shounen
29087,Supernatural
29089,Action
29089,Comedy
29089,Fantasy
29089,Romance
29093,Drama
29095,Drama
29095,Harem
29095,Psychological
29095,Romance
29099,Sci-Fi
29099,Slice of Life
29099,Comedy
29099,Kids
29099,School
29101,Ecchi
29103,Music
29103,Kids
29105,Music
29105,Comedy
29105,Kids
29107,Music
29107,Kids
29111,Hentai
29123,Music
29129,Comedy
29129,Romance
29129,School
29129,Shoujo
29135,Adventure
29135,Fantasy
29141,Comedy
29151,Historical
29153,Music
29163,Slice of Life
29163,Comedy
29165,Ecchi
29165,Comedy
29173,Dementia
29177,Kids
29177,Music
29179,Music
29179,Kids
29181,Music
29181,Kids
29207,Kids
29207,Drama
29207,Fantasy
29209,Kids
29209,Slice of Life
29223,Action
29223,Sci-Fi
29223,Mecha
29231,Comedy
29231,Magic
29231,Shoujo
29233,Adventure
29233,Martial Arts
29233,Comedy
29233,Super Power
29233,Sci-Fi
29235,Adventure
29235,Martial Arts
29235,Super Power
29247,Kids
29247,Magic
29249,Kids
29249,Magic
29255,Action
29261,Hentai
29267,Kids
29267,Sci-Fi
29269,Kids
29269,Sci-Fi
29271,Kids
29271,Parody
29273,Kids
29273,Historical
29275,Kids
29275,Historical
29275,Mystery
29283,Comedy
29283,Sci-Fi
29291,Action
29291,Demons
29291,Music
29293,Dementia
29301,Slice of Life
29301,Drama
29307,Hentai
29307,School
29311,Music
29317,Harem
29317,Comedy
29317,Romance
29317,Ecchi
29323,Slice of Life
29325,Sci-Fi
29325,Police
29325,Psychological
29325,Mecha
29347,Slice of Life
29349,Kids
29349,Slice of Life
29351,Comedy
29351,Kids
29353,Adventure
29353,Fantasy
29353,Music
29355,Music
29355,Kids
29357,Drama
29357,Fantasy
29357,Music
29359,Comedy
29361,Slice of Life
29361,Comedy
29361,Kids
29363,Comedy
29363,Romance
29363,School
29363,Shoujo
29363,Slice of Life
29365,Drama
29365,Kids
29367,Adventure
29367,Kids
29369,Kids
29369,Fantasy
29371,Adventure
29371,Kids
29371,Sci-Fi
29373,Kids
29373,Adventure
29375,Adventure
29375,Comedy
29375,Kids
29375,Mecha
29377,Dementia
29377,Music
29379,Mecha
29381,Dementia
29381,Sci-Fi
29383,Dementia
29383,Sci-Fi
29385,Slice of Life
29385,Kids
29387,Adventure
29387,Kids
29389,Adventure
29389,Kids
29391,Slice of Life
29393,Adventure
29395,Slice of Life
29397,Slice of Life
29399,Adventure
29399,Kids
29401,Kids
29403,Police
29403,Kids
29409,Music
29409,Kids
29411,Music
29411,Kids
29413,Action
29413,Adventure
29413,Fantasy
29413,Magic
29419,Action
29419,Adventure
29419,Comedy
29419,Fantasy
29419,Kids
29421,Adventure
29421,Kids
29423,Adventure
29423,Music
29423,Kids
29425,Adventure
29425,Music
29425,Kids
29427,Adventure
29427,Kids
29427,Fantasy
29429,Adventure
29429,Kids
29429,Magic
29429,Fantasy
29431,Sports
29431,Kids
29433,Kids
29433,Magic
29433,Fantasy
29435,Music
29435,Kids
29437,Action
29437,Police
29437,Comedy
29437,Mystery
29437,Shounen
29445,Comedy
29451,Music
29451,Kids
29453,Music
29453,Kids
29453,Romance
29455,Music
29455,Kids
29457,Music
29457,Kids
29459,Music
29459,Kids
29467,Kids
29467,Adventure
29469,Kids
29469,Slice of Life
29469,Fantasy
29471,Kids
29471,Slice of Life
29473,Kids
29473,Slice of Life
29473,Adventure
29473,Historical
29475,Adventure
29475,Fantasy
29475,Kids
29475,Sci-Fi
29477,Kids
29477,Mecha
29479,Kids
29481,Fantasy
29481,Kids
29483,Kids
29485,Kids
29485,Fantasy
29487,Slice of Life
29487,Kids
29489,Kids
29491,Kids
29491,Fantasy
29493,Kids
29493,Adventure
29495,Kids
29495,Horror
29497,Sci-Fi
29497,Space
29497,Kids
29499,Kids
29499,Fantasy
29501,Kids
29501,Sports
29503,Music
29503,Kids
29505,Adventure
29505,Music
29505,Kids
29507,Kids
29507,Music
29511,Music
29511,Slice of Life
29513,Slice of Life
29513,Music
29513,School
29515,Slice of Life
29515,Comedy
29515,Sci-Fi
29517,Kids
29517,Sci-Fi
29527,Adventure
29527,Demons
29527,Drama
29527,Fantasy
29527,Historical
29527,Kids
29527,Magic
29527,Romance
29527,Samurai
29527,Supernatural
29529,Adventure
29529,Demons
29529,Drama
29529,Fantasy
29529,Historical
29529,Kids
29529,Magic
29529,Romance
29529,Supernatural
29535,Kids
29537,Kids
29537,Fantasy
29539,Kids
29539,Fantasy
29541,Fantasy
29541,Music
29543,Kids
29545,Kids
29545,Fantasy
29547,Kids
29547,Magic
29547,Fantasy
29549,Kids
29549,Fantasy
29551,Fantasy
29555,Historical
29557,Military
29557,Historical
29559,Kids
29573,Hentai
29575,Hentai
29583,Comedy
29583,Sports
29583,School
29583,Shounen
29585,Music
29585,Psychological
29587,Music
29587,Kids
29589,Comedy
29589,Romance
29589,School
29589,Shounen
29597,Comedy
29603,Sports
29605,Action
29605,Martial Arts
29609,Action
29611,Kids
29611,Adventure
29611,Comedy
29611,Super Power
29613,Kids
29613,Adventure
29613,Comedy
29613,Super Power
29615,Romance
29615,Dementia
29615,Music
29617,Dementia
29617,Music
29619,Dementia
29619,Music
29623,Drama
29629,Dementia
29633,Music
29633,Dementia
29635,Comedy
29635,Romance
29637,Drama
29637,Romance
29643,Magic
29645,Dementia
29647,Dementia
29649,Dementia
29651,Samurai
29651,Historical
29651,Drama
29653,Samurai
29653,Historical
29653,Drama
29655,Unknown
29657,Dementia
29661,Dementia
29665,Dementia
29667,Dementia
29669,Dementia
29671,Psychological
29673,Comedy
29675,Drama
29677,Drama
29677,Historical
29679,Demons
29679,Drama
29681,Dementia
29687,Action
29687,Adventure
29687,Comedy
29687,Shounen
29697,Comedy
29697,Sports
29697,School
29697,Shounen
29701,Comedy
29703,Hentai
29705,Hentai
29707,Music
29708,Dementia
29709,Dementia
29710,Music
29710,Dementia
29711,Dementia
29712,Dementia
29713,Dementia
29715,Comedy
29716,Adventure
29716,Space
29716,Drama
29716,Sci-Fi
29718,Drama
29719,Dementia
29722,Comedy
29722,Slice of Life
29727,Adventure
29727,Psychological
29727,Space
29729,Comedy
29730,Hentai
29731,Slice of Life
29731,Comedy
29733,Kids
29733,Adventure
29738,Music
29739,Comedy
29740,Kids
29741,Sci-Fi
29742,Slice of Life
29743,Slice of Life
29744,Music
29745,Kids
29746,Comedy
29747,Kids
29747,Comedy
29748,Kids
29748,Comedy
29749,Comedy
29750,Comedy
29751,Sci-Fi
29751,Comedy
29752,Slice of Life
29752,Comedy
29755,Comedy
29755,Sports
29755,Drama
29755,School
29755,Shounen
29756,Adventure
29757,Kids
29757,Music
29758,Action
29758,Mystery
29758,Comedy
29758,Super Power
29758,Supernatural
29758,Martial Arts
29758,Seinen
29759,Kids
29764,Music
29764,Dementia
29765,Unknown
29766,Dementia
29767,Unknown
29768,Dementia
29770,Music
29771,Dementia
29771,Music
29772,Dementia
29772,Music
29777,Military
29777,Comedy
29777,Dementia
29778,Music
29780,Dementia
29780,Music
29782,Historical
29782,Military
29785,Comedy
29785,Supernatural
29785,Romance
29785,Vampire
29785,Fantasy
29785,School
29785,Shounen
29786,Comedy
29786,Ecchi
29786,School
29787,Slice of Life
29787,Comedy
29791,Kids
29792,Kids
29793,Kids
29795,Kids
29795,Demons
29795,Historical
29796,Kids
29797,Kids
29798,Kids
29799,Kids
29800,Comedy
29800,Kids
29801,Drama
29803,Action
29803,Adventure
29803,Fantasy
29803,Game
29803,Magic
29803,Supernatural
29807,Hentai
29808,Hentai
29809,Hentai
29812,Drama
29814,Kids
29820,Parody
29820,Comedy
29821,Parody
29821,Comedy
29822,Parody
29822,Comedy
29823,Parody
29823,Comedy
29825,Slice of Life
29825,Comedy
29825,Shoujo
29829,Comedy
29829,Drama
29829,Slice of Life
29830,Comedy
29830,Drama
29830,Slice of Life
29831,Comedy
29831,Drama
29831,Slice of Life
29832,Adventure
29832,Kids
29833,Kids
29834,Drama
29834,Sports
29835,Kids
29835,Comedy
29835,Romance
29836,Kids
29836,Comedy
29837,Police
29837,Supernatural
29837,Mystery
29842,Kids
29842,Magic
29842,Comedy
29843,Kids
29843,Comedy
29844,Comedy
29846,Comedy
29846,Kids
29846,Super Power
29850,Action
29851,Comedy
29852,Hentai
29853,Military
29853,School
29854,Action
29854,Adventure
29854,Comedy
29854,Demons
29854,Shounen
29854,Supernatural
29855,Fantasy
29855,Harem
29855,Romance
29855,Shoujo
29856,Music
29856,Kids
29857,Drama
29860,Comedy
29861,Comedy
29862,Comedy
29863,Adventure
29863,Kids
29863,Fantasy
29865,Comedy
29867,Kids
29868,Kids
29868,Magic
29868,Fantasy
29868,Shoujo
29870,Romance
29871,Music
29871,Sci-Fi
29876,Action
29876,Sci-Fi
29876,Comedy
29876,Romance
29876,Fantasy
29876,Mecha
29876,School
29886,Adventure
29886,Fantasy
29888,Kids
29888,Music
29889,Comedy
29893,Sci-Fi
29893,Slice of Life
29893,Fantasy
29893,Shounen
29895,Kids
29897,Historical
29898,Sci-Fi
29900,Drama
29901,Comedy
29901,Kids
29901,Fantasy
29902,Music
29902,Dementia
29904,Psychological
29905,Dementia
29906,Psychological
29907,Dementia
29908,Psychological
29910,Action
29910,Historical
29910,Martial Arts
29910,Fantasy
29915,Hentai
29916,Hentai
29917,Demons
29918,Demons
29919,Kids
29920,Unknown
29921,Unknown
29922,Unknown
29923,Unknown
29924,Kids
29925,Kids
29926,Kids
29927,Historical
29927,Kids
29928,Kids
29929,Kids
29932,Dementia
29933,Music
29935,Action
29935,Historical
29935,Martial Arts
29935,Fantasy
29936,Action
29936,Historical
29936,Martial Arts
29936,Fantasy
29937,Action
29937,Historical
29937,Martial Arts
29937,Fantasy
29941,Music
29943,Dementia
29943,Music
29944,Dementia
29946,Music
29947,Kids
29948,Kids
29949,Dementia
29952,Dementia
29952,Music
29953,Dementia
29953,Music
29954,Dementia
29955,Music
29956,Dementia
29957,Dementia
29961,Action
29961,Martial Arts
29963,Music
29963,Kids
29966,Music
29966,Kids
29970,Music
29970,Kids
29971,Dementia
29972,Dementia
29973,Dementia
29974,Harem
29974,School
29974,Shoujo
29974,Vampire
29975,Action
29975,Sci-Fi
29976,Harem
29976,Demons
29976,Supernatural
29976,Romance
29976,Vampire
29976,Shoujo
29978,Comedy
29979,Slice of Life
29980,Adventure
29980,Dementia
29984,Dementia
29985,Dementia
29986,Dementia
29987,Dementia
29988,Dementia
29989,Dementia
29992,Hentai
29994,Hentai
29995,Dementia
29998,Comedy
29999,Military
29999,Sci-Fi
30010,Mecha
30012,Historical
30013,Comedy
30013,Parody
30014,Comedy
30014,Romance
30014,Slice of Life
30015,Slice of Life
30015,Romance
30015,School
30016,Action
30016,Comedy
30016,Drama
30018,Kids
30019,Kids
30024,Drama
30024,Kids
30025,Super Power
30025,Kids
30026,Comedy
30026,Kids
30027,Adventure
30027,Fantasy
30027,Historical
30027,Kids
30027,Magic
30027,Supernatural
30028,Adventure
30028,Fantasy
30028,Historical
30028,Kids
30028,Magic
30028,Supernatural
30029,Adventure
30029,Comedy
30029,Fantasy
30029,Historical
30029,Kids
30029,Magic
30029,Sci-Fi
30029,Space
30029,Supernatural
30030,Comedy
30030,Fantasy
30030,Magic
30030,Shoujo
30034,Kids
30034,Adventure
30036,Romance
30036,Music
30039,Game
30042,Action
30042,Martial Arts
30045,Drama
30046,Adventure
30046,Comedy
30048,Adventure
30048,Slice of Life
30048,Comedy
30048,Kids
30049,School
30049,Slice of Life
30050,Slice of Life
30050,Comedy
30051,Comedy
30052,Comedy
30053,Slice of Life
30054,School
30055,Unknown
30056,Comedy
30057,Adventure
30057,Comedy
30057,Fantasy
30058,Action
30058,School
30059,Drama
30060,Action
30060,Adventure
30060,Fantasy
30061,Action
30061,Mecha
30061,Shounen
30064,Fantasy
30064,Kids
30065,Music
30065,Historical
30066,Action
30066,Adventure
30066,Police
30066,Mystery
30070,Action
30070,Historical
30071,Kids
30071,Adventure
30072,Historical
30073,Kids
30073,Music
30074,Music
30074,Kids
30075,Music
30075,Kids
30076,Kids
30076,Music
30077,Music
30077,Kids
30078,Kids
30079,Fantasy
30080,Action
30081,Music
30081,Historical
30081,Kids
30082,Music
30082,Kids
30083,Music
30083,Comedy
30083,Kids
30085,Music
30085,Kids
30086,Comedy
30086,Drama
30088,Slice of Life
30089,Comedy
30089,Horror
30090,Comedy
30091,Action
30091,Fantasy
30091,Supernatural
30092,Music
30093,Comedy
30094,Action
30094,Comedy
30095,Action
30095,Comedy
30095,Seinen
30096,Comedy
30096,Historical
30096,Seinen
30097,Action
30097,Comedy
30097,Seinen
30098,Comedy
30098,Seinen
30099,Comedy
30099,Seinen
30100,Fantasy
30103,Music
30103,Magic
30103,Fantasy
30103,Shoujo
30104,Music
30105,Kids
30106,Kids
30107,Adventure
30107,Comedy
30107,Historical
30116,Kids
30117,Kids
30117,Adventure
30118,Kids
30118,Slice of Life
30119,Kids
30120,Adventure
30120,Kids
30121,Adventure
30121,Kids
30122,Comedy
30122,Kids
30122,Parody
30122,Sci-Fi
30122,Space
30122,Super Power
30123,Fantasy
30123,Romance
30123,Drama
30123,Shoujo
30124,Kids
30124,Comedy
30125,Comedy
30127,Comedy
30127,Slice of Life
30128,Hentai
30129,Kids
30131,Kids
30132,Hentai
30133,Drama
30134,Action
30134,Adventure
30137,Action
30137,Super Power
30137,Shounen
30138,Comedy
30139,Kids
30139,Adventure
30139,Comedy
30140,Kids
30140,Adventure
30143,Action
30143,Parody
30143,Comedy
30143,Sci-Fi
30143,Shounen
30144,Comedy
30145,Fantasy
30145,Magic
30145,Supernatural
30145,Demons
30145,Historical
30145,Shoujo
30148,Comedy
30148,Slice of Life
30149,Comedy
30149,Slice of Life
30150,Comedy
30150,Slice of Life
30151,Slice of Life
30151,Comedy
30152,Slice of Life
30152,Comedy
30153,Comedy
30153,Slice of Life
30154,Slice of Life
30154,Comedy
30155,Action
30155,Adventure
30155,Comedy
30155,Fantasy
30156,Comedy
30156,Magic
30156,Shoujo
30157,Music
30157,Kids
30158,Kids
30159,Mecha
30159,Shounen
30160,Music
30160,Kids
30161,Music
30161,Kids
30162,Music
30162,Kids
30163,Music
30163,Kids
30164,Music
30164,Kids
30165,Music
30165,Kids
30165,Romance
30166,Comedy
30166,Fantasy
30166,School
30166,Shounen
30166,Supernatural
30167,Music
30167,Kids
30168,Music
30169,Music
30169,Kids
30173,Action
30173,Comedy
30173,Samurai
30173,Historical
30176,Adventure
30177,Kids
30177,Comedy
30178,Action
30178,Comedy
30178,Super Power
30178,Mystery
30187,Drama
30187,Mystery
30187,Thriller
30191,Action
30191,Mystery
30191,Supernatural
30193,Drama
30196,Romance
30196,School
30196,Shoujo
30198,Kids
30198,Adventure
30199,Music
30199,Kids
30200,Kids
30200,Music
30201,Music
30201,Kids
30202,Music
30204,Historical
30205,Action
30205,Comedy
30205,Sports
30205,Shounen
30206,Comedy
30206,Magic
30206,Fantasy
30207,Music
30207,Kids
30208,Music
30208,Kids
30209,Music
30209,Kids
30210,Dementia
30211,Dementia
30212,Dementia
30213,Dementia
30214,Dementia
30217,Supernatural
30218,Comedy
30218,Music
30223,Horror
30223,Supernatural
30223,School
30223,Seinen
30228,Action
30228,Sci-Fi
30230,Comedy
30230,Sports
30230,School
30230,Shounen
30232,Comedy
30232,Fantasy
30232,Kids
30234,Space
30234,Music
30235,Comedy
30235,School
30237,Ecchi
30240,Comedy
30240,Ecchi
30240,Romance
30240,School
30240,Seinen
30241,Music
30242,Hentai
30243,Hentai
30245,Drama
30246,Comedy
30246,Sci-Fi
30246,Space
30247,Kids
30247,Comedy
30247,Historical
30249,Slice of Life
30249,Drama
30250,Action
30250,Ecchi
30250,School
30250,Shounen
30251,Action
30251,Music
30262,Comedy
30262,Romance
30262,Yaoi
30263,Kids
30263,Fantasy
30264,Kids
30264,Fantasy
30267,Slice of Life
30267,Comedy
30268,Action
30268,Martial Arts
30268,Shounen
30269,Hentai
30276,Action
30276,Sci-Fi
30276,Comedy
30276,Parody
30276,Super Power
30276,Supernatural
30278,Action
30278,Supernatural
30279,Comedy
30279,School
30279,Shoujo Ai
30279,Slice of Life
30284,Kids
30289,Slice of Life
30290,Mystery
30290,Comedy
30290,Super Power
30291,Comedy
30291,Mystery
30291,School
30291,Shounen
30291,Super Power
30292,Game
30292,School
30292,Slice of Life
30296,Action
30296,Romance
30296,Ecchi
30296,Fantasy
30296,School
30298,Magic
30298,Shoujo
30300,Comedy
30300,Demons
30300,Ecchi
30300,Romance
30300,School
30305,Comedy
30307,Harem
30307,Comedy
30307,Romance
30307,Ecchi
30307,Fantasy
30307,Seinen
30309,Slice of Life
30311,Comedy
30311,Sports
30312,Kids
30312,Adventure
30313,Adventure
30313,Comedy
30321,Action
30321,Supernatural
30321,Ecchi
30321,Vampire
30321,Fantasy
30321,School
30321,Shounen
30324,Kids
30324,Supernatural
30326,Dementia
30327,Dementia
30328,Dementia
30329,Dementia
30330,Dementia
30331,Dementia
30332,Dementia
30334,Dementia
30335,Dementia
30336,Dementia
30337,Dementia
30339,Dementia
30340,Dementia
30341,Dementia
30342,Comedy
30342,Kids
30342,Slice of Life
30343,Kids
30343,Adventure
30343,Fantasy
30344,Comedy
30344,Drama
30344,Music
30346,Slice of Life
30346,Romance
30346,School
30346,Shounen Ai
30347,Action
30347,Adventure
30347,Supernatural
30347,Magic
30347,Fantasy
30347,Shounen
30349,Kids
30349,Adventure
30349,Fantasy
30355,Comedy
30355,School
30355,Slice of Life
30358,Slice of Life
30358,School
30360,Adventure
30360,Fantasy
30360,Kids
30362,Sci-Fi
30363,Action
30363,Ecchi
30363,Fantasy
30363,Romance
30363,Harem
30363,Demons
30364,Comedy
30364,Sports
30364,Drama
30364,School
30364,Shounen
30365,Action
30365,Demons
30365,Ecchi
30365,Fantasy
30365,Harem
30365,Romance
30367,Comedy
30370,Action
30370,Comedy
30370,Fantasy
30370,Shoujo
30375,Music
30375,School
30375,Slice of Life
30376,Comedy
30376,School
30376,Slice of Life
30378,Slice of Life
30378,Seinen
30379,Slice of Life
30379,Comedy
30379,Seinen
30381,Mecha
30381,Romance
30381,Sci-Fi
30382,Action
30382,Comedy
30382,Drama
30382,Fantasy
30382,Mecha
30382,Romance
30382,Sci-Fi
30383,Drama
30383,Romance
30383,School
30383,Sci-Fi
30384,Music
30384,Slice of Life
30384,Comedy
30385,Action
30385,Ecchi
30385,Fantasy
30385,Shoujo Ai
30386,Drama
30386,Kids
30386,Slice of Life
30390,Comedy
30390,Samurai
30390,School
30392,Slice of Life
30393,Slice of Life
30394,Slice of Life
30395,Comedy
30396,Dementia
30397,Music
30397,Kids
30398,Comedy
30399,Unknown
30400,Dementia
30401,Dementia
30403,Comedy
30404,Dementia
30405,Music
30405,Kids
30407,Dementia
30408,Dementia
30409,Kids
30409,Fantasy
30410,Action
30410,Adventure
30410,Kids
30411,Comedy
30412,Action
30412,Comedy
30412,Horror
30413,Comedy
30413,Drama
30413,Shounen
30413,Sports
30415,Comedy
30415,Drama
30415,School
30415,Slice of Life
30415,Sports
30417,Comedy
30417,Kids
30418,Dementia
30419,Music
30419,Drama
30420,Sci-Fi
30420,Comedy
30420,Shounen
30424,Music
30425,Music
30427,Music
30428,Music
30429,Music
30430,Music
30431,Music
30433,Music
30435,Unknown
30437,Seinen
30437,Slice of Life
30438,Comedy
30438,Shoujo
30442,Comedy
30443,Comedy
30444,Comedy
30445,Music
30446,Comedy
30447,Adventure
30447,Kids
30448,Sci-Fi
30449,Comedy
30449,Mecha
30449,Sci-Fi
30449,Shounen
30450,Comedy
30450,Sci-Fi
30450,Shounen
30453,Comedy
30453,Sci-Fi
30453,Shounen
30454,Hentai
30455,Action
30455,Military
30455,Sci-Fi
30455,Slice of Life
30455,School
30457,Comedy
30458,Action
30458,Horror
30458,Supernatural
30458,Drama
30458,School
30458,Seinen
30460,Hentai
30463,Horror
30463,Demons
30463,Supernatural
30463,Fantasy
30464,Comedy
30464,Demons
30464,Ecchi
30464,Fantasy
30468,Kids
30468,Fantasy
30470,Comedy
30470,Parody
30470,Super Power
30473,Adventure
30473,Space
30473,Drama
30480,Dementia
30481,Adventure
30481,Space
30481,Drama
30481,Sci-Fi
30483,Adventure
30483,Space
30483,Drama
30483,Sci-Fi
30484,Sci-Fi
30484,Thriller
30485,Sci-Fi
30485,Mystery
30485,Psychological
30485,Supernatural
30489,Parody
30489,Comedy
30489,School
30489,Seinen
30499,Slice of Life
30503,Action
30503,Adventure
30503,Comedy
30503,Supernatural
30503,Shounen
30512,Comedy
30512,Super Power
30512,Seinen
30514,Music
30519,Comedy
30519,Magic
30519,Shoujo
30524,Horror
30524,Mystery
30524,Supernatural
30524,Thriller
30530,Adventure
30530,Comedy
30530,Kids
30530,Music
30531,Comedy
30531,Parody
30531,School
30531,Shounen Ai
30533,Action
30533,Sci-Fi
30533,Mecha
30534,Music
30537,Action
30537,Comedy
30537,Mystery
30537,Super Power
30543,Hentai
30544,Action
30544,Comedy
30544,Ecchi
30544,Fantasy
30544,Harem
30544,Romance
30544,School
30544,Sci-Fi
30544,Supernatural
30547,Magic
30547,Fantasy
30549,Action
30549,Drama
30549,Mecha
30549,Military
30549,Sci-Fi
30556,Comedy
30556,Kids
30559,Dementia
30567,Comedy
30567,Shounen
30567,Sports
30571,Action
30571,Demons
30571,Music
30571,Sci-Fi
30571,Shounen
30573,Action
30576,Music
30582,Kids
30582,Comedy
30582,Music
30583,Hentai
30583,School
30583,Yuri
30585,Drama
30585,School
30585,Sci-Fi
30585,Supernatural
30600,Military
30600,Comedy
30600,Ecchi
30602,Comedy
30602,Music
30605,Comedy
30614,Hentai
30617,Comedy
30625,Comedy
30625,School
30625,Shoujo
30634,Space
30634,Sci-Fi
30641,Comedy
30641,School
30641,Shounen
30646,Comedy
30646,Kids
30647,Romance
30648,Adventure
30648,Comedy
30648,Kids
30649,Slice of Life
30649,Comedy
30651,Slice of Life
30651,Comedy
30652,Slice of Life
30652,Comedy
30652,Sports
30652,Shounen
30654,Action
30654,Comedy
30654,School
30654,Shounen
30658,Hentai
30659,Psychological
30659,Dementia
30659,Horror
30663,Action
30663,Comedy
30663,Magic
30663,Ecchi
30663,Shoujo Ai
30664,Dementia
30665,Dementia
30666,Dementia
30667,Dementia
30668,Dementia
30669,Dementia
30673,Comedy
30679,Action
30679,Adventure
30679,Ecchi
30679,Fantasy
30686,Comedy
30686,Fantasy
30686,Kids
30694,Action
30694,Adventure
30694,Comedy
30694,Super Power
30694,Martial Arts
30694,Fantasy
30694,Shounen
30695,Music
30695,Fantasy
30702,Hentai
30704,Comedy
30705,Slice of Life
30709,Comedy
30709,Demons
30709,Supernatural
30709,Romance
30709,Fantasy
30709,Shoujo
30711,Action
30711,Military
30711,Mecha
30714,Comedy
30714,Police
30714,Supernatural
30714,Vampire
30714,Shounen
30721,Comedy
30721,Sci-Fi
30723,Sports
30723,Comedy
30727,Harem
30727,Comedy
30727,Romance
30727,Ecchi
30727,School
30732,Magic
30732,Slice of Life
30732,Supernatural
30736,Action
30736,Adventure
30736,Demons
30736,Supernatural
30736,Magic
30736,Fantasy
30738,Adventure
30738,Kids
30739,Comedy
30739,Ecchi
30740,Historical
30740,Drama
30740,Seinen
30741,Hentai
30743,Slice of Life
30743,Comedy
30745,Music
30746,Comedy
30746,Magic
30746,Slice of Life
30749,Action
30749,Harem
30749,Supernatural
30749,Romance
30749,Ecchi
30749,Fantasy
30749,Mecha
30749,School
30751,Comedy
30752,Comedy
30752,Parody
30753,Parody
30753,Comedy
30754,Comedy
30754,Parody
30757,Action
30757,Game
30757,Fantasy
30759,Drama
30759,Kids
30760,Kids
30760,Drama
30761,Fantasy
30761,Kids
30762,Slice of Life
30763,Drama
30763,Kids
30764,Drama
30764,Kids
30765,Drama
30765,Kids
30766,Cars
30767,Action
30767,Adventure
30767,Comedy
30767,Sci-Fi
30770,Harem
30770,Hentai
30771,Music
30771,Slice of Life
30771,Drama
30771,Romance
30777,Comedy
30777,Supernatural
30778,Action
30778,Adventure
30778,Comedy
30778,Magic
30778,Fantasy
30778,Shounen
30781,Comedy
30782,Comedy
30782,Ecchi
30782,Fantasy
30782,Parody
30790,Drama
30790,Shounen
30790,Sports
30795,Comedy
30795,Seinen
30795,Slice of Life
30796,Comedy
30803,Kids
30803,Slice of Life
30803,Comedy
30803,School
30806,Action
30806,Military
30806,Sci-Fi
30806,Historical
30806,Drama
30806,Mecha
30812,Hentai
30812,Magic
30813,Comedy
30813,Romance
30813,School
30814,Dementia
30817,Hentai
30818,Action
30818,Mystery
30818,Comedy
30818,Police
30825,Horror
30825,Mystery
30825,Supernatural
30826,Slice of Life
30826,Comedy
30829,Music
30829,Slice of Life
30829,School
30831,Adventure
30831,Comedy
30831,Fantasy
30831,Magic
30831,Parody
30831,Supernatural
30839,Action
30839,Historical
30839,Sci-Fi
30839,Shounen
30840,Parody
30840,Comedy
30840,Mecha
30842,School
30842,Shoujo
30845,Music
30845,Shoujo
30850,Sci-Fi
30850,Space
30851,Slice of Life
30851,Parody
30851,Mecha
30859,Dementia
30860,Music
30860,Comedy
30860,Dementia
30861,Unknown
30862,Unknown
30863,Dementia
30864,Dementia
30865,Kids
30868,Action
30868,Horror
30868,Mystery
30868,Seinen
30868,Supernatural
30869,Action
30869,Horror
30869,Mystery
30869,Seinen
30869,Supernatural
30870,Action
30870,Horror
30870,Mystery
30870,Seinen
30870,Supernatural
30873,Action
30873,Fantasy
30873,Magic
30873,Comedy
30873,Mecha
30873,Sci-Fi
30873,Shounen
30875,Comedy
30875,Kids
30875,School
30875,Sci-Fi
30875,Slice of Life
30885,Action
30885,Adventure
30885,Comedy
30885,Shounen
30885,Supernatural
30886,Music
30891,Hentai
30892,Cars
30892,Kids
30893,Comedy
30895,Music
30895,Slice of Life
30895,Mystery
30895,Romance
30895,School
30896,Comedy
30898,Hentai
30901,Action
30901,Drama
30901,Fantasy
30902,Slice of Life
30902,Comedy
30902,Shoujo Ai
30903,Music
30905,Comedy
30906,Kids
30906,Slice of Life
30907,Music
30907,Slice of Life
30907,Drama
30907,Romance
30909,Adventure
30909,Music
30909,Romance
30909,Fantasy
30911,Action
30911,Adventure
30911,Magic
30911,Fantasy
30912,Comedy
30912,Mecha
30912,Parody
30913,Music
30913,Psychological
30913,Sci-Fi
30914,Sports
30914,Kids
30915,Action
30915,Fantasy
30915,Shounen
30915,Super Power
30915,Supernatural
30915,Vampire
30916,Action
30919,Slice of Life
30919,Fantasy
30919,Comedy
30920,Sci-Fi
30921,Supernatural
30922,Supernatural
30922,Fantasy
30923,Fantasy
30924,Music
30924,Psychological
30924,School
30925,Sci-Fi
30925,Adventure
30926,Drama
30926,Kids
30927,Drama
30927,Fantasy
30927,Kids
30928,Drama
30928,Kids
30929,Drama
30929,Fantasy
30929,Kids
30930,Drama
30930,Kids
30931,Drama
30931,Fantasy
30931,Kids
30932,Kids
30932,Drama
30932,Fantasy
30933,Drama
30933,Fantasy
30933,Kids
30935,Drama
30938,Drama
30939,Drama
30939,School
30940,Drama
30940,Kids
30941,Drama
30941,Kids
30942,Kids
30942,Historical
30943,Drama
30943,Kids
30944,Adventure
30944,Drama
30944,Kids
30947,Historical
30947,Supernatural
30948,Horror
30952,Cars
30952,Seinen
30952,Sports
30953,Comedy
30954,Comedy
30954,Parody
30954,Ecchi
30954,Fantasy
30955,Ecchi
30957,Fantasy
30957,Historical
30958,Kids
30958,Supernatural
30959,Kids
30959,Super Power
30960,Horror
30960,Sci-Fi
30961,Slice of Life
30965,Action
30965,Adventure
30965,Historical
30965,Martial Arts
30965,Samurai
30967,Horror
30967,Supernatural
30967,Fantasy
30968,Kids
30968,Sports
30969,Kids
30970,Demons
30970,Drama
30970,Fantasy
30970,Historical
30970,Kids
30970,Magic
30970,Romance
30970,Samurai
30970,Supernatural
30971,Slice of Life
30973,Historical
30974,Drama
30974,Kids
30975,Drama
30975,Historical
30975,Kids
30976,Drama
30976,Kids
30977,Drama
30977,Kids
30978,Drama
30978,Kids
30979,Drama
30979,Fantasy
30979,Historical
30979,Kids
30980,Drama
30980,Kids
30981,Drama
30981,Kids
30982,Drama
30982,Kids
30983,Historical
30983,Kids
30984,Historical
30984,Kids
30985,Drama
30985,Kids
30988,Slice of Life
30988,Comedy
30988,Seinen
30989,Comedy
30991,Slice of Life
30991,Comedy
30991,School
30991,Seinen
30997,Drama
30997,Kids
30998,Drama
30998,Kids
30998,Sports
30999,Drama
30999,Kids
31000,Drama
31000,Kids
31001,Drama
31001,Kids
31002,Drama
31002,Kids
31003,Drama
31003,Kids
31004,Drama
31004,Kids
31005,Drama
31005,Historical
31005,Kids
31007,Drama
31007,Kids
31008,Drama
31008,Kids
31009,Drama
31009,Kids
31014,Action
31014,Horror
31015,Drama
31015,Historical
31015,Kids
31016,Drama
31016,Historical
31016,Kids
31017,Kids
31017,Historical
31017,Drama
31018,Comedy
31018,Parody
31018,School
31018,Seinen
31019,Slice of Life
31019,Comedy
31020,Comedy
31020,Slice of Life
31033,Comedy
31034,Comedy
31035,Action
31035,Comedy
31043,Mystery
31043,Psychological
31043,Supernatural
31043,Seinen
31044,Fantasy
31044,Kids
31044,Magic
31044,Slice of Life
31048,Music
31049,Action
31049,Sci-Fi
31049,Adventure
31049,Sports
31049,Shounen
31050,Action
31050,Sci-Fi
31050,Super Power
31050,Demons
31050,Supernatural
31050,Shounen
31051,Action
31051,Sports
31051,School
31051,Shounen
31052,Adventure
31052,Comedy
31052,Shounen
31054,Comedy
31055,Music
31055,Slice of Life
31055,School
31055,Shoujo
31056,Comedy
31056,Magic
31056,Ecchi
31057,Fantasy
31064,Action
31064,Sci-Fi
31065,Action
31065,Sci-Fi
31068,Magic
31068,Shoujo
31070,Action
31070,Comedy
31070,Fantasy
31071,Comedy
31072,Comedy
31072,Music
31073,Comedy
31078,Unknown
31080,Slice of Life
31080,Comedy
31080,School
31091,Slice of Life
31091,Comedy
31091,School
31096,Comedy
31096,Music
31096,School
31098,Action
31098,Adventure
31098,Comedy
31098,Demons
31098,Supernatural
31098,Shounen
31101,Hentai
31102,Game
31105,Action
31105,Mecha
31105,Sci-Fi
31107,Slice of Life
31108,Music
31109,Comedy
31109,Romance
31109,School
31109,Shoujo
31111,Kids
31111,Slice of Life
31113,Action
31113,Sci-Fi
31113,Adventure
31113,Mecha
31115,Comedy
31115,Parody
31116,Action
31116,Comedy
31116,Kids
31116,Parody
31116,Super Power
31117,Hentai
31118,Harem
31118,Hentai
31118,Demons
31118,Supernatural
31118,School
31121,Slice of Life
31121,Comedy
31128,Action
31128,Adventure
31128,Drama
31128,Fantasy
31128,Historical
31128,Supernatural
31129,Drama
31133,Action
31133,Demons
31133,Fantasy
31135,Dementia
31137,Action
31137,Magic
31137,Martial Arts
31138,Action
31138,Comedy
31138,Magic
31138,Fantasy
31139,Slice of Life
31139,Comedy
31143,Slice of Life
31143,Comedy
31144,Slice of Life
31145,Comedy
31145,Military
31147,Action
31147,Demons
31147,Drama
31147,Fantasy
31147,Mystery
31147,Sci-Fi
31147,Super Power
31147,Supernatural
31149,Action
31149,Supernatural
31149,Fantasy
31150,Adventure
31150,Comedy
31150,Kids
31156,Action
31156,Drama
31156,Magic
31156,Fantasy
31156,School
31157,Comedy
31157,Music
31158,Comedy
31158,Historical
31158,Parody
31163,Action
31163,Sci-Fi
31163,Seinen
31164,Slice of Life
31164,Kids
31164,Supernatural
31165,Drama
31166,Music
31168,Action
31168,Fantasy
31168,Kids
31170,Action
31170,Comedy
31173,Drama
31173,Romance
31173,Fantasy
31173,Shoujo
31174,Comedy
31174,Parody
31177,Sports
31178,Harem
31178,Music
31178,Comedy
31178,Romance
31178,Shoujo
31181,Mystery
31181,Comedy
31181,Supernatural
31181,Vampire
31189,Hentai
31196,Action
31196,Game
31196,Shounen
31201,Adventure
31201,Comedy
31201,Fantasy
31201,Kids
31201,Shounen
31202,Slice of Life
31202,Comedy
31202,Kids
31202,School
31205,Adventure
31205,Fantasy
31211,Action
31211,Kids
31211,Sports
31211,Comedy
31221,Mystery
31221,School
31223,Action
31223,Game
31223,Sci-Fi
31223,School
31227,Mystery
31227,Shounen
31229,Action
31229,Comedy
31229,Supernatural
31229,Drama
31229,Vampire
31229,Josei
31231,Adventure
31231,Kids
31231,Fantasy
31233,Action
31233,Game
31233,Adventure
31233,Comedy
31233,Parody
31234,Comedy
31234,Seinen
31234,Slice of Life
31235,Drama
31235,Historical
31236,Adventure
31236,Fantasy
31236,Shoujo
31237,Comedy
31237,Sports
31238,Sci-Fi
31238,Adventure
31238,Comedy
31238,Kids
31239,Music
31239,Comedy
31240,Psychological
31240,Drama
31240,Thriller
31240,Fantasy
31244,Slice of Life
31245,Romance
31245,School
31246,Adventure
31246,Fantasy
31251,Action
31251,Drama
31251,Mecha
31251,Sci-Fi
31251,Space
31252,Slice of Life
31252,Music
31255,Comedy
31255,School
31257,Dementia
31258,Dementia
31259,Dementia
31261,Dementia
31262,Dementia
31263,Dementia
31264,Dementia
31265,Dementia
31266,Dementia
31267,Dementia
31268,Dementia
31269,Dementia
31280,Game
31280,Psychological
31283,Comedy
31283,Parody
31283,Ecchi
31283,Fantasy
31289,Action
31289,Adventure
31289,Comedy
31289,Super Power
31289,Drama
31289,Fantasy
31289,Shounen
31297,Action
31297,Drama
31297,Horror
31297,Mystery
31297,Psychological
31297,Supernatural
31298,Comedy
31298,School
31299,Fantasy
31299,Historical
31300,Music
31302,Comedy
31302,Sci-Fi
31309,Dementia
31310,Comedy
31317,Comedy
31318,Action
31318,Adventure
31318,Fantasy
31318,Mecha
31319,Romance
31319,School
31319,Shoujo
31321,Kids
31321,Historical
31321,Drama
31324,Ecchi
31326,Comedy
31326,Ecchi
31327,Ecchi
31327,School
31327,Shounen
31331,Hentai
31331,Space
31338,Action
31338,Sci-Fi
31338,Harem
31338,Romance
31338,Ecchi
31338,Mecha
31338,School
31339,Action
31339,Adventure
31339,Comedy
31339,Historical
31339,Samurai
31339,Fantasy
31339,Seinen
31344,Comedy
31348,Kids
31348,Fantasy
31361,Comedy
31361,Slice of Life
31362,Drama
31362,Supernatural
31362,Thriller
31368,Ecchi
31369,Comedy
31369,Music
31370,Music
31370,Comedy
31370,Shounen
31373,Adventure
31373,Kids
31374,Comedy
31374,Parody
31374,School
31374,Shounen
31376,Slice of Life
31376,Comedy
31376,Supernatural
31376,Magic
31376,Shounen
31377,Slice of Life
31377,Supernatural
31378,Action
31378,Military
31378,Supernatural
31378,Drama
31378,Vampire
31378,Shounen
31380,Sci-Fi
31380,Harem
31380,Comedy
31380,Romance
31380,Ecchi
31380,School
31380,Shounen
31387,Drama
31387,Shoujo
31389,Action
31389,Fantasy
31389,Magic
31389,Supernatural
31397,Hentai
31400,Hentai
31401,Hentai
31402,Action
31402,Fantasy
31402,Sci-Fi
31403,Hentai
31403,Fantasy
31404,Game
31404,Comedy
31404,Romance
31404,Ecchi
31404,School
31405,Military
31405,Historical
31405,Drama
31410,Game
31410,Slice of Life
31410,Comedy
31410,Parody
31414,Comedy
31414,Romance
31414,School
31414,Shoujo
31414,Slice of Life
31417,Slice of Life
31417,Comedy
31417,Parody
31417,Magic
31417,School
31418,Action
31418,Military
31418,Sci-Fi
31418,Drama
31422,Sports
31422,School
31422,Shounen
31424,Hentai
31424,Supernatural
31424,Demons
31424,Horror
31426,Comedy
31426,School
31426,Slice of Life
31427,Action
31427,Adventure
31427,Comedy
31427,Super Power
31427,Demons
31427,Magic
31430,Action
31430,Sci-Fi
31430,Space
31430,Horror
31430,Drama
31430,Seinen
31433,Action
31433,Drama
31433,Military
31433,Sci-Fi
31433,Space
31436,Comedy
31436,Seinen
31439,Comedy
31439,School
31440,Comedy
31440,Shounen
31440,Sports
31442,Action
31442,Comedy
31442,Fantasy
31442,Slice of Life
31442,Supernatural
31445,Comedy
31445,Parody
31445,School
31445,Seinen
31448,Comedy
31448,Magic
31450,Dementia
31450,Music
31452,Sci-Fi
31452,Adventure
31452,Romance
31452,Fantasy
31452,Josei
31454,Action
31454,Mecha
31454,Sci-Fi
31454,Space
31456,Military
31456,Harem
31456,Historical
31456,Romance
31456,Fantasy
31456,Josei
31463,Drama
31463,Slice of Life
31464,Comedy
31464,Sports
31465,Sports
31465,Comedy
31467,Action
31467,Mecha
31471,Comedy
31471,Shoujo
31476,Fantasy
31476,Psychological
31478,Action
31478,Comedy
31478,Mystery
31478,Seinen
31478,Super Power
31478,Supernatural
31483,Drama
31483,Fantasy
31483,Romance
31483,Shoujo
31485,Music
31485,School
31485,Shoujo
31485,Slice of Life
31486,Mystery
31486,Comedy
31486,Super Power
31490,Action
31490,Adventure
31490,Comedy
31490,Drama
31490,Fantasy
31490,Shounen
31491,Comedy
31491,Ecchi
31491,Romance
31491,School
31491,Seinen
31491,Sports
31493,Action
31493,Adventure
31493,Fantasy
31494,Parody
31494,Comedy
31494,Mecha
31498,Slice of Life
31498,Comedy
31498,School
31499,Comedy
31499,Historical
31499,Supernatural
31499,Romance
31500,Action
31500,Military
31500,School
31501,Music
31501,Dementia
31505,Action
31505,Samurai
31506,Fantasy
31507,Fantasy
31508,Unknown
31509,Unknown
31510,Music
31511,Unknown
31512,Slice of Life
31513,Comedy
31517,Comedy
31517,Parody
31518,Harem
31518,Hentai
31518,School
31519,Comedy
31519,Sports
31521,Romance
31530,Sci-Fi
31530,School
31534,Comedy
31537,Demons
31537,Fantasy
31537,Magic
31537,Supernatural
31539,Comedy
31540,Music
31540,Comedy
31547,Historical
31549,Comedy
31549,Slice of Life
31551,Slice of Life
31551,Comedy
31551,Seinen
31552,Action
31552,Mystery
31552,Supernatural
31553,Super Power
31553,Drama
31553,School
31555,Comedy
31559,Sports
31559,Drama
31559,School
31560,Music
31560,Slice of Life
31560,Comedy
31561,Action
31561,Drama
31561,Seinen
31562,Kids
31563,Historical
31564,Slice of Life
31564,Comedy
31564,School
31566,Comedy
31568,Music
31573,Adventure
31573,Music
31575,Action
31575,Drama
31575,Sports
31578,Comedy
31580,Action
31580,Mystery
31580,Horror
31580,Supernatural
31580,Seinen
31581,Comedy
31581,Sci-Fi
31581,Slice of Life
31581,Sports
31582,Dementia
31583,Dementia
31584,Dementia
31585,Dementia
31586,Dementia
31587,Dementia
31588,School
31588,Seinen
31588,Sports
31592,Action
31592,Adventure
31592,Comedy
31592,Kids
31592,Fantasy
31593,Action
31593,Adventure
31593,Mystery
31593,Magic
31593,Fantasy
31598,Action
31598,Fantasy
31598,Shounen
31599,Slice of Life
31599,Mystery
31599,Comedy
31603,Comedy
31604,Comedy
31608,Comedy
31608,School
31608,Shounen
31608,Sports
31610,Comedy
31610,Supernatural
31610,Romance
31610,School
31610,Shounen
31617,Sci-Fi
31617,Police
31617,Seinen
31618,School
31618,Slice of Life
31621,Comedy
31621,Slice of Life
31624,Kids
31629,Adventure
31629,Fantasy
31630,Comedy
31630,Drama
31630,Mystery
31630,Police
31631,Fantasy
31633,Comedy
31633,Police
31634,Horror
31636,Comedy
31636,Shounen
31636,Slice of Life
31637,Action
31637,Military
31637,Adventure
31637,Fantasy
31638,Kids
31638,Comedy
31639,Kids
31639,Music
31640,Adventure
31640,Kids
31641,Music
31642,Kids
31642,Comedy
31642,School
31643,Comedy
31643,Kids
31643,Slice of Life
31644,Comedy
31645,Action
31645,Supernatural
31645,Fantasy
31646,Drama
31646,Game
31646,Seinen
31646,Slice of Life
31647,Comedy
31647,Parody
31652,Demons
31652,Hentai
31652,Supernatural
31658,Sports
31658,School
31658,Shounen
31662,Music
31665,Drama
31665,Music
31665,School
31667,Comedy
31667,Parody
31667,Fantasy
31668,Comedy
31668,Sports
31668,School
31668,Shounen
31669,Comedy
31669,Shounen
31670,Adventure
31670,Comedy
31670,Mystery
31670,Shounen
31672,Kids
31672,Slice of Life
31672,Adventure
31672,Fantasy
31672,Comedy
31673,Comedy
31674,Comedy
31675,Comedy
31675,Fantasy
31675,Game
31675,Shounen
31676,Action
31676,Fantasy
31676,Supernatural
31676,Demons
31678,Action
31678,Adventure
31678,Magic
31678,Fantasy
31680,Slice of Life
31680,Comedy
31680,Drama
31680,Romance
31680,Shounen Ai
31683,Slice of Life
31683,Comedy
31685,Comedy
31685,Ecchi
31686,Comedy
31686,Dementia
31687,Dementia
31687,Music
31688,Dementia
31688,Music
31689,Dementia
31690,Comedy
31691,Comedy
31691,Historical
31691,Kids
31692,Historical
31693,Sports
31694,Music
31694,Kids
31695,Kids
31695,Music
31696,Slice of Life
31697,Slice of Life
31698,Kids
31698,Cars
31699,Comedy
31699,Parody
31700,Action
31700,Kids
31700,Martial Arts
31701,Historical
31701,Kids
31704,Action
31704,Sci-Fi
31704,Comedy
31704,Parody
31704,Super Power
31704,Supernatural
31706,Action
31706,Comedy
31706,Fantasy
31706,Magic
31710,Action
31710,Sci-Fi
31710,Fantasy
31711,Comedy
31711,Ecchi
31711,Harem
31711,Romance
31711,School
31711,Sci-Fi
31711,Shounen
31715,Comedy
31715,Romance
31715,Seinen
31715,Slice of Life
31716,Action
31716,Comedy
31716,Supernatural
31716,Romance
31716,School
31722,Action
31722,Adventure
31722,Ecchi
31722,Fantasy
31722,Magic
31722,Shounen
31722,Supernatural
31730,Music
31733,Demons
31733,Magic
31733,Romance
31733,Shoujo
31736,Action
31736,Ecchi
31736,Fantasy
31736,Shoujo Ai
31737,Sci-Fi
31737,Harem
31737,Comedy
31737,Supernatural
31737,Romance
31737,Ecchi
31737,Fantasy
31737,School
31738,Comedy
31738,School
31738,Shoujo
31740,Hentai
31741,Action
31741,Adventure
31741,Fantasy
31741,Magic
31741,Shounen
31746,Comedy
31746,Kids
31747,Comedy
31747,Kids
31749,Mecha
31750,Action
31750,Adventure
31750,Comedy
31750,Kids
31750,Fantasy
31753,Kids
31753,Slice of Life
31754,Action
31754,Comedy
31754,Shounen
31756,Action
31756,Drama
31756,Shounen
31756,Supernatural
31756,Vampire
31757,Action
31757,Mystery
31757,Supernatural
31757,Vampire
31758,Action
31758,Mystery
31758,Supernatural
31758,Vampire
31759,Dementia
31760,Unknown
31761,Comedy
31761,Dementia
31762,Music
31762,Sports
31762,Shoujo
31763,Action
31763,Game
31763,Sci-Fi
31763,Romance
31763,School
31764,Action
31764,Adventure
31764,Fantasy
31764,Military
31765,Action
31765,Game
31765,Adventure
31765,Romance
31765,Fantasy
31769,Historical
31771,Slice of Life
31771,Comedy
31771,School
31771,Shounen
31772,Action
31772,Sci-Fi
31772,Comedy
31772,Parody
31772,Super Power
31772,Supernatural
31777,Slice of Life
31777,Seinen
31780,Music
31783,Comedy
31783,Sports
31783,Drama
31783,Shounen
31785,Action
31785,Drama
31785,Historical
31785,Romance
31785,Samurai
31785,Supernatural
31788,Hentai
31789,Hentai
31790,Comedy
31790,Mecha
31790,Police
31790,Sci-Fi
31793,Comedy
31793,Magic
31797,Comedy
31797,Ecchi
31797,Harem
31797,Romance
31797,School
31798,Sci-Fi
31798,Drama
31798,Romance
31804,Slice of Life
31804,Comedy
31804,Seinen
31807,Comedy
31810,Hentai
31812,Action
31812,Mystery
31812,Comedy
31812,Historical
31812,Demons
31812,Supernatural
31812,Shounen
31815,Magic
31815,Fantasy
31815,Shounen Ai
31821,Action
31821,Adventure
31821,Historical
31821,Supernatural
31821,Drama
31821,Fantasy
31821,Shounen
31827,Adventure
31827,Comedy
31827,Fantasy
31829,Adventure
31830,Music
31831,Unknown
31832,Unknown
31833,Unknown
31834,Unknown
31838,Action
31838,Adventure
31838,Fantasy
31845,Action
31845,Sci-Fi
31845,Harem
31845,Comedy
31845,Romance
31845,Ecchi
31845,Fantasy
31845,School
31846,Game
31846,School
31848,Slice of Life
31848,Comedy
31848,Romance
31851,Ecchi
31851,Fantasy
31851,Magic
31853,Action
31853,Horror
31853,Sci-Fi
31859,Action
31859,Adventure
31859,Drama
31859,Fantasy
31861,Action
31861,Sci-Fi
31861,Harem
31861,Space
31861,Comedy
31861,Shounen
31865,Comedy
31865,Romance
31865,School
31866,Action
31866,Adventure
31866,Sci-Fi
31867,School
31868,Adventure
31868,Comedy
31872,Music
31872,Kids
31873,Music
31873,Kids
31874,Music
31874,Kids
31878,Music
31878,Kids
31880,Music
31882,Music
31882,Kids
31883,Cars
31883,Seinen
31883,Slice of Life
31883,Sports
31884,Action
31884,Slice of Life
31884,Magic
31884,Fantasy
31884,School
31884,Shoujo
31885,Hentai
31886,Hentai
31886,School
31890,Comedy
31890,Magic
31890,Parody
31892,Adventure
31892,Fantasy
31892,Historical
31893,Adventure
31893,Fantasy
31893,Historical
31894,Music
31898,Kids
31898,Cars
31898,Comedy
31903,Comedy
31903,Historical
31903,Shounen
31904,Action
31904,Shounen
31904,Super Power
31908,Music
31909,Comedy
31909,Slice of Life
31911,Adventure
31911,Fantasy
31911,Kids
31912,Action
31912,Fantasy
31912,Historical
31914,School
31918,Comedy
31918,Parody
31918,Shounen
31919,Music
31919,Slice of Life
31919,School
31919,Shoujo
31923,Comedy
31923,Mystery
31923,School
31923,Super Power
31924,Kids
31925,Music
31925,Romance
31926,Music
31927,Action
31927,Adventure
31927,Fantasy
31931,Action
31931,Mecha
31931,Military
31933,Action
31933,Adventure
31933,Comedy
31933,Supernatural
31933,Drama
31933,Shounen
31941,Adventure
31941,Dementia
31941,Fantasy
31942,Music
31942,Sports
31942,Kids
31948,Action
31948,Drama
31952,Comedy
31952,Romance
31952,School
31952,Seinen
31953,Game
31953,Slice of Life
31953,Comedy
31964,Action
31964,Comedy
31964,School
31964,Shounen
31964,Super Power
31965,Comedy
31965,Magic
31965,Shoujo
31966,Action
31966,Seinen
31966,Supernatural
31967,Comedy
31967,Ecchi
31967,Fantasy
31971,Slice of Life
31972,Historical
31973,Action
31973,Military
31973,Sci-Fi
31973,Space
31973,Drama
31973,Mecha
31977,Slice of Life
31977,Romance
31977,Music
31977,Drama
31978,Comedy
31978,Seinen
31980,Comedy
31980,Romance
31980,Ecchi
31980,Shounen
31984,Parody
31984,Comedy
31988,Music
31988,School
31988,Drama
31989,Music
31989,School
31994,Dementia
31994,Horror
31994,Supernatural
31995,Hentai
31995,School
31997,Comedy
31997,Historical
31997,Parody
32005,Action
32005,Mystery
32005,Police
32005,Shounen
32010,Comedy
32010,Slice of Life
32011,Fantasy
32011,Historical
32011,Josei
32011,Samurai
32012,Fantasy
32012,Music
32013,Slice of Life
32013,Comedy
32013,School
32014,Action
32014,Comedy
32014,Fantasy
32014,Kids
32015,Action
32015,Mystery
32015,Horror
32015,Supernatural
32015,Seinen
32016,Hentai
32016,Comedy
32016,Supernatural
32016,Fantasy
32023,Action
32023,Sci-Fi
32023,Drama
32023,Mecha
32026,Comedy
32026,Parody
32030,Music
32031,Music
32032,Sci-Fi
32034,Action
32034,Military
32034,Sci-Fi
32034,Drama
32034,Mecha
32038,Music
32038,Comedy
32039,Music
32039,Comedy
32041,Fantasy
32051,Action
32051,Adventure
32051,Comedy
32051,Super Power
32051,Fantasy
32051,Shounen
32058,Cars
32059,Action
32059,Sci-Fi
32063,Hentai
32065,Comedy
32071,Action
32071,Sci-Fi
32071,Horror
32071,Psychological
32071,Supernatural
32071,Drama
32071,Ecchi
32071,Seinen
32073,Kids
32073,Music
32074,Music
32074,Kids
32083,Action
32083,Fantasy
32084,Game
32084,Comedy
32084,School
32086,Action
32086,Sci-Fi
32086,Psychological
32086,Drama
32086,Mecha
32086,Seinen
32087,Comedy
32088,Comedy
32088,Historical
32092,Sci-Fi
32092,Music
32093,Slice of Life
32093,Comedy
32093,School
32094,Comedy
32094,Magic
32094,Fantasy
32105,Action
32105,Supernatural
32105,Romance
32105,Fantasy
32105,Shounen
32107,Comedy
32107,Slice of Life
32108,Action
32108,Adventure
32108,Comedy
32108,Drama
32122,Action
32122,Comedy
32122,Historical
32122,Parody
32122,Samurai
32122,Shounen
32133,Kids
32136,Action
32136,Adventure
32136,Comedy
32139,Music
32139,Dementia
32139,Psychological
32142,Comedy
32142,Slice of Life
32143,Slice of Life
32143,Comedy
32143,Supernatural
32144,Slice of Life
32145,Comedy
32145,Slice of Life
32146,Comedy
32146,Slice of Life
32147,Comedy
32147,Slice of Life
32148,Slice of Life
32148,Comedy
32149,Comedy
32149,Slice of Life
32150,Action
32151,Sci-Fi
32151,Music
32151,Slice of Life
32151,Comedy
32152,Game
32152,Fantasy
32153,Drama
32153,Magic
32153,Psychological
32153,Thriller
32158,Comedy
32158,Parody
32158,Mecha
32160,Action
32160,Music
32160,Comedy
32160,Magic
32160,Fantasy
32160,Shoujo
32166,Kids
32166,Music
32167,Music
32167,Kids
32171,Adventure
32171,Magic
32171,Fantasy
32171,School
32174,Comedy
32174,Drama
32174,Music
32175,Comedy
32175,Shoujo
32175,Slice of Life
32182,Action
32182,Slice of Life
32182,Comedy
32182,Supernatural
32188,Sci-Fi
32188,Thriller
32189,Action
32189,Mystery
32189,Horror
32189,Psychological
32190,Slice of Life
32190,Sports
32191,Supernatural
32195,Hentai
32197,Comedy
32202,Magic
32202,Music
32202,Romance
32202,School
32212,Music
32212,School
32214,Action
32214,Sci-Fi
32214,Comedy
32214,Ecchi
32215,Action
32215,Ecchi
32215,Comedy
32215,Harem
32215,Romance
32215,Demons
32215,School
32218,Action
32218,Sci-Fi
32218,Adventure
32218,Romance
32218,Mecha
32219,Action
32219,Adventure
32219,Music
32221,Cars
32221,Police
32221,Kids
32222,Comedy
32222,Kids
32222,Supernatural
32224,Drama
32224,Kids
32225,Kids
32225,Music
32226,Dementia
32226,Kids
32227,Kids
32228,Comedy
32228,Shounen
32228,Sports
32229,Kids
32229,Music
32230,Adventure
32230,Fantasy
32233,Music
32237,Comedy
32237,Fantasy
32237,Magic
32238,Hentai
32239,Hentai
32240,Military
32240,Comedy
32240,Ecchi
32245,Action
32245,Sci-Fi
32245,Mecha
32247,Action
32247,Adventure
32247,Psychological
32247,Supernatural
32248,Action
32248,Historical
32248,Super Power
32248,Samurai
32251,Slice of Life
32252,Comedy
32253,Kids
32254,Game
32254,Kids
32255,Drama
32255,Kids
32256,Fantasy
32256,Magic
32256,Music
32256,Romance
32256,School
32256,Sci-Fi
32256,Shoujo
32257,Fantasy
32257,Magic
32257,Shoujo
32259,Parody
32259,Shoujo
32259,Slice of Life
32262,Harem
32262,Comedy
32262,Supernatural
32262,Romance
32262,Ecchi
32262,School
32264,Music
32264,Romance
32267,Hentai
32268,Comedy
32268,Mystery
32268,Supernatural
32269,Action
32269,Adventure
32269,Fantasy
32270,Action
32270,Adventure
32270,Fantasy
32271,Action
32271,Military
32271,Super Power
32271,Magic
32274,Comedy
32275,Comedy
32276,Comedy
32281,Romance
32281,Supernatural
32281,School
32281,Drama
32282,Ecchi
32282,School
32282,Shounen
32287,Romance
32287,Supernatural
32287,Drama
32287,Shoujo Ai
32288,Fantasy
32289,Action
32289,Sci-Fi
32289,Music
32291,Drama
32293,Music
32294,Romance
32295,Action
32296,Action
32296,Music
32297,Music
32297,Fantasy
32298,Action
32298,Samurai
32301,Sci-Fi
32301,Comedy
32301,Police
32301,Mecha
32309,Slice of Life
32309,Drama
32310,Comedy
32311,Action
32311,Drama
32311,Mecha
32311,Music
32311,Sci-Fi
32313,Action
32313,Sci-Fi
32313,Mystery
32313,Super Power
32313,Demons
32313,Supernatural
32313,Drama
32313,Fantasy
32316,Comedy
32316,Parody
32316,Magic
32321,Action
32321,Adventure
32321,Comedy
32321,Seinen
32322,Music
32322,Kids
32323,Harem
32323,Comedy
32323,Romance
32323,School
32324,Sports
32324,Shounen
32338,Music
32343,Music
32343,Fantasy
32344,Music
32345,Music
32346,Music
32346,Fantasy
32349,Comedy
32349,Kids
32353,Slice of Life
32353,Comedy
32355,Hentai
32359,Action
32359,Adventure
32359,Fantasy
32359,Kids
32360,Action
32360,Magic
32360,Supernatural
32365,Action
32365,Comedy
32365,Super Power
32365,Martial Arts
32365,Shounen
32366,Comedy
32366,Parody
32369,Adventure
32369,Fantasy
32369,Historical
32370,Action
32370,Adventure
32370,Super Power
32370,Demons
32370,Shounen
32376,Mystery
32376,Shounen
32377,Action
32379,Action
32379,Adventure
32379,Demons
32379,Drama
32379,Fantasy
32379,Horror
32379,Military
32379,Romance
32379,Seinen
32379,Supernatural
32380,Adventure
32380,Comedy
32380,Supernatural
32380,Magic
32380,Fantasy
32382,Drama
32383,Comedy
32383,Parody
32384,Cars
32384,Music
32385,Action
32385,Mecha
32388,Kids
32397,Slice of Life
32400,Comedy
32402,Comedy
32405,Hentai
32407,Fantasy
32407,Sci-Fi
32408,Cars
32408,Comedy
32409,Comedy
32409,Demons
32409,Ecchi
32410,Sci-Fi
32410,Seinen
32412,Comedy
32412,Parody
32415,Action
32415,Demons
32415,Supernatural
32415,Magic
32415,Fantasy
32417,Comedy
32418,Comedy
32419,Comedy
32420,Music
32420,Kids
32421,Music
32421,Kids
32422,Music
32422,Kids
32422,Romance
32422,School
32423,Hentai
32430,Music
32430,Kids
32437,Action
32437,Adventure
32437,Comedy
32437,Super Power
32437,Drama
32437,Fantasy
32437,Shounen
32438,Mystery
32438,Comedy
32438,Horror
32438,Psychological
32438,Drama
32446,Music
32447,Comedy
32447,Ecchi
32448,Historical
32448,Kids
32454,Slice of Life
32454,Comedy
32454,Sports
32454,Shounen
32455,Music
32461,Slice of Life
32461,Drama
32461,Seinen
32467,Action
32467,Comedy
32467,Parody
32468,Music
32472,Kids
32472,Music
32473,Music
32473,Kids
32475,Music
32475,Kids
32476,Comedy
32481,Music
32483,Sports
32483,Drama
32483,School
32484,Hentai
32485,Comedy
32485,Romance
32485,Ecchi
32485,School
32485,Seinen
32491,Slice of Life
32491,Psychological
32491,Romance
32494,Sports
32494,School
32494,Shounen
32502,Comedy
32503,Ecchi
32511,Comedy
32518,Hentai
32521,Game
32521,Comedy
32521,Kids
32526,Music
32526,Slice of Life
32526,School
32534,Adventure
32534,Historical
32534,Supernatural
32534,Martial Arts
32534,Fantasy
32542,Slice of Life
32542,Comedy
32542,School
32542,Seinen
32543,Action
32543,Adventure
32543,Comedy
32543,Game
32543,Parody
32547,Comedy
32547,School
32547,Seinen
32547,Slice of Life
32548,Action
32551,Action
32551,Adventure
32551,Comedy
32551,Drama
32553,Harem
32553,Comedy
32553,Parody
32553,Magic
32553,Romance
32553,Shounen
32555,Game
32555,Slice of Life
32555,Comedy
32555,School
32557,Comedy
32557,Horror
32559,Comedy
32561,Comedy
32563,Fantasy
32563,Space
32564,Action
32564,Magic
32564,Shounen
32566,Action
32566,Adventure
32566,Supernatural
32568,Sci-Fi
32568,Kids
32571,Slice of Life
32571,Comedy
32571,Seinen
32572,Historical
32572,Parody
32572,Kids
32572,Samurai
32574,Action
32574,Comedy
32574,Super Power
32574,Supernatural
32574,Fantasy
32574,Shounen
32580,Adventure
32580,Fantasy
32581,Drama
32581,Supernatural
32582,Action
32582,Adventure
32582,Comedy
32582,Shounen
32583,Music
32583,Kids
32583,School
32585,Adventure
32587,Hentai
32590,Action
32590,Comedy
32590,Mecha
32593,Adventure
32593,Comedy
32593,Kids
32593,Fantasy
32595,Adventure
32595,Fantasy
32596,Adventure
32596,Comedy
32596,Kids
32596,Fantasy
32598,Historical
32600,Music
32600,Romance
32601,Romance
32601,School
32601,Shoujo
32603,Comedy
32603,Romance
32603,Ecchi
32603,School
32603,Shounen
32606,Comedy
32606,Supernatural
32606,Fantasy
32607,Slice of Life
32608,Adventure
32608,Fantasy
32609,Adventure
32613,Action
32613,Fantasy
32615,Action
32615,Military
32615,Magic
32618,Sci-Fi
32618,Music
32618,Fantasy
32620,Hentai
32621,Adventure
32621,Fantasy
32621,Kids
32621,Magic
32621,Martial Arts
32622,Adventure
32622,Fantasy
32622,Kids
32623,Fantasy
32623,Historical
32625,Comedy
32625,Shounen
32626,Kids
32627,Historical
32628,Adventure
32628,Historical
32628,Drama
32629,Sci-Fi
32630,Adventure
32630,Kids
32630,Music
32633,Music
32634,Comedy
32634,Shounen
32636,Dementia
32637,Music
32637,Dementia
32639,Music
32642,Music
32644,Unknown
32646,Drama
32648,Slice of Life
32648,Comedy
32648,Shounen
32660,Cars
32660,Horror
32660,Kids
32663,Adventure
32663,Kids
32664,Slice of Life
32664,Comedy
32664,Kids
32665,Adventure
32665,Historical
32666,Comedy
32667,Hentai
32668,Action
32668,Supernatural
32668,Vampire
32668,School
32670,Game
32670,Fantasy
32673,Slice of Life
32673,Fantasy
32673,Seinen
32676,Kids
32676,Fantasy
32676,Comedy
32681,Action
32681,Adventure
32681,Comedy
32681,Space
32682,Mystery
32682,Horror
32682,Supernatural
32682,Thriller
32684,Comedy
32684,School
32684,Shoujo
32684,Shounen Ai
32684,Slice of Life
32686,Action
32686,Sports
32686,Ecchi
32686,Shounen
32691,Kids
32691,Magic
32693,Kids
32695,Unknown
32696,Comedy
32696,Demons
32696,Supernatural
32697,Harem
32697,Historical
32697,Romance
32697,Fantasy
32697,Shoujo
32698,Comedy
32698,Ecchi
32698,Fantasy
32698,Harem
32698,Romance
32698,Seinen
32700,Music
32707,Comedy
32707,Magic
32707,Fantasy
32707,Shoujo
32716,Demons
32716,Fantasy
32716,Historical
32716,Kids
32716,Magic
32716,Samurai
32716,Supernatural
32717,Music
32717,School
32717,Shoujo
32717,Slice of Life
32728,Drama
32729,Sci-Fi
32729,Drama
32729,Romance
32729,School
32729,Shoujo
32730,Music
32732,Adventure
32732,Fantasy
32733,Comedy
32733,Slice of Life
32734,Comedy
32734,Slice of Life
32735,Drama
32736,Action
32736,Comedy
32737,Comedy
32737,Super Power
32738,Comedy
32738,Slice of Life
32739,Action
32739,Mecha
32740,Military
32740,School
32745,Music
32747,Music
32748,Music
32749,Dementia
32749,Music
32750,Music
32751,Comedy
32751,Fantasy
32752,Music
32755,Music
32756,Music
32757,Music
32758,Music
32758,Supernatural
32759,Drama
32759,Music
32760,Drama
32760,Music
32761,Music
32762,Music
32763,Music
32764,Music
32765,Music
32767,Music
32768,Music
32772,Game
32772,Kids
32773,Adventure
32773,Space
32773,Comedy
32773,Kids
32775,Music
32776,Music
32777,Music
32778,Music
32779,Music
32781,Music
32783,Music
32784,Music
32785,Game
32786,Action
32786,Music
32788,Fantasy
32788,Music
32789,Music
32789,Supernatural
32789,Vampire
32790,Music
32790,Supernatural
32790,Vampire
32792,Action
32792,Drama
32792,Mecha
32792,Military
32792,Sci-Fi
32792,Space
32794,Magic
32794,Shoujo
32796,Adventure
32796,Comedy
32796,Fantasy
32797,Adventure
32797,Comedy
32797,Fantasy
32799,Kids
32799,Music
32800,Music
32801,Action
32801,Adventure
32801,Comedy
32801,Fantasy
32801,Romance
32802,Action
32802,Game
32802,Shounen
32803,Music
32804,Music
32804,Drama
32805,Comedy
32806,Music
32806,Slice of Life
32806,School
32806,Shoujo
32807,Comedy
32807,Kids
32808,Adventure
32808,Comedy
32809,Adventure
32809,Comedy
32811,Music
32812,Music
32813,Music
32816,Comedy
32816,Sports
32816,Shounen
32817,Comedy
32817,Sports
32817,Shounen
32818,Comedy
32818,Kids
32819,Comedy
32819,Kids
32820,Adventure
32820,Comedy
32820,Kids
32821,Comedy
32821,Kids
32823,Adventure
32823,Comedy
32826,Music
32827,Action
32827,Mystery
32827,Police
32827,Psychological
32827,Supernatural
32827,Thriller
32828,Comedy
32828,Slice of Life
32828,Seinen
32829,Comedy
32829,Historical
32830,Mystery
32831,Action
32831,Sports
32832,Drama
32832,Slice of Life
32833,Hentai
32834,Music
32834,Comedy
32835,Comedy
32835,Sports
32836,Action
32836,Music
32836,Sci-Fi
32842,Comedy
32842,Kids
32843,Action
32843,Music
32843,Sci-Fi
32844,Music
32845,Drama
32845,Music
32847,Music
32847,Samurai
32850,Music
32851,Music
32852,Music
32852,Supernatural
32853,Music
32854,Comedy
32854,Music
32855,Music
32856,Music
32856,Space
32857,Music
32858,Music
32859,Music
32860,Music
32861,Music
32862,Music
32863,Action
32863,Comedy
32863,School
32863,Shounen
32864,Hentai
32866,Action
32866,Ecchi
32866,Magic
32866,Military
32866,Sci-Fi
32867,Action
32867,Mystery
32867,Seinen
32867,Super Power
32867,Supernatural
32868,Music
32869,Sports
32869,School
32869,Shounen
32870,Sports
32870,School
32870,Shounen
32871,Comedy
32871,Sports
32871,Shounen
32872,Hentai
32875,Comedy
32876,Comedy
32876,Kids
32878,Action
32878,Sci-Fi
32878,Space
32878,Police
32878,Shounen
32879,Adventure
32879,Romance
32879,Fantasy
32879,Josei
32881,Action
32881,Sports
32881,Drama
32881,Shounen
32884,Comedy
32884,Slice of Life
32885,Action
32885,Sci-Fi
32885,Mecha
32886,Sports
32887,Action
32887,Adventure
32887,Fantasy
32888,Adventure
32889,Action
32889,Adventure
32889,Comedy
32889,Martial Arts
32890,Action
32890,Adventure
32890,Comedy
32890,Martial Arts
32892,Comedy
32892,Parody
32892,Super Power
32894,Horror
32895,Hentai
32897,Drama
32897,Historical
32898,Action
32898,Space
32898,Mecha
32899,Harem
32899,Comedy
32899,Romance
32899,School
32899,Shoujo
32900,Action
32900,Sci-Fi
32900,Supernatural
32900,Magic
32901,Comedy
32901,Drama
32901,Romance
32901,Ecchi
32902,Slice of Life
32902,Magic
32902,Fantasy
32902,Shounen
32904,Music
32906,Comedy
32906,Game
32906,Space
32907,Music
32907,Kids
32915,Action
32915,Mystery
32915,Supernatural
32916,Music
32916,Slice of Life
32916,Comedy
32920,Historical
32920,Martial Arts
32924,Slice of Life
32924,Comedy
32924,Fantasy
32924,Seinen
32926,Action
32926,Adventure
32926,Comedy
32926,Shounen
32927,Action
32927,Mecha
32928,Music
32930,Comedy
32930,Magic
32930,Ecchi
32930,Fantasy
32930,Shounen
32932,Romance
32933,Comedy
32933,Fantasy
32933,Kids
32934,Comedy
32934,Horror
32934,Supernatural
32935,Comedy
32935,Sports
32935,Drama
32935,School
32935,Shounen
32936,Adventure
32936,Fantasy
32937,Adventure
32937,Comedy
32937,Parody
32937,Supernatural
32937,Magic
32937,Fantasy
32943,Sports
32944,Comedy
32944,Kids
32946,Mystery
32947,Slice of Life
32947,Sports
32947,Drama
32948,Slice of Life
32948,Drama
32948,Romance
32949,Drama
32949,Romance
32949,School
32949,Seinen
32950,Mecha
32951,Action
32951,Magic
32951,Fantasy
32951,School
32953,Music
32954,Slice of Life
32954,Comedy
32954,Supernatural
32956,Comedy
32956,Parody
32956,Kids
32956,School
32959,Slice of Life
32959,Comedy
32961,Action
32961,Sci-Fi
32961,Mecha
32962,Sci-Fi
32962,Mystery
32977,Music
32977,Slice of Life
32977,Comedy
32979,Sci-Fi
32979,Adventure
32979,Comedy
32979,Magic
32981,Action
32982,Hentai
32983,Slice of Life
32983,Demons
32983,Supernatural
32983,Drama
32983,Shoujo
32989,Music
32989,Comedy
32989,Fantasy
32993,Slice of Life
32993,Comedy
32995,Comedy
32995,Sports
32997,Hentai
32998,Action
32998,Drama
32998,Historical
32999,Slice of Life
32999,Comedy
33002,Comedy
33002,Kids
33003,Action
33003,Fantasy
33003,Magic
33003,Supernatural
33003,Thriller
33004,Comedy
33004,School
33010,Action
33010,Comedy
33010,Dementia
33010,Mecha
33010,Parody
33010,Sci-Fi
33011,Comedy
33011,Parody
33011,Fantasy
33012,Drama
33012,Sci-Fi
33013,Slice of Life
33013,Comedy
33013,Drama
33013,Romance
33013,Shounen Ai
33018,Action
33018,Historical
33018,Samurai
33018,Fantasy
33019,Comedy
33019,Magic
33019,Fantasy
33021,Action
33023,Action
33023,Slice of Life
33023,Comedy
33023,Historical
33023,Drama
33023,Fantasy
33024,Action
33024,Sci-Fi
33024,Space
33024,Mecha
33024,School
33024,Seinen
33025,Action
33025,Sci-Fi
33025,Space
33025,Mecha
33025,School
33025,Seinen
33026,Adventure
33026,Comedy
33026,Mecha
33027,Action
33027,Sci-Fi
33027,Super Power
33028,Action
33028,Mystery
33028,Horror
33028,Psychological
33028,School
33031,Sports
33032,Action
33032,Adventure
33032,Comedy
33032,Fantasy
33032,Historical
33032,Samurai
33032,Seinen
33033,Music
33033,Slice of Life
33033,School
33034,Slice of Life
33034,Comedy
33034,School
33034,Seinen
33035,Slice of Life
33035,Comedy
33035,School
33036,Comedy
33036,Drama
33036,Romance
33036,School
33037,Music
33038,Comedy
33038,Fantasy
33041,Action
33041,Sci-Fi
33041,Drama
33041,Mecha
33042,Comedy
33042,Horror
33044,Comedy
33045,Music
33046,Music
33046,Shoujo
33047,Action
33047,Fantasy
33047,Magic
33048,Action
33048,Sci-Fi
33048,Romance
33048,Mecha
33049,Action
33049,Fantasy
33049,Magic
33049,Supernatural
33050,Action
33050,Supernatural
33050,Magic
33050,Fantasy
33051,Action
33051,Drama
33051,Mecha
33051,Sci-Fi
33051,Space
33056,Comedy
33056,Romance
33056,Shoujo
33059,Music
33059,Kids
33060,Music
33060,Kids
33062,Music
33062,Kids
33064,Action
33064,Drama
33064,Military
33064,Sci-Fi
33064,Space
33069,Sci-Fi
33069,Seinen
33071,Action
33071,Mystery
33071,Seinen
33071,Super Power
33071,Supernatural
33074,Action
33074,Adventure
33074,Comedy
33074,Seinen
33075,Action
33075,Comedy
33075,Supernatural
33075,Fantasy
33077,Historical
33078,Comedy
33078,Demons
33079,Historical
33079,Music
33080,Action
33082,Action
33083,Kids
33084,Kids
33085,Comedy
33085,Magic
33086,Adventure
33086,Space
33086,Comedy
33087,Fantasy
33087,Harem
33087,Historical
33087,Romance
33087,Shoujo
33089,Adventure
33089,Comedy
33089,Fantasy
33091,Sci-Fi
33091,Drama
33094,Slice of Life
33094,Comedy
33095,Drama
33095,Historical
33095,Josei
33099,Sci-Fi
33099,Slice of Life
33099,Comedy
33099,Kids
33099,School
33102,Slice of Life
33102,Comedy
33102,Romance
33102,School
33102,Shoujo
33103,Horror
33103,Shoujo
33103,Supernatural
33104,Hentai
33105,Comedy
33106,Music
33108,Music
33108,Kids
33113,Sci-Fi
33113,Adventure
33113,Harem
33113,Romance
33114,Dementia
33115,Fantasy
33115,Kids
33116,Fantasy
33116,Kids
33118,Comedy
33118,Seinen
33119,Music
33119,Parody
33122,Slice of Life
33123,Comedy
33124,Music
33124,Cars
33125,Hentai
33126,Ecchi
33129,Military
33129,Historical
33129,Drama
33130,Historical
33132,Fantasy
33133,Fantasy
33134,Fantasy
33135,Fantasy
33136,Fantasy
33138,Hentai
33142,Adventure
33142,Comedy
33142,Fantasy
33142,Parody
33144,Horror
33144,Drama
33144,Fantasy
33145,Mystery
33146,Mystery
33148,Historical
33148,Kids
33149,Mystery
33149,Kids
33149,School
33150,Mystery
33151,Mystery
33152,Mystery
33152,Kids
33152,School
33153,Hentai
33154,Drama
33154,Supernatural
33154,Thriller
33155,Action
33155,School
33156,Comedy
33156,School
33156,Slice of Life
33157,Comedy
33157,School
33157,Slice of Life
33161,Comedy
33161,Romance
33161,School
33163,Comedy
33164,Comedy
33164,Supernatural
33164,Fantasy
33165,Hentai
33170,Drama
33173,Comedy
33173,School
33173,Slice of Life
33174,Kids
33174,Slice of Life
33175,Music
33175,Romance
33176,Sci-Fi
33176,Space
33177,Kids
33181,Comedy
33181,Romance
33181,School
33181,Shoujo
33181,Slice of Life
33183,Action
33183,Slice of Life
33183,Magic
33183,Fantasy
33183,School
33183,Shoujo
33184,Action
33184,Sci-Fi
33184,School
33185,Action
33185,Comedy
33185,Historical
33185,Samurai
33185,Shounen
33187,Unknown
33188,Slice of Life
33188,Comedy
33190,Sci-Fi
33190,Drama
33191,Action
33191,Mystery
33191,Supernatural
33191,Shounen
33192,Drama
33193,Comedy
33193,Parody
33194,Comedy
33194,Parody
33195,Action
33195,Adventure
33195,Comedy
33195,Parody
33195,Fantasy
33196,Comedy
33196,Parody
33197,Game
33197,Psychological
33199,Comedy
33200,Kids
33201,Comedy
33203,Music
33203,Drama
33203,Romance
33203,School
33203,Shoujo
33204,Adventure
33204,Fantasy
33204,Mecha
33204,Sci-Fi
33205,Action
33205,Sci-Fi
33205,Space
33206,Slice of Life
33206,Comedy
33206,Fantasy
33208,Comedy
33208,Parody
33208,Fantasy
33209,Comedy
33209,Historical
33209,Supernatural
33209,Romance
33213,Comedy
33213,Demons
33215,Adventure
33215,Music
33217,Music
33217,Space
33218,Drama
33219,Sci-Fi
33219,Slice of Life
33219,Comedy
33219,Supernatural
33219,Magic
33219,Romance
33220,Dementia
33220,Music
33221,Action
33221,Military
33221,Sci-Fi
33221,Space
33221,Drama
33221,Mecha
33222,Slice of Life
33222,Comedy
33222,School
33222,Shoujo
33225,Comedy
33225,Parody
33225,Mecha
33226,Comedy
33226,Parody
33226,Mecha
33228,Comedy
33228,Parody
33228,Mecha
33231,Hentai
33232,Action
33232,Military
33232,Adventure
33232,Drama
33232,Romance
33234,Comedy
33234,Horror
33236,Music
33237,Drama
33238,Drama
33239,Slice of Life
33239,Drama
33240,Slice of Life
33241,Romance
33241,Slice of Life
33242,Harem
33242,Comedy
33242,Romance
33244,Comedy
33244,Supernatural
33245,Comedy
33245,Slice of Life
33247,Romance
33247,School
33247,Shoujo
33248,Action
33248,Super Power
33248,Supernatural
33248,Drama
33253,Action
33253,Horror
33253,Mystery
33253,Seinen
33253,Supernatural
33254,Adventure
33254,Historical
33254,Fantasy
33254,Shounen
33255,Comedy
33255,School
33255,Shounen
33255,Slice of Life
33255,Supernatural
33258,Action
33258,Comedy
33258,Parody
33258,Martial Arts
33262,Fantasy
33262,Kids
33263,Action
33263,Mystery
33263,Supernatural
33263,Drama
33266,Sci-Fi
33267,Adventure
33267,Fantasy
33271,Action
33271,Sci-Fi
33272,Music
33273,Slice of Life
33274,Comedy
33276,Comedy
33278,Action
33278,Historical
33278,Martial Arts
33278,Fantasy
33279,Comedy
33279,Sci-Fi
33280,Slice of Life
33280,Comedy
33281,Comedy
33282,Comedy
33283,Comedy
33283,Sports
33286,Action
33286,Harem
33286,Supernatural
33286,Ecchi
33286,Vampire
33286,Fantasy
33290,Music
33290,Comedy
33291,Hentai
33295,Action
33295,Shounen Ai
33295,Supernatural
33299,Music
33299,Magic
33299,Romance
33299,School
33300,Comedy
33300,Historical
33302,Comedy
33302,Sports
33302,Drama
33302,Shounen
33305,Action
33305,Historical
33305,Drama
33305,Martial Arts
33305,Fantasy
33308,Mystery
33308,Comedy
33308,Super Power
33309,Action
33309,Mystery
33309,Supernatural
33309,Fantasy
33310,Adventure
33310,Comedy
33312,Dementia
33314,Action
33314,Sci-Fi
33314,Adventure
33314,Comedy
33314,Kids
33314,Fantasy
33318,Dementia
33318,Drama
33319,Unknown
33320,Unknown
33322,Hentai
33323,Comedy
33323,Demons
33323,Supernatural
33323,Romance
33323,Fantasy
33323,Shoujo
33325,Comedy
33325,Sports
33326,Military
33326,Music
33326,Drama
33335,Kids
33335,Fantasy
33337,Mystery
33337,Police
33337,Drama
33337,Fantasy
33337,Seinen
33338,Action
33338,Adventure
33338,Comedy
33338,Drama
33338,Fantasy
33338,Shounen
33339,Comedy
33339,Supernatural
33339,Thriller
33341,Sci-Fi
33341,Adventure
33342,Kids
33342,Music
33343,Fantasy
33343,Kids
33344,Music
33344,Kids
33344,Fantasy
33348,Action
33348,Adventure
33348,Drama
33348,Historical
33348,Samurai
33349,Kids
33349,Fantasy
33350,Action
33350,Supernatural
33352,Slice of Life
33352,Drama
33352,Fantasy
33354,Adventure
33354,Comedy
33354,Fantasy
33354,Magic
33354,Romance
33354,Shoujo
33357,Action
33357,Comedy
33357,Horror
33358,Comedy
33358,Magic
33358,Shoujo
33360,Military
33360,Comedy
33362,Music
33362,Slice of Life
33362,School
33363,Comedy
33363,Drama
33366,Action
33366,Demons
33369,Music
33371,Action
33371,Sci-Fi
33371,Mecha
33371,Seinen
33372,Action
33372,Comedy
33372,Magic
33372,Fantasy
33377,Sci-Fi
33377,Mystery
33377,Psychological
33377,Drama
33378,Comedy
33378,Historical
33378,Romance
33378,Shoujo
33383,Action
33383,Adventure
33387,Comedy
33387,Fantasy
33388,Unknown
33389,Unknown
33390,Unknown
33391,Action
33391,Sci-Fi
33392,Comedy
33392,Parody
33392,School
33392,Shounen Ai
33393,Hentai
33394,Magic
33396,Adventure
33396,Historical
33396,Drama
33396,Romance
33396,Martial Arts
33398,Comedy
33400,Music
33401,Music
33414,Comedy
33414,Historical
33415,Comedy
33415,School
33417,Slice of Life
33417,Comedy
33417,Drama
33417,Romance
33417,Shounen Ai
33419,Romance
33419,School
33419,Shoujo
33420,Music
33421,Action
33421,Super Power
33421,Supernatural
33422,Sci-Fi
33422,Space
33429,Magic
33430,Comedy
33431,Comedy
33431,Kids
33433,Action
33433,Historical
33433,Military
33434,Sci-Fi
33434,Comedy
33434,Parody
33434,Kids
33438,Action
33438,Supernatural
33443,Comedy
33443,Supernatural
33446,Comedy
33446,Historical
33446,Supernatural
33446,Romance
33447,Slice of Life
33447,Comedy
33449,Dementia
33454,Slice of Life
33454,Comedy
33454,Police
33454,Shounen
33455,Comedy
33456,Comedy
33456,Magic
33456,Ecchi
33457,Comedy
33457,Parody
33457,School
33457,Shounen Ai
33462,Comedy
33462,School
33465,Action
33465,Adventure
33465,Comedy
33465,Demons
33465,Fantasy
33473,Comedy
33473,Sports
33474,Adventure
33474,Drama
33474,Historical
33474,Slice of Life
33475,Action
33475,Comedy
33475,School
33475,Shounen
33478,Action
33478,Sci-Fi
33478,Magic
33478,Fantasy
33478,Shounen
33479,Slice of Life
33480,Adventure
33480,Kids
33484,Action
33484,Historical
33484,Kids
33485,Demons
33485,Kids
33486,Action
33486,Comedy
33486,Super Power
33486,School
33486,Shounen
33487,Comedy
33487,Harem
33487,Romance
33487,School
33487,Shounen
33489,Adventure
33489,Comedy
33489,Fantasy
33489,Magic
33489,School
33490,Adventure
33490,Mystery
33490,Comedy
33490,Shounen
33491,Slice of Life
33491,Comedy
33491,Shoujo
33493,Action
33493,Mecha
33493,Sci-Fi
33498,Drama
33498,Shounen
33498,Sports
33499,Sports
33499,Drama
33499,Shounen
33500,Comedy
33501,Comedy
33501,Music
33502,Sci-Fi
33502,Drama
33502,Romance
33502,Fantasy
33505,Hentai
33506,Action
33506,Demons
33506,Supernatural
33506,Fantasy
33506,Shounen
33508,Game
33508,Mystery
33508,Parody
33508,Horror
33508,Psychological
33508,Fantasy
33511,Comedy
33511,Shounen
33512,Sci-Fi
33512,Comedy
33513,Action
33513,Comedy
33513,School
33513,Shounen
33514,Hentai
33515,Hentai
33519,Action
33519,Horror
33519,Supernatural
33519,Drama
33519,Fantasy
33520,Action
33520,Horror
33520,Supernatural
33520,Drama
33520,Fantasy
33522,Sports
33522,Shounen
33523,Kids
33523,Music
33524,Slice of Life
33524,Comedy
33524,School
33524,Seinen
33525,Sci-Fi
33526,Kids
33526,Music
33527,Music
33527,Fantasy
33528,Fantasy
33529,Fantasy
33531,Sci-Fi
33531,Mecha
33532,Drama
33532,Magic
33533,Comedy
33533,Parody
33533,Sports
33534,Comedy
33535,Music
33535,Slice of Life
33536,Fantasy
33537,Music
33537,Slice of Life
33538,Drama
33538,Seinen
33539,Drama
33539,Seinen
33540,Cars
33540,Drama
33540,Seinen
33541,Game
33541,Space
33541,Comedy
33542,Comedy
33542,School
33543,Comedy
33543,Sports
33544,Comedy
33544,Kids
33544,Sports
33545,Comedy
33545,Parody
33546,Action
33546,Fantasy
33546,Game
33547,Comedy
33547,Fantasy
33547,Parody
33548,Comedy
33549,Comedy
33550,Comedy
33551,Comedy
33551,Parody
33552,Music
33552,Comedy
33558,Action
33558,Adventure
33558,Magic
33558,Fantasy
33562,Action
33562,Comedy
33562,Supernatural
33564,Action
33564,Sci-Fi
33564,Super Power
33566,Action
33566,Martial Arts
33566,Shounen
33569,Adventure
33569,Comedy
33569,Parody
33569,Fantasy
33570,Comedy
33570,Parody
33570,School
33571,Comedy
33571,Parody
33571,School
33572,Music
33573,Music
33578,Music
33578,Fantasy
33580,Historical
33580,Kids
33580,Music
33581,Action
33581,Comedy
33581,Ecchi
33581,Fantasy
33581,Harem
33581,Magic
33581,Romance
33581,School
33581,Shounen
33583,Kids
33583,Fantasy
33588,Hentai
33588,Fantasy
33589,Action
33589,Drama
33589,Magic
33589,Martial Arts
33599,Adventure
33599,Demons
33599,Fantasy
33600,Action
33600,Adventure
33600,Fantasy
33600,Historical
33600,Magic
33601,Action
33601,Adventure
33601,Fantasy
33601,Historical
33601,Magic
33602,Adventure
33602,Fantasy
33603,Adventure
33603,Fantasy
33604,Adventure
33604,Fantasy
33605,Action
33605,Comedy
33605,Magic
33605,Shounen Ai
33605,Supernatural
33606,Action
33606,Adventure
33606,Comedy
33606,Super Power
33606,Fantasy
33606,Shounen
33607,Historical
33618,Historical
33618,School
33618,Shoujo
33630,Sci-Fi
33630,Adventure
33630,Fantasy
33654,Drama
33654,Romance
33654,School
33654,Shounen Ai
33654,Slice of Life
33658,Military
33658,School
33659,Slice of Life
33659,Comedy
33659,Magic
33661,Sci-Fi
33661,Space
33661,Comedy
33661,Ecchi
33661,Seinen
33662,Sci-Fi
33662,Comedy
33662,Parody
33662,Supernatural
33663,Fantasy
33663,Magic
33663,Music
33668,Supernatural
33668,Magic
33669,Action
33669,Slice of Life
33669,Magic
33669,Fantasy
33669,School
33669,Shoujo
33670,Action
33670,Adventure
33670,Cars
33671,Action
33671,Adventure
33671,Mecha
33672,Adventure
33672,Comedy
33672,Fantasy
33672,Kids
33672,Shounen
33674,Game
33674,Supernatural
33674,Drama
33674,Romance
33674,Fantasy
33681,Comedy
33681,Slice of Life
33681,Supernatural
33685,Action
33685,Sci-Fi
33685,Adventure
33685,Mecha
33685,Shounen
33686,Action
33686,Adventure
33686,Mecha
33686,Sci-Fi
33686,Shounen
33687,Action
33687,Adventure
33687,Mecha
33687,Sci-Fi
33687,Shounen
33689,Music
33690,Game
33691,Fantasy
33692,Comedy
33692,Drama
33693,Mystery
33693,Comedy
33694,Music
33694,Comedy
33695,Comedy
33696,Comedy
33696,Music
33697,Action
33697,Sci-Fi
33697,Fantasy
33698,Game
33702,Adventure
33702,Horror
33702,Police
33703,Action
33703,Game
33703,Fantasy
33704,Action
33704,Adventure
33704,Fantasy
33704,Sci-Fi
33705,Comedy
33706,Sci-Fi
33706,Comedy
33706,Kids
33708,Action
33708,Game
33708,Shounen
33709,Action
33709,Demons
33709,Fantasy
33709,Magic
33709,Supernatural
33710,Dementia
33712,Comedy
33712,Parody
33712,Ecchi
33712,Fantasy
33713,Action
33713,Adventure
33713,Comedy
33713,Ecchi
33713,Sci-Fi
33717,Drama
33717,Fantasy
33717,Mystery
33718,Harem
33718,Music
33720,Military
33720,School
33723,Comedy
33723,Magic
33724,Action
33724,Fantasy
33724,Game
33726,Action
33726,Adventure
33726,Comedy
33726,Demons
33726,Supernatural
33726,Drama
33726,Josei
33727,Kids
33728,Action
33728,Adventure
33728,Fantasy
33728,Magic
33728,Shounen
33729,Action
33729,Adventure
33729,Fantasy
33729,Magic
33729,Shounen
33730,Action
33730,Adventure
33730,Fantasy
33730,Magic
33730,Shounen
33731,Comedy
33731,Demons
33731,Supernatural
33731,School
33731,Shounen
33733,Sports
33734,Historical
33734,Samurai
33736,School
33737,Mecha
33737,School
33739,Comedy
33739,Historical
33739,Kids
33740,Super Power
33740,Shounen
33741,Sci-Fi
33741,Comedy
33741,Police
33741,Mecha
33743,Drama
33743,Ecchi
33743,Music
33743,Romance
33743,School
33743,Shounen
33744,Game
33744,Shounen
33744,Supernatural
33746,Comedy
33746,Sports
33750,Hentai
33753,Comedy
33753,Historical
33753,Kids
33755,Game
33755,Drama
33756,Action
33756,Supernatural
33756,Fantasy
33757,Military
33757,Sci-Fi
33758,Action
33758,Historical
33758,Supernatural
33758,Martial Arts
33758,Fantasy
33759,Action
33759,Fantasy
33760,Adventure
33760,Fantasy
33761,Horror
33761,Mystery
33761,Supernatural
33762,Adventure
33762,Fantasy
33763,Adventure
33763,Fantasy
33764,Action
33764,Fantasy
33768,Hentai
33769,Hentai
33770,Slice of Life
33771,Action
33771,Comedy
33771,School
33772,Adventure
33772,Fantasy
33773,Adventure
33773,Fantasy
33775,Action
33775,Samurai
33776,Game
33776,Comedy
33776,School
33777,Dementia
33777,Drama
33779,Comedy
33779,Parody
33779,Ecchi
33779,Fantasy
33782,Slice of Life
33782,Comedy
33783,Action
33783,Adventure
33783,Sci-Fi
33787,Comedy
33788,Comedy
33788,Music
33788,School
33789,Slice of Life
33789,Comedy
33791,Comedy
33791,Parody
33792,Adventure
33792,Kids
33792,Mecha
33795,Comedy
33795,Magic
33797,Sci-Fi
33797,Space
33797,Mecha
33798,Sports
33798,School
33801,Supernatural
33801,Drama
33803,Historical
33803,Demons
33803,Supernatural
33803,Samurai
33806,Sci-Fi
33806,Comedy
33808,Music
33808,School
33811,Comedy
33811,Sports
33811,Shounen
33814,Comedy
33814,Horror
33818,Slice of Life
33818,Comedy
33818,School
33818,Shounen
33820,Mystery
33820,Horror
33821,Historical
33821,Drama
33822,Drama
33822,Historical
33823,Drama
33823,Historical
33824,Drama
33824,Historical
33826,Historical
33827,Historical
33828,Historical
33831,Drama
33831,Historical
33834,Ecchi
33834,Fantasy
33835,Comedy
33836,Romance
33836,School
33839,Comedy
33839,School
33839,Shounen
33840,School
33842,Kids
33843,Comedy
33845,Drama
33845,School
33845,Slice of Life
33845,Sports
33846,Comedy
33846,Fantasy
33846,Parody
33849,Comedy
33850,Harem
33850,Historical
33850,Romance
33850,Fantasy
33850,Josei
33852,Sci-Fi
33852,Comedy
33852,Super Power
33852,Supernatural
33852,Romance
33854,Slice of Life
33854,Comedy
33855,Music
33855,Comedy
33856,Comedy
33857,Comedy
33858,Comedy
33859,Comedy
33860,Historical
33861,Comedy
33862,Drama
33863,Comedy
33864,Comedy
33864,Music
33865,Hentai
33865,Supernatural
33866,Music
33866,Space
33867,Comedy
33870,Comedy
33871,Sci-Fi
33871,Cars
33871,Comedy
33871,Historical
33872,Comedy
33874,Comedy
33874,Police
33875,Comedy
33875,Police
33876,Comedy
33876,Police
33877,Comedy
33877,Police
33878,Comedy
33878,Police
33879,Comedy
33879,Police
33880,Comedy
33880,Police
33881,Comedy
33881,Police
33882,Comedy
33882,Police
33883,Comedy
33883,Parody
33883,Fantasy
33884,Slice of Life
33885,Music
33886,Dementia
33886,Music
33887,Music
33888,Fantasy
33889,Action
33889,Drama
33889,Fantasy
33889,Sci-Fi
33894,Drama
33894,Historical
33895,Historical
33895,Drama
33896,Drama
33896,Historical
33897,Drama
33898,Music
33899,Music
33902,Drama
33902,School
33903,Slice of Life
33904,Slice of Life
33905,Music
33906,Music
33907,Music
33908,Music
33909,Music
33910,Music
33911,Comedy
33911,Music
33912,Comedy
33912,Music
33913,Comedy
33914,Music
33914,Dementia
33914,Horror
33914,Fantasy
33915,Comedy
33916,Comedy
33922,Comedy
33925,Adventure
33925,Historical
33925,Drama
33925,Romance
33925,Martial Arts
33926,Action
33926,Game
33927,Adventure
33927,Comedy
33929,Action
33929,Comedy
33929,School
33929,Shounen
33929,Super Power
33933,Comedy
33934,Action
33936,Music
33937,Music
33937,Sci-Fi
33938,Music
33939,Slice of Life
33940,Slice of Life
33940,Drama
33941,Slice of Life
33945,Samurai
33946,Comedy
33947,Action
33947,Fantasy
33947,Shounen
33947,Super Power
33948,Comedy
33948,Slice of Life
33949,Slice of Life
33949,Comedy
33950,Action
33950,Comedy
33950,Magic
33950,Fantasy
33950,Shounen
33957,Action
33957,Kids
33957,Mecha
33957,School
33958,Comedy
33960,Hentai
33962,Hentai
33964,Action
33964,Historical
33964,Drama
33966,Adventure
33966,Harem
33966,Fantasy
33969,Mystery
33969,Psychological
33970,Military
33970,School
33972,Action
33975,Comedy
33975,Parody
33975,School
33978,Military
33978,Historical
33979,Hentai
33980,Drama
33981,Hentai
33982,Historical
33983,Historical
33983,Seinen
33985,Action
33985,Supernatural
33985,Vampire
33986,Slice of Life
33986,Comedy
33986,Parody
33988,Comedy
33988,Vampire
33988,Fantasy
33988,School
33988,Seinen
33993,Hentai
33994,Comedy
33994,Josei
33997,Adventure
33997,Game
33997,Shounen
33998,Kids
33999,Kids
34000,Kids
34003,Music
34003,Romance
34005,Adventure
34005,Game
34006,Sci-Fi
34008,Sports
34008,School
34008,Shounen
34009,Comedy
34012,Comedy
34012,Fantasy
34012,Mystery
34013,Game
34013,Adventure
34013,Comedy
34013,Parody
34014,Adventure
34015,Hentai
34016,Comedy
34016,Romance
34016,School
34016,Shoujo
34019,Action
34019,Comedy
34019,Ecchi
34019,School
34019,Seinen
34019,Supernatural
34021,Action
34021,Adventure
34021,Drama
34021,Seinen
34022,Sports
34022,School
34022,Shounen
34028,Music
34030,Hentai
34032,Music
34032,Sports
34032,Shoujo
34034,Action
34034,Game
34034,Kids
34034,Fantasy
34034,School
34036,Adventure
34036,Mystery
34036,Comedy
34036,Police
34036,Shounen
34037,Fantasy
34037,Historical
34038,Fantasy
34038,Historical
34039,Music
34039,Dementia
34048,Horror
34048,Thriller
34050,Slice of Life
34051,Action
34051,Comedy
34051,Supernatural
34051,Ecchi
34052,Comedy
34055,Action
34055,Adventure
34055,Demons
34055,Drama
34055,Fantasy
34055,Horror
34055,Magic
34055,Military
34055,Romance
34055,Supernatural
34060,Horror
34076,Comedy
34076,Demons
34076,Drama
34076,Fantasy
34076,Slice of Life
34077,Action
34077,Game
34077,Shounen
34078,Kids
34078,Slice of Life
34083,Fantasy
34083,School
34085,Action
34085,Sci-Fi
34085,Music
34085,Drama
34085,Mecha
34086,Action
34086,Adventure
34086,Magic
34086,Fantasy
34088,Action
34088,Comedy
34088,Historical
34091,Comedy
34091,Slice of Life
34092,Slice of Life
34092,Comedy
34096,Action
34096,Comedy
34096,Historical
34096,Parody
34096,Samurai
34096,Sci-Fi
34096,Shounen
34100,Action
34100,Fantasy
34100,Magic
34102,Mystery
34102,Super Power
34102,Supernatural
34102,School
34103,Action
34103,Psychological
34103,Horror
34103,Mystery
34104,Action
34104,Fantasy
34104,Mecha
34104,School
34106,Comedy
34106,Supernatural
34106,Romance
34106,School
34106,Shounen
34107,Hentai
34112,Drama
34113,Drama
34114,Drama
34114,Fantasy
34115,Drama
34116,Drama
34116,Music
34116,Slice of Life
34117,Drama
34117,Slice of Life
34118,Slice of Life
34119,Drama
34120,Drama
34121,Music
34121,Slice of Life
34122,Drama
34124,Comedy
34125,Action
34125,Military
34125,School
34126,Action
34126,Military
34126,Comedy
34126,Supernatural
34126,Romance
34126,Fantasy
34129,Action
34129,Adventure
34129,Historical
34129,Supernatural
34129,Drama
34129,Magic
34129,Martial Arts
34129,Fantasy
34134,Action
34134,Sci-Fi
34134,Comedy
34134,Parody
34134,Super Power
34134,Supernatural
34136,Sci-Fi
34136,Drama
34136,Romance
34136,School
34136,Shoujo
34140,Space
34148,Slice of Life
34148,Comedy
34151,Action
34151,Adventure
34151,Romance
34151,Martial Arts
34151,Fantasy
34152,Action
34152,Mystery
34152,Horror
34152,Psychological
34153,Space
34156,Comedy
34161,Action
34161,Game
34161,Supernatural
34161,Magic
34161,Fantasy
34162,Kids
34163,Comedy
34164,Comedy
34165,Music
34166,Comedy
34166,Historical
34166,Shounen
34167,Sci-Fi
34168,Hentai
34173,Comedy
34173,Romance
34173,Shoujo
34176,Action
34176,Adventure
34176,Magic
34176,Fantasy
34177,Music
34177,School
34177,Slice of Life
34178,Sports
34179,Sci-Fi
34182,Kids
34183,Kids
34184,Drama
34184,Kids
34185,Kids
34186,Kids
34187,Fantasy
34187,Kids
34188,Fantasy
34188,Kids
34189,Fantasy
34189,Kids
34190,Fantasy
34190,Kids
34191,Fantasy
34191,Kids
34192,Fantasy
34192,Kids
34193,Fantasy
34193,Kids
34194,Kids
34197,Mystery
34198,Kids
34198,Magic
34198,Fantasy
34201,Slice of Life
34201,Drama
34204,Music
34204,Comedy
34204,School
34205,Comedy
34205,Super Power
34207,Comedy
34207,Kids
34208,Sci-Fi
34208,Music
34208,Slice of Life
34209,Harem
34209,Historical
34209,Supernatural
34209,Romance
34209,Shoujo
34213,Slice of Life
34213,Ecchi
34222,Horror
34222,Vampire
34222,Fantasy
34222,Seinen
34223,Music
34223,Comedy
34223,Fantasy
34224,Slice of Life
34225,Fantasy
34225,Kids
34226,Kids
34227,Historical
34227,Kids
34227,Fantasy
34233,Comedy
34233,Horror
34233,Kids
34233,Supernatural
34234,Comedy
34234,Kids
34235,Comedy
34235,Kids
34236,Historical
34236,Horror
34236,Supernatural
34237,Sci-Fi
34238,Comedy
34238,Parody
34238,Sports
34239,Comedy
34239,Parody
34239,Sports
34240,Sci-Fi
34240,Music
34243,Music
34244,Sci-Fi
34244,Adventure
34244,Comedy
34244,Seinen
34246,Hentai
34248,Action
34248,Adventure
34249,Adventure
34249,Kids
34252,Music
34257,Comedy
34257,Slice of Life
34258,Adventure
34258,Fantasy
34258,Sci-Fi
34259,Comedy
34261,Adventure
34261,Fantasy
34262,Slice of Life
34262,Comedy
34262,Historical
34262,Shounen
34264,Comedy
34264,School
34276,Space
34276,Mecha
34277,Comedy
34277,Ecchi
34277,Slice of Life
34279,Action
34279,Drama
34279,Fantasy
34279,Romance
34280,Game
34280,Comedy
34280,Romance
34280,School
34281,Action
34281,Comedy
34281,Demons
34281,Ecchi
34281,Harem
34281,Romance
34281,School
34283,Comedy
34283,Historical
34284,Slice of Life
34284,Drama
34284,Magic
34284,Fantasy
34286,Music
34286,Psychological
34289,Action
34289,Sci-Fi
34289,School
34290,Action
34290,Fantasy
34290,Magic
34290,Shoujo
34290,Slice of Life
34292,Comedy
34292,Historical
34292,Supernatural
34295,Slice of Life
34295,Comedy
34299,Action
34299,Adventure
34299,Comedy
34299,Drama
34300,Action
34300,Fantasy
34300,Magic
34300,School
34302,Action
34302,Comedy
34302,Magic
34302,Fantasy
34302,Shoujo
34304,Music
34304,Slice of Life
34304,School
34304,Shoujo
34307,Action
34307,Sports
34307,Shounen
34309,Comedy
34309,Supernatural
34310,Cars
34310,Kids
34311,Hentai
34312,Hentai
34314,Action
34314,Comedy
34314,Ecchi
34314,Seinen
34315,Kids
34318,Music
34318,Romance
34318,Super Power
34318,Supernatural
34321,Action
34321,Supernatural
34321,Magic
34321,Fantasy
34323,Comedy
34323,Game
34323,School
34323,Sports
34324,Action
34325,Action
34325,Adventure
34325,Comedy
34325,Kids
34325,Fantasy
34328,School
34328,Slice of Life
34332,Slice of Life
34332,Comedy
34336,Comedy
34336,Parody
34337,Historical
34337,Romance
34338,Drama
34338,Fantasy
34340,Historical
34342,Drama
34346,Fantasy
34348,Sci-Fi
34348,Adventure
34349,Comedy
34349,Sports
34349,School
34349,Shounen
34350,Adventure
34350,Mystery
34350,Seinen
34353,Comedy
34353,Parody
34353,Super Power
34354,Comedy
34354,Parody
34354,Super Power
34355,Comedy
34355,Parody
34356,Comedy
34356,Parody
34358,Kids
34358,Slice of Life
34361,Hentai
34363,Slice of Life
34363,Kids
34366,Music
34367,Slice of Life
34367,Comedy
34367,Sports
34367,Shounen
34368,Mystery
34368,Supernatural
34368,Drama
34369,Comedy
34369,Parody
34369,Super Power
34370,Comedy
34370,Parody
34371,Comedy
34371,Parody
34372,Comedy
34372,Parody
34373,Comedy
34373,Parody
34374,Slice of Life
34374,Drama
34374,Magic
34374,Fantasy
34375,Drama
34375,Fantasy
34375,Magic
34375,Slice of Life
34376,Drama
34376,Fantasy
34376,Magic
34376,Slice of Life
34382,Drama
34382,Romance
34382,School
34382,Shoujo Ai
34383,Drama
34383,Romance
34383,Shoujo Ai
34388,Hentai
34389,Comedy
34389,Magic
34389,Shounen
34391,Action
34391,Military
34391,Sci-Fi
34391,Space
34391,Drama
34391,Mecha
34392,Slice of Life
34393,Harem
34393,Slice of Life
34394,Slice of Life
34394,Comedy
34394,Magic
34394,Fantasy
34399,Hentai
34399,Demons
34399,Supernatural
34402,Slice of Life
34403,Comedy
34403,Ecchi
34403,Romance
34403,School
34403,Shounen
34406,Kids
34406,Music
34409,Comedy
34409,Shounen
34410,Comedy
34410,Magic
34410,Shoujo
34411,Historical
34411,Supernatural
34412,Music
34414,Action
34414,Comedy
34414,Drama
34416,Adventure
34416,Comedy
34416,Fantasy
34416,Kids
34417,Dementia
34418,Music
34420,Fantasy
34422,Dementia
34423,Music
34424,Music
34425,Kids
34426,Kids
34427,Action
34427,Sci-Fi
34427,Slice of Life
34427,Mecha
34428,Action
34428,Game
34428,Supernatural
34428,Magic
34428,Fantasy
34430,Action
34430,Mystery
34430,Historical
34430,Police
34430,Drama
34430,Romance
34432,Music
34436,Dementia
34437,Action
34437,Military
34437,Sci-Fi
34437,Super Power
34437,Drama
34437,Mecha
34438,Action
34438,Military
34438,Sci-Fi
34438,Super Power
34438,Mecha
34438,School
34439,Action
34439,Mecha
34439,Military
34439,School
34439,Sci-Fi
34439,Super Power
34440,Action
34440,Mecha
34440,Military
34440,School
34440,Sci-Fi
34440,Super Power
34443,Action
34443,Martial Arts
34443,Shounen
34445,Drama
34445,Fantasy
34445,Magic
34445,Slice of Life
34447,Harem
34447,Ecchi
34449,Action
34449,Super Power
34450,Music
34451,Action
34451,Comedy
34451,Fantasy
34451,Shounen
34451,Super Power
34451,Supernatural
34451,Vampire
34453,Music
34453,Sports
34454,Fantasy
34455,Fantasy
34456,Comedy
34456,Parody
34456,Super Power
34458,Fantasy
34458,Kids
34464,Sci-Fi
34464,Comedy
34465,Action
34465,Demons
34465,Supernatural
34465,Fantasy
34465,Shounen
34467,Dementia
34467,Horror
34467,Supernatural
34471,Demons
34471,Kids
34471,Supernatural
34472,Action
34472,Cars
34474,Music
34475,Action
34475,Game
34475,Fantasy
34476,Sci-Fi
34476,Slice of Life
34480,Ecchi
34480,School
34480,Shounen
34481,Slice of Life
34481,Ecchi
34486,Action
34486,Fantasy
34488,Sci-Fi
34488,Comedy
34488,Kids
34489,Comedy
34490,Comedy
34491,Hentai
34492,Hentai
34494,Slice of Life
34494,Comedy
34497,Adventure
34497,Fantasy
34497,Harem
34498,Romance
34498,Sci-Fi
34500,Comedy
34500,Music
34501,Action
34501,Martial Arts
34501,School
34501,Shoujo
34502,Action
34502,Sci-Fi
34502,Comedy
34503,Comedy
34504,Slice of Life
34504,Comedy
34504,School
34504,Shounen
34506,Hentai
34510,Action
34510,Adventure
34510,Cars
34510,Comedy
34510,Kids
34510,Police
34511,Action
34511,Adventure
34511,Cars
34511,Comedy
34511,Kids
34511,Police
34513,Sports
34513,School
34513,Shounen
34514,Action
34514,Adventure
34514,Fantasy
34514,Game
34514,Kids
34519,Comedy
34519,Parody
34519,Sports
34519,Mecha
34522,Music
34522,Drama
34525,Slice of Life
34525,Comedy
34525,Fantasy
34525,School
34525,Seinen
34527,Adventure
34527,Kids
34528,Demons
34528,Fantasy
34528,Historical
34529,Hentai
34530,Hentai
34531,Comedy
34532,Action
34532,Sci-Fi
34532,Space
34532,Horror
34532,Drama
34532,Seinen
34533,Action
34533,Comedy
34533,School
34534,Slice of Life
34534,Demons
34534,Supernatural
34534,Drama
34534,Shoujo
34535,Comedy
34535,Josei
34535,Shounen Ai
34537,Comedy
34537,Romance
34538,Magic
34538,Supernatural
34539,Action
34539,Adventure
34539,Seinen
34540,Action
34540,Adventure
34540,Comedy
34540,Kids
34541,Adventure
34541,Fantasy
34541,Magic
34542,Action
34542,Drama
34542,Psychological
34542,Sci-Fi
34542,Seinen
34543,Comedy
34543,Sports
34544,Action
34544,Horror
34544,Supernatural
34544,Drama
34544,Fantasy
34547,Military
34547,Adventure
34547,Historical
34547,Drama
34547,Fantasy
34547,Shounen
34548,Sports
34548,School
34549,Adventure
34549,Fantasy
34550,Comedy
34550,Drama
34550,Seinen
34552,Music
34561,Action
34561,Sci-Fi
34561,Fantasy
34561,Mecha
34565,Supernatural
34565,Shounen
34566,Action
34566,Adventure
34566,Super Power
34566,Martial Arts
34566,Shounen
34572,Action
34572,Comedy
34572,Magic
34572,Fantasy
34572,Shounen
34577,Action
34577,Adventure
34577,Fantasy
34577,Magic
34577,Shounen
34577,Supernatural
34580,Game
34580,School
34580,Seinen
34589,Historical
34589,Seinen
34591,Slice of Life
34591,Demons
34591,Supernatural
34591,Drama
34591,Shoujo
34592,Historical
34592,Kids
34592,Fantasy
34595,Music
34595,Dementia
34599,Sci-Fi
34599,Adventure
34599,Mystery
34599,Drama
34599,Fantasy
34600,Slice of Life
34601,Fantasy
34602,Drama
34602,Romance
34602,School
34604,Action
34604,Sci-Fi
34604,Magic
34604,Fantasy
34604,Shounen
34607,Game
34607,Psychological
34611,Music
34611,Drama
34611,Seinen
34612,Slice of Life
34612,Comedy
34612,Supernatural
34612,School
34612,Shounen
34613,Comedy
34613,Fantasy
34613,Parody
34614,Comedy
34614,Sports
34614,Shounen
34615,Comedy
34615,Sports
34615,Shounen
34618,Slice of Life
34618,Comedy
34620,Sci-Fi
34620,Drama
34622,Action
34622,Mecha
34623,Comedy
34623,Seinen
34623,Slice of Life
34625,Cars
34626,Magic
34626,Adventure
34626,Fantasy
34626,Comedy
34626,Supernatural
34628,Comedy
34629,Comedy
34630,Comedy
34631,Dementia
34631,Drama
34632,Dementia
34633,Dementia
34634,Dementia
34634,Drama
34636,Comedy
34636,Drama
34636,Romance
34636,School
34636,Shounen
34636,Sports
34638,Hentai
34639,Hentai
34642,Action
34642,Adventure
34642,Demons
34642,Supernatural
34642,Magic
34642,Fantasy
34643,Kids
34644,Action
34644,Ecchi
34644,Magic
34644,Military
34644,Sci-Fi
34647,Drama
34649,Action
34649,Military
34649,Sci-Fi
34649,Drama
34649,Mecha
34651,Fantasy
34652,Kids
34655,Fantasy
34655,Music
34656,Music
34657,Music
34658,Comedy
34658,Romance
34659,Hentai
34659,Yaoi
34661,Action
34661,Fantasy
34661,Game
34662,Action
34662,Supernatural
34662,Drama
34662,Magic
34662,Fantasy
34664,Sci-Fi
34664,Kids
34665,Adventure
34665,Kids
34666,Kids
34667,Adventure
34667,Kids
34669,Comedy
34669,Magic
34669,Shoujo
34670,Action
34670,Game
34670,Fantasy
34673,Action
34673,Sci-Fi
34674,Horror
34674,Thriller
34675,Action
34675,Game
34675,Adventure
34675,Romance
34675,Fantasy
34676,Comedy
34676,Kids
34677,Comedy
34677,Kids
34678,Action
34683,Adventure
34683,Sci-Fi
34685,Music
34688,Supernatural
34688,Drama
34689,Supernatural
34689,Drama
34690,School
34691,Comedy
34692,Slice of Life
34693,Slice of Life
34694,Sports
34695,Sports
34696,Comedy
34696,Supernatural
34697,Slice of Life
34697,Comedy
34698,Comedy
34698,Supernatural
34698,School
34699,Slice of Life
34700,Kids
34700,Parody
34701,Action
34701,Comedy
34701,Kids
34704,Kids
34705,Kids
34705,Magic
34706,Historical
34706,Kids
34707,Kids
34707,Sports
34708,Slice of Life
34710,Comedy
34711,Slice of Life
34712,Mystery
34712,Super Power
34712,Drama
34712,Fantasy
34712,Shoujo
34716,Sports
34717,Kids
34718,Dementia
34719,Music
34720,Dementia
34721,Action
34721,Samurai
34722,Comedy
34723,Parody
34724,Comedy
34724,Fantasy
34725,Game
34726,Slice of Life
34733,Slice of Life
34734,Sports
34734,School
34734,Shounen
34738,Historical
34738,Demons
34738,Supernatural
34738,Samurai
34740,Hentai
34741,Adventure
34741,Mecha
34741,Police
34741,Sci-Fi
34742,Military
34742,Comedy
34742,Parody
34743,Historical
34743,Kids
34744,Slice of Life
34744,Drama
34745,Adventure
34745,Fantasy
34745,Magic
34745,Comedy
34745,Shounen
34746,Slice of Life
34747,Hentai
34751,Music
34751,Shounen
34751,Vampire
34753,Sci-Fi
34753,Mystery
34753,Psychological
34753,Supernatural
34754,Slice of Life
34754,Magic
34754,Fantasy
34755,Comedy
34755,Kids
34756,Adventure
34756,Kids
34757,Slice of Life
34758,Hentai
34759,Hentai
34762,Comedy
34762,Parody
34762,School
34763,Comedy
34763,Parody
34764,Comedy
34764,Parody
34764,School
34765,Comedy
34765,Parody
34766,Action
34766,Fantasy
34771,Music
34776,Action
34776,Sci-Fi
34776,Adventure
34776,Drama
34776,Mecha
34777,Action
34777,Historical
34777,Drama
34779,Action
34779,Fantasy
34782,Comedy
34782,Ecchi
34782,Fantasy
34784,Comedy
34784,Sports
34784,School
34784,Shounen
34785,Slice of Life
34787,Music
34787,School
34787,Shoujo
34790,Slice of Life
34792,Adventure
34792,Music
34792,Supernatural
34792,Fantasy
34794,Comedy
34794,Kids
34795,Hentai
34798,Slice of Life
34798,Comedy
34799,Sci-Fi
34799,Comedy
34799,Shoujo
34800,Comedy
34800,School
34800,Slice of Life
34802,Music
34802,Slice of Life
34812,Action
34812,Drama
34812,Magic
34812,Martial Arts
34813,Comedy
34813,Kids
34815,Kids
34815,Fantasy
34817,Comedy
34817,Shounen
34818,Drama
34820,Action
34820,Sci-Fi
34820,Comedy
34820,Super Power
34820,Mecha
34820,Shounen
34821,Hentai
34822,Romance
34822,School
34823,Drama
34823,Ecchi
34823,Romance
34825,Comedy
34825,Seinen
34825,Sports
34826,Slice of Life
34826,Fantasy
34830,Harem
34830,Demons
34830,Supernatural
34830,Romance
34830,Vampire
34830,Shoujo
34831,Slice of Life
34831,Comedy
34832,Action
34832,Military
34832,Sci-Fi
34832,Music
34832,Space
34832,Romance
34832,Mecha
34834,Action
34834,Comedy
34834,Fantasy
34834,School
34835,Action
34835,Comedy
34835,Ecchi
34835,Samurai
34835,Seinen
34836,Game
34839,Slice of Life
34839,Drama
34839,School
34840,Drama
34841,Slice of Life
34841,Comedy
34841,Supernatural
34843,Comedy
34843,Parody
34843,Fantasy
34844,Comedy
34844,Parody
34844,Fantasy
34845,Comedy
34845,Parody
34845,Fantasy
34847,Comedy
34847,Fantasy
34847,Game
34847,Parody
34849,Dementia
34850,Comedy
34850,Dementia
34851,Dementia
34852,Slice of Life
34852,Kids
34852,Drama
34855,Comedy
34855,Demons
34855,Supernatural
34855,School
34855,Shounen
34856,Music
34857,Music
34858,Music
34859,Music
34860,Music
34861,Music
34862,Action
34862,Fantasy
34863,Action
34863,Slice of Life
34863,Comedy
34863,Historical
34863,Drama
34863,Fantasy
34864,Comedy
34866,Action
34866,Game
34866,Sci-Fi
34866,Fantasy
34866,Shounen
34868,Kids
34870,Music
34870,Slice of Life
34871,Kids
34871,Fantasy
34871,Comedy
34872,Comedy
34877,Sci-Fi
34877,Comedy
34877,Shounen
34878,Sci-Fi
34878,Comedy
34878,Shounen
34881,Comedy
34881,Romance
34881,School
34881,Shounen
34884,Comedy
34884,Ecchi
34884,Shounen
34884,Sports
34887,Dementia
34887,Fantasy
34888,Comedy
34888,Shounen
34889,Music
34891,Comedy
34892,Adventure
34893,Drama
34893,Fantasy
34895,Hentai
34895,Drama
34895,School
34899,Hentai
34899,Demons
34900,Mystery
34900,Drama
34901,Action
34901,Adventure
34901,Sci-Fi
34901,Shounen
34901,Sports
34902,Comedy
34902,Romance
34902,School
34902,Shounen
34903,Action
34903,Mecha
34903,School
34904,Military
34904,Magic
34905,Action
34905,Adventure
34905,Comedy
34905,Shounen
34907,Kids
34908,Music
34910,Music
34911,Music
34911,Comedy
34914,Game
34914,Slice of Life
34914,Comedy
34915,Music
34918,Comedy
34918,Parody
34919,Comedy
34919,Parody
34924,Historical
34925,Historical
34926,Drama
34926,Historical
34927,Slice of Life
34927,Magic
34927,Fantasy
34928,Sci-Fi
34928,Comedy
34929,Action
34930,Cars
34931,Kids
34933,Game
34933,Mystery
34933,Psychological
34933,Drama
34933,School
34933,Shounen
34934,Drama
34934,Romance
34934,School
34935,Kids
34936,Game
34936,Music
34936,Fantasy
34937,Hentai
34939,Game
34939,Fantasy
34940,Adventure
34940,Historical
34940,Demons
34940,Supernatural
34941,Action
34941,Adventure
34941,Ecchi
34941,Fantasy
34943,Music
34943,School
34944,Action
34944,Comedy
34944,Mystery
34944,Super Power
34944,Supernatural
34946,Fantasy
34948,Historical
34948,Samurai
34948,Fantasy
34948,Josei
34949,Comedy
34952,Music
34954,Historical
34954,Samurai
34955,Adventure
34957,Fantasy
34958,Military
34959,Hentai
34960,Comedy
34961,Game
34962,Action
34962,Adventure
34962,Comedy
34962,Drama
34963,Hentai
34964,Action
34964,Ecchi
34964,Sci-Fi
34964,Seinen
34966,Horror
34966,Mystery
34966,Psychological
34966,Supernatural
34969,Fantasy
34972,Drama
34973,Music
34973,School
34973,Slice of Life
34974,Fantasy
34974,Horror
34974,Mystery
34975,Action
34975,Super Power
34975,Kids
34978,Comedy
34978,Historical
34979,Slice of Life
34979,Comedy
34979,Seinen
34980,Comedy
34982,Adventure
34984,Romance
34984,Seinen
34985,Kids
34985,Mecha
34990,Kids
34990,Fantasy
34992,Kids
34993,Unknown
34997,Drama
34999,Comedy
34999,Ecchi
34999,Supernatural
35000,Comedy
35000,Ecchi
35000,Harem
35000,Romance
35000,School
35000,Sci-Fi
35000,Shounen
35002,Comedy
35002,Parody
35003,Kids
35003,Music
35004,Slice of Life
35004,School
35004,Seinen
35006,Music
35007,Comedy
35007,Historical
35007,Supernatural
35008,Magic
35008,Fantasy
35008,Shoujo
35009,Action
35009,Adventure
35009,Demons
35009,Drama
35009,Fantasy
35009,Horror
35009,Military
35009,Romance
35009,Seinen
35009,Supernatural
35011,Comedy
35015,Slice of Life
35015,Comedy
35015,School
35018,Comedy
35018,Parody
35020,Drama
35021,Drama
35022,Drama
35023,Drama
35024,Demons
35024,Drama
35025,Sports
35026,Kids
35026,Drama
35027,Drama
35028,Hentai
35029,Harem
35029,Hentai
35029,Supernatural
35029,Fantasy
35030,Drama
35030,Historical
35031,Drama
35031,Historical
35032,Kids
35033,Cars
35033,Kids
35034,Kids
35034,Supernatural
35035,Kids
35035,Supernatural
35036,Kids
35037,Kids
35038,Kids
35038,Music
35039,Kids
35039,Fantasy
35040,Kids
35041,Kids
35041,Sci-Fi
35042,Kids
35042,Sci-Fi
35044,Comedy
35044,Super Power
35047,Music
35047,Drama
35048,Demons
35048,Kids
35049,Adventure
35049,Fantasy
35049,Historical
35049,Kids
35049,Magic
35049,Romance
35049,Supernatural
35050,Music
35050,Kids
35050,Fantasy
35051,Adventure
35051,Demons
35051,Fantasy
35051,Historical
35051,Kids
35051,Magic
35051,Supernatural
35052,Historical
35052,Kids
35052,Fantasy
35053,Historical
35053,Kids
35053,Fantasy
35054,Kids
35055,Kids
35056,Kids
35057,Kids
35058,Historical
35058,Kids
35059,Historical
35059,Kids
35060,Horror
35060,Kids
35061,Kids
35061,Fantasy
35062,Slice of Life
35062,Magic
35062,Fantasy
35062,Shounen
35063,Action
35063,Adventure
35063,Magic
35063,Fantasy
35067,Comedy
35067,Parody
35069,Horror
35069,Supernatural
35070,Comedy
35070,Parody
35070,School
35071,Slice of Life
35071,Comedy
35071,Kids
35072,Action
35072,Adventure
35072,Comedy
35072,Super Power
35072,Martial Arts
35072,Shounen
35073,Action
35073,Game
35073,Adventure
35073,Supernatural
35073,Magic
35073,Fantasy
35074,Adventure
35074,Comedy
35074,Kids
35075,Comedy
35075,Demons
35075,Fantasy
35075,Seinen
35075,Supernatural
35076,Action
35077,Music
35077,Ecchi
35078,Comedy
35078,Shounen
35078,Slice of Life
35079,Action
35079,Adventure
35079,Slice of Life
35081,Comedy
35081,Music
35081,Slice of Life
35082,Drama
35082,Music
35082,School
35084,Fantasy
35084,Kids
35084,Magic
35085,Drama
35085,Kids
35086,Action
35086,Historical
35086,Supernatural
35090,Fantasy
35090,Kids
35091,Drama
35091,Historical
35092,Historical
35093,Drama
35093,Historical
35094,Drama
35094,Historical
35095,Drama
35095,Historical
35096,Drama
35096,Historical
35098,Fantasy
35098,Historical
35098,Kids
35099,Drama
35099,Kids
35100,Drama
35100,Kids
35101,Kids
35102,Historical
35102,Kids
35103,Historical
35103,Kids
35104,Kids
35104,Supernatural
35105,Historical
35105,Kids
35106,Kids
35106,Martial Arts
35107,Kids
35107,Martial Arts
35108,Kids
35108,Martial Arts
35109,Kids
35109,Martial Arts
35110,Comedy
35110,Drama
35110,School
35110,Shounen
35110,Sports
35111,Comedy
35111,Drama
35111,School
35111,Shounen
35111,Sports
35112,Comedy
35112,Kids
35113,Comedy
35114,Drama
35114,School
35115,Psychological
35115,Seinen
35115,Supernatural
35116,Comedy
35116,Psychological
35116,Supernatural
35116,Drama
35116,Seinen
35118,Comedy
35118,Shounen
35119,Music
35120,Action
35120,Dementia
35120,Demons
35120,Horror
35120,Supernatural
35121,Horror
35121,Demons
35121,Supernatural
35121,Thriller
35121,School
35122,Action
35122,Fantasy
35122,Shounen
35123,Drama
35123,Kids
35124,Kids
35124,Drama
35125,Drama
35125,Kids
35126,Drama
35126,Kids
35127,Drama
35127,Kids
35128,Drama
35128,Kids
35129,Drama
35129,Kids
35130,Kids
35130,Drama
35131,Magic
35131,Fantasy
35133,Comedy
35134,Adventure
35134,Drama
35134,Mecha
35134,Sci-Fi
35135,Adventure
35135,Drama
35135,Mecha
35135,Sci-Fi
35136,Sci-Fi
35136,Adventure
35136,Drama
35136,Mecha
35137,Action
35137,Comedy
35137,Mecha
35138,Action
35138,Sci-Fi
35138,Kids
35138,Mecha
35139,Comedy
35140,Comedy
35140,Historical
35140,Parody
35140,Horror
35140,Supernatural
35141,Comedy
35141,Historical
35141,Parody
35141,Horror
35142,Comedy
35142,Parody
35143,Comedy
35143,Parody
35145,Slice of Life
35145,Comedy
35145,Fantasy
35147,Kids
35147,Drama
35148,Kids
35149,Drama
35149,Kids
35150,Kids
35150,Sci-Fi
35151,Kids
35152,Kids
35153,Kids
35153,Fantasy
35154,Kids
35155,Drama
35155,Kids
35156,Action
35156,Drama
35156,Shounen
35158,Psychological
35158,Supernatural
35158,Seinen
35159,Music
35159,Romance
35159,School
35159,Shoujo Ai
35160,Kids
35161,Kids
35162,Kids
35163,Kids
35164,Kids
35165,Kids
35166,Kids
35167,Kids
35167,Sci-Fi
35168,Kids
35169,Fantasy
35169,Kids
35170,Kids
35171,Fantasy
35171,Kids
35172,Kids
35173,Kids
35173,Super Power
35174,Kids
35175,Kids
35176,Kids
35177,Kids
35178,Hentai
35180,Drama
35180,Game
35180,Seinen
35180,Slice of Life
35182,Slice of Life
35182,Comedy
35182,Parody
35182,Magic
35182,School
35183,Comedy
35183,Drama
35183,Seinen
35183,Sports
35191,School
35191,Slice of Life
35191,Sports
35198,School
35198,Slice of Life
35198,Sports
35202,Action
35203,Adventure
35203,Harem
35203,Comedy
35203,Magic
35203,Romance
35203,Fantasy
35204,Action
35204,Adventure
35204,Drama
35204,Martial Arts
35204,Romance
35205,Comedy
35205,Sci-Fi
35206,Action
35206,Fantasy
35206,Magic
35206,Slice of Life
35210,Demons
35210,Supernatural
35210,Fantasy
35211,Mystery
35211,Sci-Fi
35211,Shounen
35211,Thriller
35212,Unknown
35213,Action
35213,Comedy
35213,Supernatural
35215,Slice of Life
35215,Shoujo
35219,Comedy
35219,Parody
35219,Super Power
35220,Slice of Life
35220,Mystery
35220,Supernatural
35222,Comedy
35222,School
35222,Shoujo
35222,Slice of Life
35224,Action
35224,Military
35224,Sci-Fi
35224,Space
35224,Mecha
35226,Comedy
35227,Comedy
35228,Comedy
35228,Historical
35228,Romance
35228,Shoujo
35229,Kids
35230,Comedy
35230,Super Power
35230,Shounen
35231,Mystery
35231,Supernatural
35231,Drama
35233,Comedy
35234,Comedy
35235,Comedy
35235,Slice of Life
35237,Comedy
35237,Romance
35237,Ecchi
35237,School
35237,Shounen
35238,Hentai
35239,Slice of Life
35239,Comedy
35240,Action
35240,Mystery
35240,Historical
35241,Slice of Life
35241,Fantasy
35241,Seinen
35241,Shoujo Ai
35242,Drama
35243,Kids
35243,Drama
35247,Mystery
35247,Comedy
35247,Supernatural
35247,Vampire
35248,Mystery
35248,Supernatural
35249,Comedy
35249,Slice of Life
35249,Sports
35250,Comedy
35250,Fantasy
35250,Psychological
35250,Sci-Fi
35251,Historical
35251,Romance
35251,Fantasy
35252,Comedy
35252,Supernatural
35252,Romance
35252,Ecchi
35254,Adventure
35254,Comedy
35254,Historical
35254,Mecha
35255,Sci-Fi
35262,Action
35262,Comedy
35262,Super Power
35263,Drama
35263,Fantasy
35263,Music
35264,Music
35265,Action
35265,Game
35265,Fantasy
35266,Fantasy
35266,Horror
35266,Seinen
35266,Vampire
35267,Action
35267,Fantasy
35267,Shounen
35267,Super Power
35270,Comedy
35272,Kids
35273,Kids
35273,Super Power
35274,Drama
35274,Kids
35275,Kids
35276,Kids
35276,Music
35277,Drama
35277,Historical
35278,Kids
35279,Kids
35280,Kids
35281,Fantasy
35281,Kids
35283,Comedy
35284,Slice of Life
35284,Seinen
35285,Comedy
35285,School
35285,Seinen
35285,Slice of Life
35286,Sci-Fi
35287,Slice of Life
35287,Comedy
35294,Music
35295,Sci-Fi
35295,Slice of Life
35295,Comedy
35295,Kids
35295,School
35297,Comedy
35297,Parody
35297,Fantasy
35298,Comedy
35298,Slice of Life
35300,Drama
35300,Magic
35301,Action
35301,Comedy
35301,Historical
35302,Historical
35302,Parody
35302,Kids
35302,Samurai
35303,Historical
35303,Kids
35303,Supernatural
35305,Comedy
35305,Slice of Life
35306,Comedy
35306,Slice of Life
35307,Comedy
35307,Slice of Life
35308,Comedy
35308,Slice of Life
35309,Slice of Life
35309,Comedy
35310,Comedy
35311,Comedy
35311,Slice of Life
35312,Comedy
35312,Slice of Life
35313,Adventure
35313,Comedy
35314,Action
35314,School
35314,Shounen
35315,Sci-Fi
35315,Mystery
35315,Psychological
35315,Supernatural
35317,Comedy
35317,Slice of Life
35319,Horror
35319,School
35320,Fantasy
35320,Romance
35320,Shoujo
35321,School
35321,Shounen
35321,Sports
35322,Music
35324,Music
35326,Action
35326,Fantasy
35326,Shounen
35327,Parody
35327,Sports
35328,Comedy
35328,Parody
35329,Parody
35329,Super Power
35330,Comedy
35330,Dementia
35330,Parody
35331,Comedy
35332,Slice of Life
35332,Comedy
35333,Action
35333,Super Power
35333,Supernatural
35334,Music
35334,Comedy
35335,Comedy
35335,School
35335,Slice of Life
35338,Harem
35338,Comedy
35338,Romance
35338,Ecchi
35338,School
35339,Music
35343,Hentai
35345,Comedy
35345,Parody
35346,Comedy
35346,Slice of Life
35347,Comedy
35347,Fantasy
35349,Kids
35350,Music
35353,Fantasy
35362,Music
35362,Comedy
35362,Fantasy
35363,Slice of Life
35363,Comedy
35363,Fantasy
35364,Kids
35364,Magic
35365,Kids
35365,Magic
35366,Historical
35367,Music
35367,Romance
35367,Seinen
35368,Music
35368,Romance
35369,Sci-Fi
35370,Comedy
35370,Sports
35372,Music
35372,Kids
35372,Fantasy
35376,Comedy
35376,School
35376,Seinen
35376,Slice of Life
35379,Action
35379,Fantasy
35379,Martial Arts
35382,Music
35382,Sports
35383,Comedy
35383,Historical
35383,Fantasy
35385,Comedy
35385,Kids
35386,Military
35387,Drama
35387,Historical
35388,Comedy
35389,Adventure
35390,Kids
35391,Drama
35394,Demons
35394,Historical
35394,Military
35395,Kids
35398,Military
35399,Action
35399,Historical
35399,Supernatural
35400,Fantasy
35400,Historical
35401,Military
35401,Sci-Fi
35401,Supernatural
35402,Dementia
35403,Kids
35404,Mystery
35405,Dementia
35406,Dementia
35407,Dementia
35408,Kids
35409,Kids
35410,Kids
35411,Game
35411,Fantasy
35413,Comedy
35413,Romance
35416,School
35417,Ecchi
35417,Fantasy
35418,Ecchi
35418,Fantasy
35419,Music
35423,Music
35424,Action
35424,Historical
35424,Supernatural
35425,Action
35425,Historical
35425,Supernatural
35427,Comedy
35427,Parody
35427,School
35432,Fantasy
35433,Comedy
35433,Parody
35433,Ecchi
35433,Fantasy
35434,Slice of Life
35434,Romance
35442,Slice of Life
35443,Slice of Life
35444,Supernatural
35446,Hentai
35446,Demons
35447,Comedy
35448,Comedy
35448,Parody
35450,Dementia
35452,Comedy
35452,Parody
35453,Game
35453,Parody
35454,Comedy
35454,Kids
35454,Sci-Fi
35455,Comedy
35455,Sports
35456,Music
35458,Magic
35458,Supernatural
35459,Action
35459,Comedy
35459,Super Power
35459,School
35459,Shounen
35465,Action
35465,Game
35465,Music
35465,Fantasy
35466,Romance
35466,School
35466,Slice of Life
35472,Slice of Life
35472,Comedy
35472,Magic
35472,Fantasy
35473,Slice of Life
35473,Comedy
35473,Magic
35473,Fantasy
35475,Historical
35475,Music
35475,Parody
35476,Adventure
35476,Kids
35478,Slice of Life
35478,Comedy
35480,Horror
35480,School
35480,Shounen
35484,Slice of Life
35484,Comedy
35484,Romance
35488,Fantasy
35488,Kids
35489,Fantasy
35489,Kids
35490,Historical
35490,Fantasy
35491,Historical
35492,Fantasy
35492,Historical
35493,Historical
35494,Adventure
35494,Drama
35495,Adventure
35495,Drama
35496,Horror
35497,Adventure
35498,Hentai
35498,School
35499,Hentai
35500,Comedy
35500,Sports
35501,Comedy
35501,Parody
35501,Magic
35502,Comedy
35502,Music
35503,Music
35503,School
35504,Action
35504,Music
35505,Action
35505,Music
35507,Slice of Life
35507,Psychological
35507,Drama
35507,School
35508,Adventure
35508,Fantasy
35508,Kids
35510,Magic
35510,Parody
35511,Music
35511,Space
35512,Harem
35512,Hentai
35512,School
35513,Comedy
35513,Kids
35514,Music
35516,Music
35516,Comedy
35517,Music
35517,Comedy
35519,Comedy
35519,Magic
35520,Action
35520,Military
35520,Sci-Fi
35521,Action
35521,Military
35521,Sci-Fi
35522,Slice of Life
35522,Comedy
35522,School
35525,Music
35525,Slice of Life
35525,Kids
35526,Music
35526,Slice of Life
35526,Kids
35527,Game
35528,Drama
35528,Sports
35529,Sports
35529,Drama
35530,Music
35530,Kids
35531,Kids
35531,Music
35532,Music
35532,Kids
35533,Music
35533,Kids
35534,Music
35534,Kids
35535,Music
35535,Kids
35536,Music
35536,Kids
35537,Music
35537,Kids
35538,Adventure
35538,Comedy
35540,Comedy
35540,School
35540,Slice of Life
35541,Game
35541,Adventure
35541,Cars
35541,Kids
35541,Mecha
35542,Game
35542,Adventure
35542,Cars
35542,Kids
35542,Mecha
35543,Game
35543,Adventure
35543,Cars
35543,Kids
35543,Mecha
35545,Game
35545,Adventure
35545,Cars
35545,Kids
35545,Mecha
35551,Slice of Life
35552,Music
35552,Comedy
35553,Music
35554,Music
35557,Action
35557,Drama
35557,Fantasy
35557,Mystery
35557,Seinen
35558,Hentai
35559,Ecchi
35559,Fantasy
35560,Comedy
35560,Music
35563,Slice of Life
35566,Music
35567,Action
35567,Sci-Fi
35567,Mecha
35573,Hentai
35574,Comedy
35574,Seinen
35574,Sports
35575,Comedy
35576,Comedy
35577,Comedy
35579,Comedy
35581,Hentai
35585,Music
35586,Sci-Fi
35586,Mecha
35586,School
35587,Music
35587,Kids
35588,Music
35588,Kids
35589,Action
35589,Fantasy
35590,Comedy
35590,Parody
35592,Hentai
35593,Adventure
35593,Kids
35593,Slice of Life
35594,Action
35594,Fantasy
35602,Romance
35602,School
35603,Sci-Fi
35605,Unknown
35608,Comedy
35608,Drama
35608,Romance
35608,School
35608,Slice of Life
35609,Adventure
35609,Magic
35609,Fantasy
35610,Slice of Life
35611,Slice of Life
35612,Comedy
35612,Parody
35616,Fantasy
35616,Kids
35617,Kids
35617,Magic
35617,Music
35618,Kids
35618,Fantasy
35619,Kids
35619,Slice of Life
35621,Game
35621,Fantasy
35623,Unknown
35624,Slice of Life
35624,Comedy
35625,Fantasy
35625,Game
35625,Magic
35625,Music
35626,Action
35626,Adventure
35626,Demons
35626,Romance
35626,Martial Arts
35626,Fantasy
35627,Drama
35627,Historical
35627,Music
35627,Romance
35627,Shoujo
35628,Drama
35628,Historical
35628,Music
35628,Romance
35628,Shoujo
35629,Drama
35629,Ecchi
35629,Romance
35631,Comedy
35631,Parody
35632,Comedy
35632,Parody
35633,Adventure
35633,Fantasy
35635,Action
35635,Game
35635,Music
35635,Fantasy
35639,Slice of Life
35639,Drama
35639,Romance
35639,School
35641,Adventure
35641,Comedy
35641,Kids
35641,Magic
35642,Cars
35642,Kids
35643,Game
35643,Kids
35643,Magic
35643,Fantasy
35645,Harem
35645,Music
35645,Comedy
35645,Romance
35645,Shoujo
35648,Parody
35650,Adventure
35650,Romance
35650,Martial Arts
35650,Fantasy
35651,Music
35652,Comedy
35652,Parody
35652,Supernatural
35652,Seinen
35654,Action
35654,Music
35656,Mystery
35656,Comedy
35656,Kids
35656,Fantasy
35658,Comedy
35658,Sports
35658,Shounen
35663,Music
35663,Kids
35666,Music
35666,Kids
35667,Music
35668,Kids
35668,Music
35669,Music
35669,Kids
35670,Music
35670,Kids
35671,Music
35671,Kids
35672,Adventure
35672,Comedy
35672,Slice of Life
35673,Adventure
35673,Comedy
35673,Slice of Life
35674,Adventure
35674,Historical
35674,Drama
35676,Action
35676,Adventure
35676,Demons
35676,Drama
35676,Fantasy
35676,Horror
35676,Magic
35676,Supernatural
35677,Drama
35677,Music
35677,School
35678,Music
35678,Drama
35678,School
35680,Unknown
35681,Unknown
35682,Unknown
35683,Unknown
35684,Action
35684,Fantasy
35686,Comedy
35686,Seinen
35691,Action
35691,Mecha
35691,Military
35691,Sci-Fi
35691,Space
35694,Adventure
35695,Kids
35695,Fantasy
35696,Kids
35697,Kids
35697,Magic
35698,Sports
35698,Kids
35699,Kids
35700,Kids
35701,Kids
35702,Comedy
35703,Kids
35703,Supernatural
35704,Comedy
35704,Music
35704,Parody
35706,Drama
35706,Fantasy
35707,Music
35707,Dementia
35708,Unknown
35709,Dementia
35709,Supernatural
35710,Comedy
35710,Kids
35712,Harem
35712,Comedy
35712,Romance
35712,Ecchi
35712,School
35714,Dementia
35714,Horror
35714,Supernatural
35716,Action
35716,Police
35720,Slice of Life
35720,Seinen
35721,Unknown
35722,Unknown
35723,Unknown
35726,Hentai
35727,Hentai
35730,Military
35730,Sci-Fi
35730,Space
35730,Comedy
35730,Parody
35732,Music
35732,Dementia
35734,Music
35735,Music
35737,Action
35737,Sci-Fi
35737,Mystery
35737,Psychological
35737,Mecha
35737,Seinen
35739,Comedy
35739,Parody
35740,Adventure
35740,Fantasy
35740,Kids
35745,Comedy
35745,Parody
35745,School
35746,Comedy
35746,Drama
35746,Romance
35746,School
35746,Shounen Ai
35746,Slice of Life
35746,Supernatural
35746,Yaoi
35747,Kids
35749,Fantasy
35752,Music
35752,Psychological
35756,Slice of Life
35756,Comedy
35757,Adventure
35757,Fantasy
35759,Action
35759,Sci-Fi
35759,Space
35759,Mecha
35759,Seinen
35760,Action
35760,Military
35760,Mystery
35760,Super Power
35760,Drama
35760,Fantasy
35760,Shounen
35770,Slice of Life
35770,Magic
35770,Romance
35773,Comedy
35774,Music
35776,Action
35776,Fantasy
35776,Magic
35776,Mystery
35777,Kids
35778,Music
35780,Hentai
35780,Demons
35781,Hentai
35782,Music
35782,Kids
35783,Kids
35783,Music
35784,Music
35784,Kids
35785,Music
35785,Kids
35786,Music
35788,Ecchi
35788,School
35788,Shounen
35789,Comedy
35789,Drama
35789,Shounen
35789,Sports
35790,Action
35790,Adventure
35790,Drama
35790,Fantasy
35798,Action
35798,Drama
35798,Mystery
35798,Police
35799,Action
35799,Adventure
35800,Sci-Fi
35800,Adventure
35800,Music
35805,Slice of Life
35805,Comedy
35806,Sports
35806,Shounen
35809,Music
35814,Fantasy
35815,Mystery
35815,Psychological
35815,Supernatural
35815,Seinen
35817,Comedy
35818,Slice of Life
35821,Comedy
35821,Seinen
35823,Comedy
35823,Vampire
35823,Fantasy
35823,School
35823,Seinen
35827,Hentai
35828,Slice of Life
35828,Comedy
35828,Supernatural
35834,Action
35834,Drama
35834,Historical
35834,Military
35834,Samurai
35835,Action
35835,Sci-Fi
35835,Drama
35838,Adventure
35838,Mystery
35838,Sci-Fi
35838,Slice of Life
35839,Adventure
35839,Comedy
35839,Drama
35840,Sci-Fi
35842,Action
35842,Comedy
35842,Dementia
35842,Mecha
35842,Parody
35842,Sci-Fi
35843,Action
35843,Comedy
35843,Historical
35843,Parody
35843,Samurai
35843,Sci-Fi
35843,Shounen
35847,Action
35847,Sci-Fi
35847,Mecha
35848,Action
35848,Mecha
35848,Sci-Fi
35848,Super Power
35849,Action
35849,Drama
35849,Mecha
35849,Romance
35849,Sci-Fi
35851,Drama
35851,Fantasy
35853,Action
35853,Sci-Fi
35853,Adventure
35854,Action
35854,Sci-Fi
35854,Adventure
35855,Action
35855,Sci-Fi
35855,Adventure
35857,Action
35857,Adventure
35857,Comedy
35857,Mystery
35857,Seinen
35858,Slice of Life
35859,Comedy
35859,Parody
35860,Slice of Life
35860,Comedy
35860,Romance
35860,School
35860,Shounen
35868,Action
35868,School
35880,Comedy
35880,Sports
35880,Drama
35880,Shounen
35883,Slice of Life
35883,Comedy
35889,Action
35889,Mystery
35890,Comedy
35891,Hentai
35901,Action
35901,Mystery
35901,Comedy
35901,Police
35901,Shounen
35905,Comedy
35905,Game
35905,Slice of Life
35909,Adventure
35909,Comedy
35909,Slice of Life
35909,Super Power
35910,Action
35910,Kids
35910,Sci-Fi
35912,Adventure
35912,Kids
35912,Sports
35913,Adventure
35913,Kids
35914,Comedy
35920,Slice of Life
35921,Action
35921,Police
35921,Kids
35921,Drama
35923,Slice of Life
35923,Comedy
35926,Hentai
35928,Action
35928,Drama
35928,Romance
35928,Seinen
35928,Supernatural
35928,Vampire
35931,Hentai
35932,Drama
35933,Adventure
35935,Music
35935,Dementia
35936,Hentai
35946,Action
35946,Adventure
35946,Supernatural
35946,Magic
35946,Fantasy
35946,Shounen
35949,Action
35949,Military
35949,Sci-Fi
35949,Space
35949,Drama
35949,Mecha
35952,Action
35952,Horror
35952,Demons
35952,Supernatural
35956,Adventure
35956,Fantasy
35957,Comedy
35957,Slice of Life
35958,Music
35960,Comedy
35960,Romance
35960,School
35962,Kids
35962,Music
35963,Comedy
35964,Action
35964,Drama
35964,Historical
35964,Martial Arts
35965,Fantasy
35965,Magic
35968,Comedy
35968,Romance
35968,Slice of Life
35971,Music
35971,Comedy
35971,School
35972,Action
35972,Adventure
35972,Comedy
35972,Magic
35972,Fantasy
35972,Shounen
35974,Music
35975,Slice of Life
35976,Slice of Life
35978,Music
35979,Music
35980,Music
35980,Slice of Life
35981,Slice of Life
35982,Action
35982,Sci-Fi
35982,Mecha
35983,Slice of Life
35983,Sports
35984,Action
35984,Comedy
35984,Drama
35984,Magic
35984,Super Power
35985,Comedy
35985,Slice of Life
35988,Adventure
35988,Comedy
35988,Romance
35988,Fantasy
35992,Kids
35994,Adventure
35994,Horror
35994,Psychological
35994,Thriller
35996,Romance
35996,Sci-Fi
35997,Fantasy
35997,Magic
35997,School
35999,Action
35999,Adventure
35999,Magic
35999,Fantasy
36000,Sci-Fi
36000,Adventure
36000,Space
36000,Fantasy
36001,Seinen
36001,Slice of Life
36002,Comedy
36002,Historical
36003,Comedy
36003,Horror
36003,Kids
36003,Supernatural
36005,School
36006,School
36009,Sports
36010,Hentai
36015,Action
36015,Adventure
36015,Comedy
36015,Fantasy
36015,Martial Arts
36015,Shounen
36016,Kids
36016,Fantasy
36018,Game
36018,Parody
36021,Unknown
36022,Action
36022,Game
36022,Shounen
36023,Action
36023,Fantasy
36023,Supernatural
36027,Mystery
36027,Dementia
36027,Horror
36027,Supernatural
36027,Drama
36027,School
36028,Action
36028,Adventure
36028,Historical
36028,Seinen
36029,Adventure
36029,Demons
36029,Fantasy
36029,Shounen
36029,Supernatural
36030,Comedy
36030,Parody
36032,Supernatural
36032,Drama
36032,Romance
36033,Hentai
36036,Action
36036,Adventure
36036,Kids
36037,Action
36037,Comedy
36037,Ecchi
36037,School
36038,Game
36038,Comedy
36038,Romance
36039,Action
36039,Sci-Fi
36040,Sci-Fi
36040,Adventure
36040,Fantasy
36040,Shounen
36043,Game
36043,Comedy
36043,Romance
36049,Slice of Life
36049,Comedy
36049,Shounen
36050,Music
36050,Comedy
36051,Hentai
36052,Hentai
36055,Music
36055,Kids
36056,Music
36057,Music
36057,Kids
36061,Music
36062,Music
36062,Sports
36063,Music
36064,Action
36064,Fantasy
36065,Music
36066,Music
36067,Music
36069,Music
36070,Music
36071,Music
36072,Music
36073,Comedy
36074,Music
36077,Action
36077,Space
36077,Mecha
36077,Military
36077,Music
36077,Sci-Fi
36078,Music
36079,Music
36080,Music
36081,Music
36082,Music
36083,Game
36083,Psychological
36084,Music
36085,Music
36086,Music
36087,Music
36088,Music
36089,Music
36090,Music
36091,Music
36092,Music
36093,Music
36094,Fantasy
36094,Seinen
36094,Slice of Life
36095,Music
36096,Music
36096,Dementia
36097,Slice of Life
36097,Fantasy
36098,Drama
36099,Kids
36099,Fantasy
36101,Music
36102,Music
36103,Music
36104,Drama
36106,Action
36106,Horror
36106,Supernatural
36106,Drama
36106,Fantasy
36107,Kids
36108,Comedy
36108,Slice of Life
36109,Hentai
36111,Music
36112,Game
36112,Slice of Life
36113,Music
36114,Music
36115,Dementia
36115,Music
36116,Music
36117,Music
36117,Dementia
36118,Sports
36119,Comedy
36119,Sports
36119,Fantasy
36121,Harem
36121,Hentai
36122,Hentai
36124,Mystery
36124,Comedy
36124,Horror
36124,Demons
36124,Psychological
36124,Supernatural
36124,Drama
36124,Thriller
36124,School
36125,Music
36127,Historical
36127,Drama
36129,Kids
36129,Music
36130,Music
36130,Historical
36130,Samurai
36132,Comedy
36132,Parody
36135,Demons
36135,Horror
36135,Parody
36136,Music
36136,Space
36137,Hentai
36139,Historical
36139,Drama
36144,Action
36144,Demons
36144,Supernatural
36144,Fantasy
36145,Adventure
36145,Shoujo
36148,Adventure
36148,Comedy
36148,Fantasy
36151,Slice of Life
36152,Horror
36152,Supernatural
36155,Slice of Life
36156,Fantasy
36157,Dementia
36157,Music
36157,Sports
36158,Music
36158,Dementia
36159,Music
36160,Action
36160,Comedy
36160,Romance
36160,Fantasy
36161,Sci-Fi
36161,Kids
36161,Martial Arts
36162,Slice of Life
36163,Fantasy
36163,Shounen
36164,Action
36164,Military
36164,Sci-Fi
36164,Slice of Life
36164,Space
36164,Comedy
36166,Sci-Fi
36166,Comedy
36167,Kids
36169,Music
36170,Music
36172,Music
36173,Music
36175,Music
36180,Music
36181,Music
36182,Dementia
36183,Music
36184,Adventure
36184,Martial Arts
36185,Magic
36185,Romance
36185,School
36186,Music
36191,Music
36194,Action
36194,Military
36194,Sci-Fi
36196,Comedy
36196,Fantasy
36196,Parody
36197,Action
36197,Sci-Fi
36197,Seinen
36197,Super Power
36198,Ecchi
36198,Romance
36198,School
36204,Music
36204,Romance
36214,Romance
36214,School
36214,Shoujo Ai
36215,Action
36215,Adventure
36215,Comedy
36215,Super Power
36215,Drama
36215,Fantasy
36215,Shounen
36220,Comedy
36220,Drama
36220,Romance
36220,School
36221,Slice of Life
36223,Slice of Life
36225,Hentai
36226,Action
36226,Comedy
36226,Historical
36228,Adventure
36228,Comedy
36228,Fantasy
36229,Music
36229,Romance
36229,Fantasy
36231,Adventure
36231,Comedy
36231,Fantasy
36232,Action
36232,Music
36232,Mecha
36233,Kids
36234,Comedy
36234,Kids
36239,Fantasy
36239,Shounen
36240,Fantasy
36240,Shounen
36241,Fantasy
36241,Shounen
36242,Fantasy
36242,Shounen
36245,Psychological
36245,School
36246,Action
36246,Game
36246,Fantasy
36248,Music
36248,Slice of Life
36248,School
36248,Seinen
36249,Music
36250,Comedy
36250,School
36250,Super Power
36252,Mystery
36252,Supernatural
36252,Romance
36252,Josei
36254,Hentai
36256,Hentai
36258,Music
36259,Comedy
36259,Kids
36259,Slice of Life
36261,Slice of Life
36261,Comedy
36261,Parody
36264,Dementia
36264,Music
36265,Kids
36265,Slice of Life
36266,Drama
36266,Horror
36266,Psychological
36266,Supernatural
36267,Comedy
36267,Mecha
36267,Sci-Fi
36267,Slice of Life
36267,Space
36269,Kids
36270,Kids
36270,School
36271,Kids
36272,Kids
36273,Kids
36273,Drama
36274,Kids
36275,Slice of Life
36275,Demons
36275,Supernatural
36275,Drama
36275,Shoujo
36278,Sci-Fi
36279,Kids
36280,Dementia
36281,Music
36286,Drama
36286,Fantasy
36287,Kids
36288,Action
36288,Game
36289,Music
36290,Action
36290,Demons
36290,Fantasy
36291,Fantasy
36292,Music
36292,Kids
36293,Music
36293,Space
36293,Kids
36294,Music
36294,Kids
36296,Comedy
36296,Sci-Fi
36296,Seinen
36296,Slice of Life
36296,Supernatural
36297,Music
36297,Sports
36298,Comedy
36298,Parody
36298,Mecha
36299,Kids
36299,Music
36300,Kids
36300,Music
36301,Kids
36301,Music
36302,Music
36302,Kids
36305,Romance
36305,School
36308,Sci-Fi
36308,Thriller
36309,Comedy
36309,School
36309,Supernatural
36310,Kids
36311,Kids
36312,Kids
36313,Kids
36313,Mecha
36313,Sci-Fi
36314,Kids
36314,Sci-Fi
36315,Kids
36316,Action
36316,Fantasy
36316,Game
36316,Sci-Fi
36317,Comedy
36317,Slice of Life
36318,Action
36318,Magic
36318,Fantasy
36318,School
36321,Kids
36322,Kids
36323,Kids
36324,Kids
36325,Kids
36326,Historical
36339,Comedy
36342,Action
36342,Comedy
36342,Mecha
36342,Military
36342,Sci-Fi
36343,Action
36343,Comedy
36343,Mecha
36343,Military
36343,Sci-Fi
36344,Action
36344,Military
36344,Sci-Fi
36344,Comedy
36344,Mecha
36345,Action
36345,Sci-Fi
36345,Adventure
36345,Fantasy
36347,Music
36347,Kids
36348,Music
36348,Kids
36349,Music
36349,Kids
36350,Music
36350,Kids
36351,Music
36351,Kids
36352,Music
36352,Kids
36353,Music
36353,Kids
36354,Music
36354,Kids
36355,Music
36355,Kids
36356,Music
36356,Kids
36357,Music
36357,Kids
36358,Music
36358,Kids
36359,Music
36359,Kids
36360,Music
36360,Kids
36361,Music
36361,Kids
36362,Music
36362,Kids
36368,Adventure
36368,Drama
36368,Fantasy
36369,Action
36369,Drama
36369,Military
36369,Sci-Fi
36369,Space
36370,Action
36370,Drama
36370,Military
36370,Sci-Fi
36370,Space
36371,Action
36371,Drama
36371,Military
36371,Sci-Fi
36371,Space
36372,Music
36372,Kids
36373,Magic
36373,Music
36374,Music
36374,Kids
36375,Music
36375,Kids
36376,Music
36376,Kids
36377,Music
36377,Kids
36378,Music
36378,Kids
36380,Kids
36380,Music
36381,Kids
36381,Music
36381,Supernatural
36382,Music
36382,Kids
36383,Music
36383,Kids
36384,Music
36384,Kids
36385,Music
36385,Kids
36386,Music
36386,Kids
36386,School
36387,Music
36387,Kids
36388,Music
36388,Kids
36389,Music
36389,Kids
36390,Kids
36390,Music
36391,Music
36391,Kids
36392,Music
36392,Kids
36393,Kids
36393,Music
36394,Music
36394,Kids
36395,Adventure
36395,Music
36395,Samurai
36396,Music
36396,Kids
36397,Sci-Fi
36397,Slice of Life
36398,Music
36398,Kids
36399,Music
36399,Kids
36400,Music
36400,Kids
36401,Music
36401,Kids
36402,Music
36402,Kids
36403,Music
36403,Kids
36404,Slice of Life
36407,Action
36407,Comedy
36407,Magic
36407,Romance
36407,Fantasy
36409,Music
36409,Comedy
36410,Kids
36411,Samurai
36411,Shounen
36418,Slice of Life
36419,Action
36419,Samurai
36419,Fantasy
36423,Action
36423,Kids
36423,Shounen
36424,Action
36424,Mystery
36425,Action
36425,Kids
36425,Shounen
36427,Action
36427,Kids
36427,Shounen
36428,Fantasy
36428,Magic
36428,Martial Arts
36428,Super Power
36429,Action
36429,Military
36429,Sci-Fi
36429,Adventure
36429,Mecha
36431,Slice of Life
36432,Action
36432,Sci-Fi
36432,Super Power
36432,Magic
36436,Action
36436,Military
36436,Sci-Fi
36436,Space
36436,Mecha
36439,Comedy
36440,Action
36440,Adventure
36440,Fantasy
36440,Game
36440,Magic
36443,Slice of Life
36444,Action
36444,Slice of Life
36444,Comedy
36444,Historical
36444,Drama
36444,Fantasy
36447,Game
36447,Fantasy
36451,Music
36455,Adventure
36455,Super Power
36455,Supernatural
36455,Romance
36455,Fantasy
36456,Action
36456,Comedy
36456,Super Power
36456,School
36456,Shounen
36458,Action
36458,Military
36458,Fantasy
36461,Hentai
36464,Comedy
36464,Slice of Life
36466,Action
36466,Adventure
36466,Comedy
36466,Drama
36468,Comedy
36468,Parody
36468,School
36470,Comedy
36470,Romance
36470,Slice of Life
36473,Music
36474,Action
36474,Game
36474,Adventure
36474,Romance
36474,Fantasy
36475,Action
36475,Fantasy
36475,Game
36475,Military
36475,Sci-Fi
36480,Action
36480,Adventure
36480,Comedy
36480,Fantasy
36480,Historical
36480,Samurai
36480,Seinen
36483,Music
36483,Shoujo
36485,Action
36485,Drama
36485,Mystery
36486,Adventure
36486,Kids
36486,Fantasy
36489,Music
36491,Action
36491,Adventure
36491,Comedy
36491,Supernatural
36491,Romance
36492,Drama
36492,Romance
36493,Music
36493,Psychological
36493,School
36494,Music
36494,Psychological
36494,Sci-Fi
36497,Action
36497,Comedy
36497,Magic
36497,Fantasy
36498,Comedy
36500,Comedy
36501,Parody
36502,Parody
36506,Kids
36506,Fantasy
36510,Action
36510,Fantasy
36511,Action
36511,Psychological
36511,Supernatural
36511,Mystery
36511,Drama
36511,Horror
36511,Seinen
36513,Slice of Life
36513,Seinen
36515,Action
36515,Super Power
36515,Magic
36516,Action
36516,Drama
36516,Romance
36516,Sci-Fi
36517,Action
36517,Martial Arts
36517,Samurai
36520,Comedy
36520,Parody
36521,Comedy
36521,Parody
36522,Action
36522,Comedy
36522,Magic
36522,Shounen Ai
36522,Supernatural
36524,Action
36524,Super Power
36524,Magic
36525,Drama
36525,Psychological
36528,Sci-Fi
36528,Romance
36528,School
36529,Music
36530,Kids
36531,Action
36531,Sci-Fi
36531,Kids
36531,Mecha
36536,Music
36536,Slice of Life
36536,School
36537,Music
36537,Slice of Life
36537,School
36538,Demons
36538,Drama
36538,Shoujo
36538,Slice of Life
36538,Supernatural
36539,Comedy
36539,Romance
36539,School
36542,Sci-Fi
36542,Romance
36543,Comedy
36543,Parody
36543,Super Power
36544,Action
36544,Comedy
36544,Supernatural
36545,Comedy
36545,Historical
36545,Supernatural
36545,Romance
36548,Psychological
36548,Supernatural
36548,Drama
36548,Mystery
36548,Seinen
36549,Adventure
36549,Fantasy
36549,Kids
36550,Kids
36550,Parody
36551,Adventure
36551,Fantasy
36551,Kids
36552,Sci-Fi
36552,Comedy
36552,Kids
36553,Comedy
36556,Action
36556,Comedy
36556,Historical
36556,Samurai
36556,Shounen
36559,Demons
36559,Kids
36560,Comedy
36560,Romance
36560,Ecchi
36560,School
36561,Action
36561,Adventure
36561,Demons
36561,Fantasy
36563,Action
36563,Sci-Fi
36563,Slice of Life
36563,Sports
36563,Drama
36564,Slice of Life
36564,Comedy
36565,Comedy
36565,Drama
36565,Shounen
36565,Sports
36566,Comedy
36566,Seinen
36569,Comedy
36569,Parody
36571,Action
36571,Sci-Fi
36571,Adventure
36571,Mecha
36571,Shounen
36572,Kids
36573,Kids
36574,Fantasy
36575,Fantasy
36577,Fantasy
36578,Romance
36579,Comedy
36580,Slice of Life
36581,Comedy
36582,Slice of Life
36583,Samurai
36584,Slice of Life
36585,Drama
36586,Drama
36587,Adventure
36587,Fantasy
36588,Comedy
36588,Music
36588,Parody
36588,School
36591,Kids
36591,Fantasy
36592,Action
36592,Drama
36592,Shounen
36593,Action
36593,Magic
36593,Fantasy
36593,Shoujo
36594,Music
36595,Music
36596,Music
36597,Music
36598,Music
36599,Music
36600,Music
36601,Music
36602,Music
36603,Music
36604,Music
36605,Music
36606,Music
36607,Music
36608,Music
36611,Comedy
36613,Music
36616,Action
36616,Slice of Life
36616,Comedy
36616,Supernatural
36618,Kids
36618,Magic
36619,Action
36619,Adventure
36619,Comedy
36619,Parody
36619,Fantasy
36620,Comedy
36620,Kids
36621,Kids
36621,Music
36622,Slice of Life
36623,Police
36624,Game
36624,Comedy
36625,Action
36625,Mystery
36625,Horror
36625,Supernatural
36625,Seinen
36626,Slice of Life
36626,Comedy
36629,Slice of Life
36629,Comedy
36629,School
36629,Shoujo
36630,Music
36631,Music
36632,Comedy
36632,Ecchi
36632,Romance
36633,Sci-Fi
36633,Harem
36633,Comedy
36633,Romance
36633,Mecha
36633,School
36636,Action
36636,Comedy
36637,Game
36637,Fantasy
36638,Fantasy
36638,Game
36639,Fantasy
36639,Game
36640,Game
36640,Magic
36641,Fantasy
36641,Game
36642,Game
36642,Music
36642,Fantasy
36643,Game
36643,Music
36643,Fantasy
36644,Adventure
36644,Mystery
36644,Historical
36644,Romance
36644,Martial Arts
36644,Shounen
36646,Game
36646,Comedy
36649,Action
36649,Adventure
36649,Drama
36649,Shoujo
36652,Adventure
36652,Music
36652,Comedy
36652,Drama
36652,School
36652,Seinen
36653,Sports
36653,Drama
36653,School
36654,Slice of Life
36654,Comedy
36654,Historical
36654,Demons
36654,Supernatural
36655,Action
36655,Historical
36655,Martial Arts
36656,Fantasy
36656,Kids
36657,Kids
36657,Fantasy
36661,Action
36661,Adventure
36661,Fantasy
36662,Drama
36662,Game
36662,Seinen
36664,Comedy
36666,Sci-Fi
36666,Adventure
36666,Kids
36667,Music
36667,Kids
36668,Kids
36668,Music
36669,Music
36670,Dementia
36670,Music
36671,Music
36672,Music
36673,Music
36674,Music
36675,Music
36676,Music
36677,Music
36678,Music
36679,Music
36680,Music
36683,Comedy
36684,Music
36685,Music
36686,Magic
36686,Fantasy
36688,Action
36688,Demons
36688,Ecchi
36688,Fantasy
36688,Harem
36688,Romance
36689,Hentai
36692,Sci-Fi
36692,Music
36692,Slice of Life
36692,Comedy
36699,Drama
36700,Kids
36700,Fantasy
36701,Unknown
36702,Action
36702,Drama
36702,Fantasy
36702,Shounen
36702,Super Power
36704,Comedy
36704,Drama
36704,School
36704,Slice of Life
36704,Sports
36705,Drama
36705,Romance
36712,Fantasy
36712,Parody
36714,Comedy
36714,Parody
36715,Sci-Fi
36715,Comedy
36715,Parody
36716,Music
36718,School
36718,Supernatural
36719,Comedy
36720,Harem
36720,Hentai
36720,Supernatural
36720,Fantasy
36721,Hentai
36721,School
36722,Action
36722,Adventure
36722,Fantasy
36722,Magic
36722,Mystery
36722,School
36722,Supernatural
36724,Slice of Life
36724,Comedy
36725,Music
36726,Comedy
36726,Ecchi
36726,Harem
36726,Romance
36726,Shounen
36726,Supernatural
36727,Kids
36728,Slice of Life
36729,Action
36729,Historical
36729,Supernatural
36729,Drama
36729,Magic
36729,Fantasy
36730,Comedy
36730,Kids
36730,Sci-Fi
36730,Shounen
36731,Drama
36732,Action
36732,Fantasy
36732,Historical
36732,Martial Arts
36734,Dementia
36735,Comedy
36735,Music
36735,Samurai
36736,Comedy
36736,Kids
36737,Hentai
36740,Action
36740,Sci-Fi
36740,Kids
36742,Comedy
36742,Josei
36743,Slice of Life
36744,Slice of Life
36745,Slice of Life
36746,Slice of Life
36747,Slice of Life
36748,Adventure
36749,Music
36750,Dementia
36750,Ecchi
36752,Music
36753,Music
36753,Shounen Ai
36754,Demons
36754,Drama
36754,Romance
36754,Supernatural
36755,Hentai
36756,Comedy
36756,Historical
36757,Fantasy
36757,Magic
36757,Music
36759,Adventure
36759,Kids
36759,Space
36760,Space
36761,Comedy
36761,Parody
36762,Action
36762,Adventure
36762,Mystery
36762,Horror
36762,Thriller
36762,Fantasy
36763,Music
36764,Music
36764,Space
36765,Music
36765,Sci-Fi
36766,Music
36766,Sci-Fi
36767,Music
36771,Action
36771,Comedy
36771,Romance
36774,Sci-Fi
36774,Parody
36775,Drama
36775,Romance
36775,Slice of Life
36777,Comedy
36777,Fantasy
36778,Music
36780,Music
36781,Music
36782,Sci-Fi
36782,Music
36783,Action
36783,Military
36783,School
36784,Slice of Life
36784,Comedy
36789,Comedy
36789,Fantasy
36790,Fantasy
36791,Fantasy
36792,Comedy
36792,Drama
36792,Ecchi
36792,Romance
36793,Romance
36793,School
36793,Shoujo
36796,Mystery
36796,Comedy
36796,Supernatural
36796,Vampire
36797,Comedy
36797,Fantasy
36798,Drama
36798,Fantasy
36798,Magic
36798,Slice of Life
36799,Slice of Life
36800,Slice of Life
36800,Comedy
36800,School
36800,Shounen
36803,Action
36803,Comedy
36803,Supernatural
36803,Drama
36803,Vampire
36803,Josei
36804,Fantasy
36804,Kids
36804,Music
36805,Magic
36805,Fantasy
36806,Kids
36806,Music
36807,Kids
36807,Music
36808,Kids
36808,Music
36809,Kids
36809,Music
36810,Kids
36810,Music
36811,Kids
36811,Music
36811,Sports
36812,Kids
36812,Music
36815,Music
36815,Supernatural
36816,Action
36816,Adventure
36816,Sci-Fi
36817,Comedy
36817,Slice of Life
36818,Kids
36818,Space
36819,Kids
36819,Magic
36819,Music
36820,Kids
36820,Music
36821,Music
36821,Kids
36822,Music
36823,Comedy
36823,Historical
36823,Supernatural
36823,Romance
36824,Comedy
36824,Historical
36824,Supernatural
36824,Romance
36825,Action
36825,Adventure
36825,Comedy
36825,Fantasy
36825,Kids
36827,Mystery
36827,Comedy
36827,Super Power
36828,Action
36828,Sci-Fi
36833,Slice of Life
36833,Parody
36834,Fantasy
36834,Historical
36834,Music
36834,Romance
36835,Comedy
36836,Comedy
36838,Action
36838,Comedy
36838,Historical
36838,Parody
36838,Samurai
36838,Sci-Fi
36838,Shounen
36840,Ecchi
36840,Romance
36840,School
36841,Music
36843,Military
36843,Historical
36843,Drama
36846,Music
36846,Kids
36847,Ecchi
36847,Fantasy
36848,Harem
36848,Comedy
36848,Romance
36848,School
36849,Hentai
36851,Slice of Life
36855,Comedy
36856,Sci-Fi
36856,Adventure
36856,Police
36856,Mecha
36857,Sci-Fi
36857,Adventure
36857,Police
36857,Mecha
36858,Action
36858,Demons
36858,Fantasy
36858,Magic
36858,Supernatural
36861,Action
36861,Police
36861,Magic
36861,Fantasy
36862,Sci-Fi
36862,Adventure
36862,Mystery
36862,Drama
36862,Fantasy
36864,Comedy
36864,Josei
36864,Romance
36864,School
36865,Comedy
36866,Game
36866,Sci-Fi
36868,Comedy
36871,Action
36871,Sci-Fi
36871,Seinen
36871,Super Power
36873,Comedy
36873,Ecchi
36873,Seinen
36874,Comedy
36874,Parody
36875,Comedy
36875,Demons
36875,Ecchi
36875,Shounen
36876,Hentai
36881,Comedy
36882,Action
36882,Adventure
36882,Fantasy
36882,Harem
36883,Mecha
36884,Comedy
36884,Drama
36884,Fantasy
36884,Military
36885,Harem
36885,Comedy
36885,Romance
36885,Ecchi
36885,School
36888,Slice of Life
36889,Hentai
36890,Comedy
36890,Parody
36894,Action
36894,Sci-Fi
36894,Comedy
36895,Hentai
36896,Action
36896,Shounen
36896,Super Power
36902,Comedy
36902,Fantasy
36902,Magic
36903,Action
36903,Martial Arts
36904,Slice of Life
36904,Comedy
36905,Comedy
36905,Parody
36906,Comedy
36906,Supernatural
36907,Comedy
36910,Action
36910,Historical
36910,Supernatural
36910,Martial Arts
36910,Fantasy
36913,Comedy
36914,Comedy
36914,School
36915,Action
36915,Supernatural
36915,Magic
36915,Fantasy
36918,Music
36919,Music
36920,Music
36921,Music
36922,Music
36923,Action
36923,Comedy
36923,Super Power
36923,Magic
36923,Fantasy
36923,Shounen
36925,Music
36925,Slice of Life
36925,Sports
36927,Action
36927,Game
36927,Adventure
36927,Comedy
36927,Kids
36927,Fantasy
36932,Psychological
36932,School
36933,Hentai
36934,Action
36934,Sports
36934,Shounen
36936,Adventure
36936,Drama
36936,Fantasy
36937,Action
36937,Drama
36937,Martial Arts
36937,Music
36942,Slice of Life
36942,Comedy
36943,Comedy
36943,Ecchi
36943,Shoujo Ai
36945,Comedy
36945,Super Power
36946,Action
36946,Adventure
36946,Super Power
36946,Martial Arts
36946,Fantasy
36946,Shounen
36947,Comedy
36947,Kids
36949,Ecchi
36949,School
36949,Shounen
36950,Harem
36950,Comedy
36950,Supernatural
36950,Romance
36950,Ecchi
36950,Shounen
36951,Action
36951,Adventure
36951,Comedy
36951,Demons
36951,Supernatural
36951,Martial Arts
36951,Shounen
36952,Action
36952,Comedy
36952,Sports
36952,School
36952,Shounen
36954,Game
36954,Shounen
36955,Comedy
36955,Fantasy
36955,Parody
36956,Hentai
36956,Romance
36962,Drama
36962,Shounen
36963,Music
36964,Adventure
36964,Comedy
36964,Kids
36967,Action
36967,Adventure
36967,Comedy
36967,Seinen
36968,Music
36969,Comedy
36969,Kids
36969,Mystery
36970,Music
36970,Kids
36973,Game
36976,Action
36976,Comedy
36976,Magic
36976,Romance
36976,Sci-Fi
36976,Shounen
36978,Kids
36979,Comedy
36981,Kids
36982,Comedy
36982,Kids
36983,Comedy
36983,Kids
36983,Music
36990,Comedy
36990,Seinen
36990,Slice of Life
36991,Action
36991,Thriller
36992,Drama
36992,Horror
36992,Josei
36992,Supernatural
36993,Comedy
36993,Sports
36995,Action
36995,Fantasy
36995,Magic
36996,Action
36996,Historical
36999,Mystery
36999,Comedy
36999,Supernatural
36999,Vampire
37000,Comedy
37002,Kids
37007,Martial Arts
37007,Shounen
37007,Sports
37008,Music
37009,Music
37009,Kids
37010,Music
37010,Kids
37011,Music
37011,Kids
37012,Comedy
37013,Action
37013,Drama
37013,School
37013,Seinen
37017,Kids
37018,Kids
37020,Comedy
37021,Ecchi
37023,Mystery
37023,Comedy
37023,Kids
37024,Comedy
37024,Parody
37026,Sci-Fi
37026,Comedy
37027,Music
37027,School
37027,Slice of Life
37028,Game
37028,Kids
37029,Comedy
37029,Demons
37029,Fantasy
37029,Seinen
37029,Supernatural
37031,Slice of Life
37031,Magic
37031,Fantasy
37031,Shounen
37033,Slice of Life
37033,Comedy
37034,Comedy
37034,Parody
37036,Comedy
37036,Magic
37036,Parody
37036,School
37036,Slice of Life
37037,Comedy
37044,Drama
37044,Romance
37044,School
37045,Comedy
37046,Comedy
37046,Parody
37047,Comedy
37050,Comedy
37050,Kids
37050,Fantasy
37051,Slice of Life
37051,Magic
37051,Fantasy
37054,Comedy
37054,Parody
37054,Super Power
37055,Action
37055,Military
37055,Magic
37058,Action
37059,Music
37059,Kids
37060,Music
37060,Kids
37064,Kids
37064,Music
37065,Kids
37065,Music
37066,Kids
37066,Music
37067,Kids
37067,Music
37069,Game
37069,Music
37069,Kids
37070,Kids
37070,Music
37071,Kids
37071,Music
37071,Space
37072,Kids
37072,Music
37073,Kids
37073,Music
37073,Romance
37074,Kids
37074,Music
37075,Kids
37075,Music
37078,Action
37078,Game
37082,Military
37082,Sci-Fi
37082,Space
37086,Drama
37086,Game
37086,Mystery
37086,Psychological
37086,School
37086,Shounen
37087,Action
37087,Comedy
37087,Fantasy
37087,Magic
37088,Hentai
37089,Hentai
37090,Action
37090,Super Power
37090,Supernatural
37095,Drama
37095,Fantasy
37095,Slice of Life
37096,Game
37096,Kids
37097,Adventure
37097,Comedy
37097,Kids
37098,Adventure
37098,Comedy
37098,Kids
37099,Adventure
37099,Comedy
37099,Kids
37100,Sci-Fi
37100,Adventure
37100,Kids
37101,Adventure
37101,Comedy
37101,Kids
37102,Adventure
37102,Comedy
37102,Kids
37103,Comedy
37103,Parody
37104,Slice of Life
37105,Slice of Life
37105,Comedy
37105,Seinen
37106,Music
37109,Slice of Life
37109,Fantasy
37109,Seinen
37112,Comedy
37112,Kids
37112,Sci-Fi
37112,Shounen
37115,Comedy
37115,Parody
37115,Super Power
37117,Adventure
37117,Kids
37123,Slice of Life
37123,Comedy
37124,Game
37124,Music
37126,Comedy
37126,Historical
37127,Hentai
37133,Slice of Life
37133,School
37135,Music
37136,Music
37138,Music
37139,Comedy
37140,Comedy
37140,Demons
37140,Supernatural
37140,Shounen
37141,Comedy
37141,Shounen
37142,Slice of Life
37142,Cars
37143,Cars
37143,Parody
37144,Comedy
37145,Kids
37146,School
37147,Music
37147,Dementia
37147,Ecchi
37148,Action
37148,Super Power
37148,Magic
37149,Sci-Fi
37149,Adventure
37149,Fantasy
37150,Action
37150,Adventure
37150,Fantasy
37150,Historical
37150,Martial Arts
37150,Romance
37151,Action
37151,Super Power
37151,Kids
37152,Adventure
37152,Mystery
37152,Historical
37152,Romance
37152,Martial Arts
37153,Music
37153,Kids
37154,Action
37154,Adventure
37154,Magic
37154,Fantasy
37155,Music
37155,Kids
37164,Action
37164,Adventure
37164,Demons
37164,Romance
37164,Martial Arts
37164,Fantasy
37165,Action
37165,Game
37165,Fantasy
37167,Music
37167,Comedy
37168,Comedy
37168,Game
37168,Parody
37169,Action
37169,Fantasy
37171,Comedy
37171,School
37172,Ecchi
37172,Fantasy
37174,Slice of Life
37175,Mystery
37175,Psychological
37175,Thriller
37176,Action
37176,Adventure
37176,Historical
37176,Demons
37176,Romance
37176,Martial Arts
37176,Fantasy
37177,Psychological
37177,Thriller
37178,Music
37178,Slice of Life
37178,Magic
37178,Shoujo
37179,Adventure
37179,Comedy
37179,Fantasy
37180,Adventure
37180,Comedy
37180,Kids
37181,Drama
37181,Romance
37184,Action
37184,Adventure
37184,Fantasy
37185,Action
37185,Adventure
37185,Fantasy
37186,Action
37186,Adventure
37186,Fantasy
37186,Historical
37186,Martial Arts
37187,Action
37187,Adventure
37187,Fantasy
37188,Comedy
37188,Slice of Life
37189,Slice of Life
37189,Magic
37190,Music
37190,Kids
37191,Music
37191,Kids
37192,Music
37192,Kids
37193,Kids
37193,Music
37194,Music
37194,Kids
37195,Music
37195,Kids
37196,Music
37196,Kids
37197,Music
37197,Kids
37197,Romance
37198,Music
37198,Kids
37202,Action
37202,Adventure
37202,Fantasy
37202,Magic
37204,Music
37204,Slice of Life
37204,School
37204,Shoujo
37206,Comedy
37206,School
37206,Sports
37207,Drama
37207,Romance
37207,School
37207,Slice of Life
37208,Action
37208,Adventure
37208,Mystery
37208,Historical
37208,Supernatural
37209,Game
37209,Historical
37209,Drama
37209,Romance
37209,Shoujo
37210,Comedy
37210,Ecchi
37210,Fantasy
37210,Harem
37210,Magic
37212,Music
37215,Comedy
37217,Music
37219,Comedy
37219,Kids
37221,Action
37221,School
37222,Hentai
37223,Hentai
37224,Hentai
37224,School
37225,Kids
37225,Magic
37228,Adventure
37232,Action
37232,Adventure
37232,Magic
37232,Fantasy
37233,Hentai
37241,Comedy
37241,Parody
37241,Kids
37242,Action
37242,Sci-Fi
37242,Mecha
37243,Horror
37243,Seinen
37243,Thriller
37244,Sci-Fi
37244,Comedy
37244,Kids
37245,Action
37245,Sci-Fi
37245,Mecha
37246,Slice of Life
37246,Seinen
37247,Action
37247,Sci-Fi
37247,Mecha
37249,Comedy
37249,Parody
37249,Super Power
37254,Action
37254,Adventure
37254,Comedy
37254,Fantasy
37254,Magic
37255,Music
37255,Kids
37256,Horror
37256,Supernatural
37256,Thriller
37258,Comedy
37258,School
37259,Seinen
37259,Sports
37262,Action
37262,Adventure
37262,Magic
37262,Fantasy
37263,Game
37263,Slice of Life
37264,Comedy
37265,Fantasy
37265,Military
37265,Parody
37265,Sci-Fi
37266,Music
37266,Romance
37267,Adventure
37267,Kids
37268,Sci-Fi
37268,Fantasy
37268,School
37268,Shounen
37272,Mystery
37272,Comedy
37272,Drama
37272,Fantasy
37272,School
37272,Shoujo
37273,Music
37277,Action
37277,Drama
37277,Romance
37277,Sci-Fi
37278,Game
37279,Space
37280,Historical
37280,Drama
37280,Romance
37280,Samurai
37281,Comedy
37281,Ecchi
37283,Action
37283,Sci-Fi
37283,Adventure
37283,Sports
37283,Shounen
37284,Comedy
37285,Historical
37285,Parody
37286,Comedy
37286,Fantasy
37287,Hentai
37290,Sports
37291,Action
37291,Horror
37291,Psychological
37291,Supernatural
37291,Thriller
37291,Shounen Ai
37292,Slice of Life
37292,Comedy
37292,Supernatural
37293,Action
37293,Adventure
37293,Comedy
37293,Historical
37293,Martial Arts
37294,Adventure
37294,Comedy
37294,Fantasy
37300,Adventure
37300,Kids
37300,Magic
37300,Fantasy
37302,Fantasy
37302,Sci-Fi
37303,Action
37303,Super Power
37303,Supernatural
37304,Action
37304,Super Power
37304,Supernatural
37305,Action
37305,Super Power
37305,Supernatural
37306,Action
37306,Super Power
37306,Supernatural
37307,Action
37307,Super Power
37307,Supernatural
37308,Music
37308,Comedy
37308,Parody
37311,Action
37311,Adventure
37311,Sci-Fi
37316,Harem
37316,Music
37318,Action
37318,Comedy
37320,Ecchi
37324,Comedy
37324,Demons
37324,Kids
37324,Supernatural
37325,Comedy
37326,Comedy
37326,Parody
37328,Slice of Life
37328,Magic
37328,Fantasy
37334,Sci-Fi
37335,Music
37335,Comedy
37336,Music
37337,Parody
37338,Comedy
37338,Parody
37338,Psychological
37338,Drama
37338,Seinen
37340,Hentai
37341,Slice of Life
37341,Comedy
37343,Kids
37344,Music
37345,Action
37345,Ecchi
37345,Fantasy
37345,Shounen
37346,Action
37346,Comedy
37346,Fantasy
37347,Action
37347,Adventure
37347,Comedy
37347,Romance
37347,Fantasy
37348,Action
37348,Adventure
37348,Comedy
37348,Fantasy
37348,Romance
37349,Action
37349,Adventure
37349,Fantasy
37350,Kids
37350,Music
37351,Music
37351,Space
37351,Kids
37352,Music
37355,Music
37356,Music
37357,Music
37358,Sports
37359,Comedy
37360,Hentai
37362,Action
37362,Game
37362,Military
37362,Sci-Fi
37362,Psychological
37362,Fantasy
37364,Action
37364,Comedy
37364,Super Power
37364,Supernatural
37364,Vampire
37364,Fantasy
37364,Shounen
37365,Mystery
37365,Psychological
37368,Slice of Life
37368,Comedy
37368,Seinen
37369,Historical
37369,Parody
37369,Kids
37369,Samurai
37370,Music
37374,Action
37374,Sci-Fi
37374,Adventure
37377,Harem
37377,Comedy
37377,Romance
37377,School
37377,Shounen
37379,Game
37379,Slice of Life
37379,Sports
37379,Drama
37379,School
37379,Josei
37384,Music
37385,Action
37385,Music
37385,Parody
37386,Dementia
37387,Fantasy
37387,Shoujo
37388,Action
37388,Historical
37388,Martial Arts
37390,Adventure
37390,Comedy
37390,Kids
37391,Adventure
37391,Comedy
37391,Kids
37392,Adventure
37392,Comedy
37392,Kids
37393,Comedy
37393,Fantasy
37395,Action
37395,Sci-Fi
37395,Adventure
37395,Comedy
37395,Mecha
37396,Drama
37396,Romance
37396,Slice of Life
37398,Magic
37398,Shoujo
37398,Slice of Life
37401,Kids
37401,Music
37402,Comedy
37403,Comedy
37403,Sports
37403,Drama
37403,School
37403,Shounen
37404,Game
37404,Music
37405,Hentai
37406,Music
37407,Fantasy
37407,Sci-Fi
37408,Historical
37408,Shounen Ai
37409,Slice of Life
37409,Comedy
37413,Music
37414,Music
37418,Slice of Life
37419,Slice of Life
37420,Fantasy
37421,Slice of Life
37422,Comedy
37422,Slice of Life
37423,Magic
37423,Slice of Life
37424,Slice of Life
37424,Comedy
37426,Action
37426,Supernatural
37426,Fantasy
37428,Adventure
37428,Kids
37428,Fantasy
37430,Fantasy
37430,Shounen
37431,Comedy
37433,Comedy
37433,Slice of Life
37433,Supernatural
37435,Drama
37435,Music
37435,Sci-Fi
37436,Action
37436,Sci-Fi
37436,Mecha
37437,Action
37437,Demons
37437,Horror
37437,Super Power
37437,Supernatural
37438,Action
37438,Game
37438,Sci-Fi
37438,Mystery
37440,Action
37440,Police
37440,Psychological
37440,Sci-Fi
37441,Action
37441,Police
37441,Psychological
37441,Sci-Fi
37442,Action
37442,Sci-Fi
37442,Police
37442,Psychological
37446,Fantasy
37446,Harem
37447,Action
37447,Adventure
37447,Mystery
37447,Drama
37447,Shounen
37448,Action
37448,Comedy
37448,Sci-Fi
37449,Action
37449,Harem
37449,Supernatural
37449,Ecchi
37449,Vampire
37449,Fantasy
37450,Comedy
37450,Supernatural
37450,Drama
37450,Romance
37450,School
37451,Psychological
37451,Mystery
37451,Horror
37452,Dementia
37453,Dementia
37454,Historical
37455,Music
37455,Kids
37458,Drama
37458,Mystery
37458,Romance
37458,Slice of Life
37460,Fantasy
37460,Music
37460,Slice of Life
37460,Supernatural
37461,Kids
37461,Music
37462,Kids
37462,Music
37463,Kids
37463,Music
37464,Music
37464,Kids
37465,Kids
37465,Music
37466,Kids
37466,Music
37467,Slice of Life
37468,Josei
37472,Adventure
37472,Kids
37472,Fantasy
37474,Hentai
37475,Action
37475,Comedy
37475,Romance
37475,School
37475,Shounen
37476,Action
37476,Game
37476,Shounen
37481,Music
37481,Slice of Life
37482,Adventure
37482,Slice of Life
37482,Fantasy
37483,Action
37483,Comedy
37483,Police
37483,Seinen
37484,Action
37484,Adventure
37484,Comedy
37484,Shounen
37485,Slice of Life
37487,Action
37487,Mystery
37487,Comedy
37487,Supernatural
37487,Drama
37487,Shounen
37490,Comedy
37490,Drama
37490,Mystery
37490,Police
37491,Action
37491,Sci-Fi
37491,Comedy
37491,Historical
37491,Parody
37491,Samurai
37491,Shounen
37492,Comedy
37493,Kids
37494,Kids
37496,Action
37496,Sci-Fi
37496,Comedy
37496,Police
37497,Drama
37497,Magic
37497,Romance
37497,School
37498,Action
37501,Action
37501,Fantasy
37501,Magic
37501,Shoujo
37504,Comedy
37505,Action
37505,Fantasy
37506,Action
37506,Adventure
37507,Sci-Fi
37507,Music
37507,Psychological
37509,Action
37509,Music
37510,Action
37510,Slice of Life
37510,Comedy
37510,Supernatural
37511,Music
37511,Demons
37514,Adventure
37514,Drama
37514,Fantasy
37514,Mystery
37514,Sci-Fi
37515,Sci-Fi
37515,Adventure
37515,Mystery
37515,Drama
37515,Fantasy
37516,Action
37516,Mystery
37516,Comedy
37516,Shounen
37517,Drama
37517,Horror
37517,Psychological
37517,Shounen
37520,Action
37520,Adventure
37520,Demons
37520,Historical
37520,Samurai
37520,Shounen
37520,Supernatural
37521,Action
37521,Adventure
37521,Drama
37521,Historical
37521,Seinen
37522,Mystery
37522,Psychological
37522,Supernatural
37522,Seinen
37525,Mystery
37525,Psychological
37525,Thriller
37527,Dementia
37528,Military
37528,Music
37529,Music
37529,Slice of Life
37530,Psychological
37531,Drama
37531,Music
37531,Supernatural
37532,Music
37533,Music
37534,Music
37535,Slice of Life
37536,Music
37536,Kids
37537,Music
37538,Music
37539,Historical
37540,Music
37541,Sci-Fi
37541,Music
37542,Music
37543,Music
37543,Slice of Life
37544,Fantasy
37545,Music
37545,Fantasy
37546,Fantasy
37547,Action
37547,Samurai
37548,Sci-Fi
37549,Thriller
37550,Space
37551,Action
37551,Samurai
37552,Music
37552,Slice of Life
37552,Fantasy
37553,Music
37554,Slice of Life
37554,Comedy
37554,Fantasy
37555,Action
37555,Adventure
37555,Fantasy
37555,Magic
37559,Demons
37559,Horror
37559,Parody
37560,Comedy
37560,Seinen
37561,Action
37561,School
37561,Sci-Fi
37562,Comedy
37562,Parody
37562,Mecha
37563,Adventure
37563,Mystery
37563,Historical
37563,Drama
37563,Martial Arts
37563,Shounen Ai
37564,Adventure
37564,Comedy
37564,Supernatural
37564,Magic
37564,Romance
37564,Fantasy
37566,Drama
37566,Historical
37569,Action
37569,Historical
37569,Supernatural
37569,Vampire
37571,Action
37571,Military
37576,Action
37576,Adventure
37576,Drama
37576,Magic
37576,Martial Arts
37576,Fantasy
37577,Comedy
37578,Action
37578,Mecha
37578,Sci-Fi
37579,Comedy
37579,Shoujo Ai
37579,Slice of Life
37579,Supernatural
37579,Vampire
37582,Sci-Fi
37582,Mecha
37584,Action
37584,Historical
37584,Samurai
37585,Comedy
37585,School
37585,Yaoi
37586,Comedy
37586,Fantasy
37586,Parody
37587,Music
37587,Magic
37587,Fantasy
37588,Music
37589,Slice of Life
37590,Action
37590,Demons
37590,Horror
37590,Supernatural
37591,Fantasy
37591,Kids
37594,Music
37595,Adventure
37595,Comedy
37595,Magic
37595,Romance
37595,Fantasy
37595,Shoujo
37596,Comedy
37596,Parody
37596,Dementia
37597,Comedy
37597,Drama
37597,Romance
37597,Shounen Ai
37598,Action
37598,Supernatural
37598,Vampire
37599,Action
37599,Magic
37599,Fantasy
37600,Action
37600,Sci-Fi
37600,Slice of Life
37600,Mecha
37601,Action
37601,Fantasy
37602,Music
37602,Drama
37603,Music
37604,Music
37605,Music
37606,Music
37607,Sci-Fi
37607,Music
37607,Kids
37607,Magic
37608,Music
37608,Romance
37609,Music
37609,Demons
37610,Music
37611,Game
37614,Comedy
37614,School
37614,Shounen
37614,Slice of Life
37616,Drama
37616,Romance
37616,Shounen Ai
37618,Adventure
37618,Comedy
37618,Historical
37618,Drama
37618,Romance
37618,Shoujo
37619,Romance
37619,School
37619,Sports
37620,Sports
37620,Romance
37620,School
37621,Slice of Life
37621,Comedy
37621,Romance
37621,Shounen
37622,Parody
37622,Samurai
37623,Action
37623,Adventure
37623,Drama
37623,Fantasy
37626,Comedy
37630,Sci-Fi
37630,Slice of Life
37630,Comedy
37630,Kids
37630,School
37639,Music
37640,Comedy
37641,Slice of Life
37641,Comedy
37641,Historical
37641,Demons
37641,Supernatural
37642,Action
37642,Fantasy
37642,Mecha
37643,Action
37643,Military
37643,Sci-Fi
37643,Mystery
37643,Space
37643,Supernatural
37643,Mecha
37644,Comedy
37646,Comedy
37646,Slice of Life
37647,Slice of Life
37647,Comedy
37651,Action
37651,Fantasy
37651,Magic
37653,Music
37653,Comedy
37655,Action
37655,Supernatural
37655,Seinen
37657,Action
37657,Comedy
37657,School
37659,Action
37659,Demons
37659,Hentai
37659,Martial Arts
37659,Supernatural
37661,Kids
37661,Fantasy
37662,Slice of Life
37662,Comedy
37663,Fantasy
37663,Military
37663,Parody
37663,Sci-Fi
37664,Slice of Life
37664,Parody
37664,Drama
37665,Historical
37665,Parody
37666,Historical
37666,Horror
37666,Parody
37666,Supernatural
37667,Horror
37667,Parody
37667,Supernatural
37668,Demons
37668,Parody
37669,Music
37669,Kids
37670,Music
37671,Slice of Life
37672,Action
37672,Fantasy
37675,Action
37675,Magic
37675,Fantasy
37675,Game
37675,Supernatural
37678,Comedy
37678,Parody
37679,Music
37680,Historical
37680,Seinen
37682,Comedy
37682,Slice of Life
37682,Supernatural
37683,Music
37684,Game
37686,Kids
37687,Police
37687,Kids
37688,Kids
37688,Music
37689,Kids
37689,Music
37690,Kids
37690,Music
37691,Kids
37691,Music
37692,Kids
37692,Music
37693,Kids
37693,Music
37694,Kids
37694,Music
37695,Cars
37695,Kids
37695,Music
37696,Kids
37696,Music
37698,Kids
37698,Slice of Life
37699,Hentai
37703,Action
37703,Drama
37703,Shounen
37703,Slice of Life
37703,Sports
37704,Action
37704,Military
37704,School
37706,Parody
37706,Demons
37710,Music
37711,Drama
37711,Romance
37711,School
37714,Kids
37716,Comedy
37716,Demons
37716,Fantasy
37716,Romance
37716,Shounen
37717,Historical
37719,Action
37719,Comedy
37719,Demons
37719,Ecchi
37719,Harem
37719,Romance
37719,School
37720,Music
37720,Kids
37721,Kids
37721,Music
37722,Slice of Life
37722,Comedy
37722,Shoujo Ai
37723,Music
37729,Music
37729,Horror
37729,Demons
37730,Music
37731,Sci-Fi
37731,Music
37732,Music
37733,Music
37734,Music
37735,Action
37735,Horror
37735,Supernatural
37735,Thriller
37736,Comedy
37736,Psychological
37736,Magic
37736,School
37737,Action
37737,Historical
37737,Martial Arts
37737,Mystery
37737,Romance
37739,Game
37740,Magic
37740,Romance
37740,School
37740,Shoujo
37742,Comedy
37742,Horror
37742,Supernatural
37742,Thriller
37744,Action
37744,Adventure
37744,Fantasy
37747,Slice of Life
37747,Comedy
37749,Cars
37749,Game
37749,Kids
37749,Mecha
37750,Adventure
37750,Cars
37750,Game
37750,Kids
37750,Mecha
37751,Adventure
37751,Cars
37751,Game
37751,Kids
37751,Mecha
37752,Game
37752,Adventure
37752,Cars
37752,Kids
37752,Mecha
37753,Fantasy
37753,Game
37755,Comedy
37760,Action
37760,Sci-Fi
37760,Mecha
37762,Music
37762,Kids
37764,Action
37764,Drama
37764,Mecha
37764,Military
37764,Sci-Fi
37764,Space
37765,Action
37765,Military
37765,Sci-Fi
37765,Space
37765,Drama
37765,Mecha
37767,Drama
37769,Action
37769,Drama
37769,Supernatural
37771,Hentai
37773,Slice of Life
37773,Comedy
37773,School
37773,Shoujo Ai
37775,Music
37775,Sports
37776,Music
37776,Romance
37776,Slice of Life
37777,Drama
37777,Music
37778,Music
37778,Slice of Life
37779,Sci-Fi
37779,Mystery
37779,Horror
37779,Psychological
37779,Thriller
37779,Shounen
37780,Slice of Life
37780,Comedy
37781,Action
37781,Comedy
37781,Fantasy
37781,Magic
37784,Dementia
37786,Romance
37786,School
37786,Shoujo Ai
37787,Adventure
37787,Space
37789,Slice of Life
37789,Comedy
37790,Slice of Life
37792,Dementia
37798,Adventure
37798,Kids
37798,Fantasy
37799,Action
37799,Drama
37799,Horror
37799,Mystery
37799,Psychological
37799,Seinen
37799,Supernatural
37801,Slice of Life
37802,Slice of Life
37804,Comedy
37804,Drama
37806,Action
37806,Adventure
37806,Super Power
37806,Fantasy
37806,Shounen
37807,Action
37807,Mystery
37807,Historical
37814,Sports
37815,Hentai
37816,Comedy
37818,Parody
37822,Action
37822,Adventure
37822,Historical
37822,Supernatural
37822,Martial Arts
37822,Fantasy
37823,Action
37823,Adventure
37823,Harem
37823,Magic
37823,Romance
37823,Fantasy
37825,Music
37826,Comedy
37826,Romance
37826,Slice of Life
37827,Comedy
37828,Action
37828,Comedy
37828,Drama
37828,Thriller
37831,Action
37831,Fantasy
37831,Game
37831,Military
37831,Sci-Fi
37839,Sci-Fi
37839,Romance
37842,Comedy
37842,Parody
37843,Comedy
37843,Parody
37845,Music
37850,Comedy
37850,Slice of Life
37851,Slice of Life
37851,Comedy
37852,Slice of Life
37853,Dementia
37853,Music
37854,Music
37856,Adventure
37856,Demons
37856,Fantasy
37856,Shounen
37856,Supernatural
37857,Action
37857,Game
37857,Super Power
37857,Martial Arts
37858,Comedy
37859,Comedy
37860,Comedy
37863,Music
37864,Comedy
37865,Action
37865,Adventure
37865,Kids
37865,Fantasy
37866,Sci-Fi
37866,Slice of Life
37866,Space
37866,Comedy
37866,Mecha
37866,Seinen
37867,Music
37869,Music
37870,Music
37873,Music
37873,Comedy
37875,Historical
37875,Kids
37875,Sci-Fi
37876,Game
37876,Music
37877,School
37878,Historical
37878,Kids
37879,Action
37879,Mecha
37881,Music
37881,Slice of Life
37884,Action
37884,Adventure
37884,Historical
37884,Seinen
37885,Action
37885,Comedy
37885,Super Power
37885,Martial Arts
37885,Fantasy
37885,Shounen
37886,Drama
37886,Romance
37886,Slice of Life
37887,Action
37887,Adventure
37887,Magic
37887,Fantasy
37887,Shounen
37888,Action
37888,Adventure
37888,Demons
37888,Fantasy
37888,Magic
37890,Comedy
37890,Music
37890,Seinen
37890,Shoujo Ai
37890,Slice of Life
37891,Kids
37891,Music
37892,Kids
37892,Super Power
37893,Dementia
37893,Horror
37893,Supernatural
37894,Fantasy
37895,Fantasy
37896,Fantasy
37897,Action
37897,Adventure
37897,Sci-Fi
37902,Action
37902,Adventure
37902,Comedy
37902,Super Power
37902,Drama
37902,Fantasy
37902,Shounen
37904,Slice of Life
37904,Seinen
37905,Sci-Fi
37905,Adventure
37905,Drama
37906,Drama
37908,Comedy
37910,Military
37910,Harem
37910,Historical
37910,Romance
37910,Fantasy
37910,Josei
37914,Sci-Fi
37914,Space
37915,Sci-Fi
37915,Space
37916,Slice of Life
37916,Sports
37920,Comedy
37920,Romance
37920,Seinen
37921,Slice of Life
37922,Sci-Fi
37923,Slice of Life
37924,Comedy
37924,School
37924,Slice of Life
37926,Game
37926,Comedy
37926,Drama
37927,Slice of Life
37927,Comedy
37928,Action
37928,Mystery
37928,Historical
37928,Romance
37928,Martial Arts
37929,Comedy
37930,Music
37931,Comedy
37931,Parody
37931,Super Power
37932,Action
37932,Game
37933,Comedy
37933,Magic
37933,Parody
37934,Comedy
37934,Magic
37934,Parody
37934,School
37936,Action
37936,Historical
37936,Martial Arts
37936,Fantasy
37937,Action
37937,Adventure
37937,Demons
37937,Fantasy
37937,Historical
37937,Martial Arts
37937,Romance
37938,Action
37938,Drama
37938,Fantasy
37938,Martial Arts
37938,Mystery
37938,Romance
37939,Hentai
37940,Slice of Life
37940,Comedy
37940,School
37940,Shounen
37941,Kids
37942,Kids
37942,Music
37943,Kids
37944,Kids
37944,Music
37945,Kids
37947,Music
37948,Comedy
37950,Kids
37951,Kids
37952,Action
37952,Adventure
37952,Mystery
37952,Drama
37952,Fantasy
37954,Music
37955,Music
37956,Romance
37956,School
37956,Shoujo
37958,Comedy
37958,Demons
37958,Supernatural
37959,Comedy
37960,Music
37960,Sports
37960,Shounen
37962,Music
37963,Comedy
37963,School
37963,Shounen Ai
37964,Demons
37964,Fantasy
37964,Mystery
37964,Shoujo
37964,Supernatural
37965,Comedy
37965,Sports
37965,Drama
37966,Action
37966,Adventure
37966,Comedy
37966,Fantasy
37966,Kids
37967,Comedy
37968,Slice of Life
37968,Kids
37968,Magic
37968,Fantasy
37969,Comedy
37969,Demons
37969,Kids
37969,Supernatural
37970,Drama
37970,Samurai
37970,Sci-Fi
37972,Slice of Life
37972,Sports
37972,Drama
37972,School
37973,Magic
37973,Fantasy
37973,School
37975,Comedy
37975,Drama
37975,Music
37975,School
37975,Seinen
37976,Comedy
37976,Music
37976,Supernatural
37978,Slice of Life
37978,Kids
37978,Magic
37978,Fantasy
37979,Action
37979,Drama
37979,Magic
37979,Military
37979,Seinen
37980,Adventure
37980,Comedy
37980,Fantasy
37981,Drama
37981,Mystery
37981,Seinen
37981,Supernatural
37982,Drama
37982,Romance
37982,School
37982,Shounen
37983,Comedy
37983,Romance
37984,Adventure
37984,Comedy
37984,Fantasy
37985,Comedy
37985,Slice of Life
37986,Action
37986,Ecchi
37986,Magic
37986,Fantasy
37986,Comedy
37986,Harem
37986,Shounen
37987,Slice of Life
37987,Drama
37987,Fantasy
37988,Comedy
37988,Mecha
37988,Sci-Fi
37988,Slice of Life
37988,Space
37989,Action
37989,Adventure
37989,Historical
37989,Seinen
37990,Comedy
37990,Sports
37990,Drama
37990,Seinen
37991,Action
37991,Adventure
37991,Shounen
37992,Comedy
37992,Romance
37992,Fantasy
37992,Josei
37993,Slice of Life
37993,Comedy
37993,Shoujo Ai
37994,Action
37994,Mystery
37994,Police
37994,Psychological
37994,Supernatural
37994,Thriller
37996,Comedy
37996,Drama
37996,School
37997,Action
37997,Supernatural
37997,Drama
37997,Romance
37997,Vampire
37997,Seinen
37998,Action
37998,Sci-Fi
37999,Comedy
37999,Psychological
37999,Romance
37999,School
37999,Seinen
38000,Action
38000,Demons
38000,Historical
38000,Shounen
38000,Supernatural
38001,Slice of Life
38001,Comedy
38002,Comedy
38003,Action
38003,Mystery
38003,Seinen
38003,Super Power
38003,Supernatural
38004,Military
38004,Sci-Fi
38004,Comedy
38004,Shounen
38005,Action
38005,Military
38005,Sci-Fi
38005,Magic
38005,Ecchi
38006,Military
38006,Sci-Fi
38006,Music
38006,Magic
38006,Ecchi
38007,Slice of Life
38007,Comedy
38007,Fantasy
38008,Slice of Life
38008,Comedy
38009,Music
38009,School
38009,Slice of Life
38010,Comedy
38010,Magic
38010,Fantasy
38011,Unknown
38012,Unknown
38013,Unknown
38014,Unknown
38015,Action
38015,Adventure
38015,Fantasy
38016,Comedy
38016,Slice of Life
38017,Action
38017,Adventure
38017,Romance
38017,Seinen
38018,Music
38018,Comedy
38019,Drama
38019,Romance
38019,Shoujo
38020,Action
38020,Drama
38020,Romance
38020,Sci-Fi
38021,Action
38021,Fantasy
38021,Game
38022,Action
38022,Game
38022,Fantasy
38023,Slice of Life
38024,Action
38024,Game
38024,Fantasy
38025,Comedy
38025,Parody
38025,Super Power
38026,Adventure
38026,Historical
38026,Fantasy
38027,School
38027,Slice of Life
38027,Sports
38028,Music
38029,Kids
38030,Hentai
38031,Hentai
38032,Hentai
38033,Hentai
38034,Hentai
38034,Supernatural
38035,Hentai
38036,Hentai
38037,Harem
38037,Hentai
38038,Hentai
38038,Fantasy
38038,School
38039,Hentai
38040,Adventure
38040,Comedy
38040,Fantasy
38040,Magic
38040,Parody
38040,Supernatural
38042,Music
38043,Music
38044,Music
38045,Historical
38046,Action
38046,Sci-Fi
38046,Fantasy
38047,Music
38048,School
38049,Adventure
38049,Magic
38050,Comedy
38051,Music
38052,Music
38054,Music
38055,Action
38055,Mecha
38055,Sci-Fi
38056,Comedy
38056,Parody
38056,Supernatural
38057,School
38058,Slice of Life
38059,Ecchi
38059,Samurai
38060,Slice of Life
38061,Slice of Life
38062,Fantasy
38062,Magic
38062,Slice of Life
38063,School
38065,Drama
38066,Slice of Life
38067,Sports
38068,Parody
38068,Sports
38069,Adventure
38069,Kids
38069,Sports
38070,Cars
38070,Kids
38071,Cars
38071,Kids
38072,Cars
38072,Kids
38073,Action
38073,Cars
38073,Kids
38074,Cars
38074,Kids
38075,Cars
38075,Kids
38078,Sci-Fi
38080,Drama
38080,Music
38080,Romance
38080,School
38080,Shounen
38081,Military
38081,School
38082,Historical
38082,Romance
38083,Action
38083,Adventure
38083,Demons
38083,Magic
38083,Martial Arts
38083,Fantasy
38084,Action
38084,Supernatural
38084,Magic
38084,Fantasy
38085,Action
38085,Supernatural
38085,Magic
38085,Fantasy
38086,Action
38086,Supernatural
38086,Magic
38086,Fantasy
38087,Comedy
38087,Parody
38087,Fantasy
38088,Action
38088,Adventure
38088,Comedy
38088,Drama
38089,Slice of Life
38089,Comedy
38089,Josei
38090,Music
38090,Slice of Life
38091,School
38091,Sports
38092,Adventure
38092,Kids
38093,Action
38093,Kids
38093,Sci-Fi
38093,Super Power
38094,Kids
38095,Hentai
38096,Music
38097,Historical
38097,Kids
38097,Sci-Fi
38098,Drama
38098,Romance
38098,School
38098,Shounen
38098,Sports
38099,Kids
38100,Drama
38100,Romance
38101,Harem
38101,Comedy
38101,Romance
38101,School
38101,Shounen
38104,Horror
38104,Psychological
38104,Supernatural
38104,Drama
38106,Music
38106,Supernatural
38107,Hentai
38107,Fantasy
38110,Comedy
38110,Parody
38110,School
38112,Comedy
38112,Parody
38112,Fantasy
38114,Action
38114,Sci-Fi
38114,Kids
38114,Mecha
38117,Sci-Fi
38117,Super Power
38117,Kids
38118,Sci-Fi
38118,Super Power
38118,Kids
38118,Martial Arts
38119,Sci-Fi
38119,Historical
38119,Sports
38119,Super Power
38119,Kids
38120,Sci-Fi
38120,Sports
38120,Super Power
38120,Kids
38120,School
38121,Sci-Fi
38121,Super Power
38121,Kids
38121,Fantasy
38122,Sci-Fi
38122,Super Power
38122,Kids
38122,Fantasy
38123,Sci-Fi
38123,Super Power
38123,Kids
38124,Sci-Fi
38124,Super Power
38124,Kids
38125,Sci-Fi
38125,Super Power
38125,Kids
38125,Martial Arts
38126,Sci-Fi
38126,Super Power
38126,Kids
38127,Sci-Fi
38127,Super Power
38127,Kids
38128,Kids
38128,Sci-Fi
38128,Super Power
38129,Sci-Fi
38129,Super Power
38129,Kids
38130,Drama
38131,Sci-Fi
38131,Super Power
38131,Kids
38132,Sci-Fi
38132,Super Power
38132,Kids
38133,Sci-Fi
38133,Super Power
38133,Kids
38134,Sci-Fi
38134,Super Power
38134,Kids
38134,Magic
38135,Sci-Fi
38135,Adventure
38135,Super Power
38135,Kids
38136,Sci-Fi
38136,Super Power
38136,Kids
38137,Sci-Fi
38137,Super Power
38137,Kids
38138,Sci-Fi
38138,Sports
38138,Super Power
38138,Kids
38140,Sci-Fi
38140,Adventure
38140,Super Power
38140,Kids
38141,Hentai
38142,Sci-Fi
38142,Music
38145,Slice of Life
38145,Comedy
38147,Adventure
38147,Slice of Life
38149,Action
38149,Military
38149,Mecha
38150,Fantasy
38153,Action
38153,Adventure
38153,Comedy
38153,Fantasy
38154,Game
38157,Action
38157,School
38157,Sci-Fi
38157,Sports
38158,Kids
38158,Music
38161,Mystery
38161,Comedy
38161,Drama
38162,Slice of Life
38162,Comedy
38162,Seinen
38163,Ecchi
38164,Romance
38164,School
38164,Shoujo
38166,Adventure
38166,Kids
38167,Kids
38174,Sci-Fi
38174,Adventure
38174,Mecha
38175,Magic
38175,Parody
38177,Comedy
38177,Sports
38177,Ecchi
38179,Adventure
38180,Action
38181,Comedy
38181,Horror
38181,Supernatural
38181,Thriller
38186,Harem
38186,Comedy
38186,Romance
38186,School
38186,Shounen
38191,Sci-Fi
38191,Music
38192,Sci-Fi
38192,Mecha
38194,Kids
38195,Kids
38196,Fantasy
38198,Action
38198,Adventure
38198,Supernatural
38198,Magic
38198,Fantasy
38198,Shounen
38199,Music
38199,Fantasy
38201,Comedy
38201,Parody
38203,Slice of Life
38203,Comedy
38206,Action
38206,Military
38206,Comedy
38206,Historical
38211,Game
38211,Music
38211,Slice of Life
38211,Comedy
38212,Ecchi
38212,Josei
38212,Romance
38217,Slice of Life
38217,Comedy
38217,Shounen Ai
38219,Slice of Life
38219,Seinen
38220,Action
38220,Adventure
38220,Fantasy
38226,Comedy
38226,Romance
38226,Seinen
38234,Action
38234,Adventure
38234,Comedy
38234,Drama
38234,Fantasy
38234,Shounen
38234,Super Power
38235,Sports
38246,Comedy
38246,Historical
38246,Kids
38249,Comedy
38249,School
38249,Shounen
38249,Slice of Life
38249,Supernatural
38250,Game
38250,Sci-Fi
38250,Slice of Life
38250,Comedy
38250,Drama
38250,Magic
38250,School
38250,Shounen Ai
38251,Drama
38251,Romance
38252,Hentai
38254,Drama
38254,Slice of Life
38256,Psychological
38256,Drama
38256,Magic
38256,Thriller
38260,Hentai
38262,Slice of Life
38262,Comedy
38262,Kids
38265,Hentai
38265,Demons
38265,Supernatural
38267,Music
38268,Action
38268,Adventure
38268,Magic
38268,Fantasy
38271,Music
38272,Slice of Life
38272,Comedy
38272,Romance
38272,School
38273,Action
38273,Sci-Fi
38273,Space
38273,Comedy
38273,Drama
38273,Mecha
38274,Sports
38274,Drama
38276,Game
38276,Comedy
38276,School
38276,Shounen
38279,Drama
38279,Shoujo
38284,Comedy
38285,Drama
38285,Romance
38285,School
38285,Slice of Life
38287,Kids
38287,Music
38290,Slice of Life
38290,Fantasy
38291,Comedy
38291,Parody
38291,Dementia
38292,Action
38292,Psychological
38292,Sci-Fi
38292,Super Power
38295,Comedy
38295,School
38295,Slice of Life
38297,Action
38297,Adventure
38297,Fantasy
38299,Comedy
38299,Slice of Life
38301,Action
38301,Military
38301,Adventure
38302,Slice of Life
38302,Comedy
38302,School
38302,Josei
38304,Kids
38304,Music
38305,Kids
38305,Music
38306,Kids
38306,Music
38307,Kids
38307,Music
38308,Kids
38308,Music
38309,Music
38309,Kids
38310,Kids
38310,Music
38310,Parody
38311,Kids
38311,Music
38311,Super Power
38312,Action
38312,Mecha
38312,Military
38312,Sci-Fi
38312,Space
38313,Comedy
38313,Historical
38313,Seinen
38313,Slice of Life
38319,Kids
38319,Music
38320,Kids
38320,Music
38321,Kids
38321,Music
38322,Kids
38322,Music
38323,Music
38323,Kids
38324,Kids
38324,Music
38325,Action
38325,Super Power
38325,Supernatural
38325,Martial Arts
38325,Seinen
38326,Kids
38326,Music
38327,Kids
38327,Music
38328,Action
38328,Military
38328,Sci-Fi
38329,Supernatural
38329,Drama
38329,Romance
38329,School
38330,Hentai
38331,Mystery
38331,Romance
38331,Josei
38333,Comedy
38333,Slice of Life
38337,Slice of Life
38337,Comedy
38338,Kids
38339,Hentai
38339,Historical
38341,Unknown
38346,Music
38346,Slice of Life
38347,Harem
38347,Romance
38348,Horror
38348,Seinen
38349,Slice of Life
38349,Comedy
38349,Romance
38352,Comedy
38353,Slice of Life
38354,Comedy
38354,Seinen
38354,Slice of Life
38357,Magic
38357,Romance
38357,Ecchi
38357,Fantasy
38357,Shounen
38360,Action
38360,Adventure
38360,Comedy
38360,Historical
38360,Samurai
38360,Fantasy
38360,Seinen
38361,Game
38361,Fantasy
38362,Music
38363,Comedy
38363,Parody
38365,Action
38365,Sci-Fi
38365,Comedy
38365,Parody
38365,Fantasy
38367,Comedy
38368,Demons
38368,Horror
38372,Action
38372,Fantasy
38372,Magic
38372,Mecha
38372,Shoujo
38373,Action
38373,Military
38373,Sci-Fi
38373,Music
38373,Space
38373,Mecha
38375,Dementia
38376,Dementia
38378,Cars
38378,Kids
38379,Cars
38379,Kids
38383,Comedy
38383,Supernatural
38384,Comedy
38385,Adventure
38385,Music
38385,Sci-Fi
38386,Game
38386,Music
38386,Fantasy
38387,Music
38389,Fantasy
38390,Comedy
38390,School
38392,Music
38393,Action
38393,Military
38395,Comedy
38395,Ecchi
38395,Fantasy
38397,Comedy
38397,Ecchi
38397,School
38397,Seinen
38398,Comedy
38398,Parody
38400,Slice of Life
38400,Sports
38400,Drama
38400,School
38403,Drama
38403,Romance
38403,School
38403,Seinen
38407,Space
38408,Action
38408,Comedy
38408,Super Power
38408,School
38408,Shounen
38409,Action
38409,Mystery
38409,Comedy
38409,Super Power
38409,Drama
38409,Romance
38409,Martial Arts
38410,Action
38410,Mystery
38410,Comedy
38410,Super Power
38410,Drama
38410,Romance
38410,Martial Arts
38411,Comedy
38411,Drama
38412,Slice of Life
38412,Comedy
38413,Action
38413,Adventure
38413,Fantasy
38414,Psychological
38414,Drama
38414,Thriller
38414,Fantasy
38416,Action
38416,Adventure
38416,Comedy
38416,Fantasy
38419,Action
38419,Adventure
38419,Super Power
38419,Shounen
38420,Slice of Life
38422,Comedy
38422,Game
38422,Romance
38422,School
38422,Seinen
38424,Cars
38424,Comedy
38424,Dementia
38424,Music
38425,Action
38425,Ecchi
38425,Martial Arts
38425,School
38425,Seinen
38425,Super Power
38426,Action
38427,Comedy
38429,Military
38429,School
38431,Action
38431,Supernatural
38431,Fantasy
38431,School
38433,Fantasy
38433,Military
38433,Parody
38433,Sci-Fi
38435,Action
38435,Adventure
38435,Demons
38435,Romance
38435,Martial Arts
38435,Fantasy
38436,Action
38436,Adventure
38436,Demons
38436,Supernatural
38436,Romance
38436,Martial Arts
38436,Fantasy
38440,Action
38440,Sci-Fi
38440,Drama
38444,Fantasy
38444,Game
38444,Military
38444,Music
38444,Sci-Fi
38445,Music
38446,Comedy
38446,Kids
38449,School
38450,Action
38450,Mystery
38450,Historical
38450,Supernatural
38451,Comedy
38451,Kids
38451,Parody
38453,Hentai
38456,Drama
38461,Mystery
38461,Super Power
38461,Thriller
38461,School
38464,Drama
38464,Romance
38467,Action
38467,Historical
38467,Supernatural
38467,Martial Arts
38467,Fantasy
38469,Action
38469,Adventure
38469,Drama
38469,Fantasy
38470,Hentai
38471,Game
38471,Music
38472,Comedy
38472,Fantasy
38472,Parody
38473,Romance
38473,Sci-Fi
38474,Slice of Life
38474,Comedy
38475,Comedy
38475,Slice of Life
38476,Slice of Life
38476,Comedy
38477,Music
38478,Music
38480,Super Power
38480,Supernatural
38480,Fantasy
38480,School
38481,Action
38481,Sci-Fi
38481,Super Power
38483,Harem
38483,Comedy
38483,Romance
38483,School
38484,Adventure
38484,Fantasy
38484,Kids
38485,Music
38486,Music
38487,Music
38488,Music
38489,Action
38489,Adventure
38489,Comedy
38489,Historical
38489,Super Power
38489,Demons
38489,Drama
38489,Fantasy
38490,Action
38490,Adventure
38490,Historical
38490,Martial Arts
38490,Fantasy
38491,Action
38491,Adventure
38491,Historical
38491,Romance
38491,Martial Arts
38491,Fantasy
38493,Slice of Life
38495,Music
38496,Music
38497,Historical
38498,Music
38498,Space
38498,Dementia
38500,Music
38501,Music
38501,Dementia
38502,Music
38502,Dementia
38503,Music
38504,Music
38504,Dementia
38505,Dementia
38506,Dementia
38507,Music
38507,Dementia
38508,Music
38508,Dementia
38509,Music
38510,Dementia
38511,Dementia
38513,Hentai
38520,Adventure
38521,Demons
38521,Music
38524,Action
38524,Drama
38524,Fantasy
38524,Military
38524,Mystery
38524,Shounen
38524,Super Power
38525,Adventure
38525,Cars
38525,Kids
38526,Adventure
38526,Cars
38526,Kids
38527,Slice of Life
38527,Comedy
38528,Action
38528,Magic
38528,Fantasy
38528,School
38529,Slice of Life
38529,Comedy
38529,School
38530,Adventure
38530,Fantasy
38530,Kids
38530,Sci-Fi
38530,Space
38533,Comedy
38533,Historical
38533,Supernatural
38533,Drama
38533,Romance
38534,Game
38534,Kids
38535,Game
38535,Kids
38536,Action
38536,Mystery
38536,Super Power
38536,Psychological
38536,Supernatural
38536,Drama
38536,Martial Arts
38537,Game
38537,Kids
38537,Magic
38537,Super Power
38538,Adventure
38538,Fantasy
38538,Game
38538,Kids
38538,Magic
38539,Fantasy
38539,Magic
38539,Music
38540,Mystery
38540,Comedy
38540,Super Power
38544,Military
38544,Slice of Life
38544,Drama
38544,Fantasy
38544,Mecha
38545,Sci-Fi
38549,Adventure
38549,Comedy
38551,Music
38552,Music
38552,Kids
38554,Sports
38555,Comedy
38555,Drama
38555,Romance
38555,Fantasy
38555,School
38556,Drama
38556,Music
38556,Romance
38556,Slice of Life
38557,Action
38557,Adventure
38557,Demons
38557,Supernatural
38557,Magic
38557,Fantasy
38558,Comedy
38558,Magic
38558,Fantasy
38560,Slice of Life
38560,Kids
38561,Slice of Life
38561,Comedy
38561,Drama
38561,Romance
38561,Shoujo
38562,Comedy
38562,Slice of Life
38568,Comedy
38568,Mecha
38569,Comedy
38569,Mecha
38570,Comedy
38570,Mecha
38571,Comedy
38571,Mecha
38572,Fantasy
38573,Adventure
38573,Comedy
38573,Fantasy
38577,Mystery
38578,Action
38578,Magic
38578,Fantasy
38578,Shoujo
38579,Horror
38579,Seinen
38585,Drama
38585,Fantasy
38585,Magic
38585,School
38585,Slice of Life
38587,Music
38594,Drama
38594,Romance
38594,Supernatural
38600,Action
38600,Sci-Fi
38600,Police
38600,Seinen
38601,Action
38601,Adventure
38601,Fantasy
38601,Magic
38603,Game
38606,Action
38606,Supernatural
38609,Kids
38610,Comedy
38610,Ecchi
38610,School
38610,Seinen
38611,Cars
38611,Kids
38612,Cars
38612,Kids
38613,Cars
38613,Kids
38614,Cars
38614,Kids
38616,Kids
38618,Kids
38619,Comedy
38619,School
38620,Hentai
38621,Hentai
38621,Demons
38621,Martial Arts
38621,Fantasy
38622,Comedy
38622,Kids
38622,Parody
38622,School
38623,Comedy
38623,Kids
38623,Parody
38623,School
38624,Comedy
38626,Sports
38627,Game
38627,Comedy
38627,Parody
38628,Action
38628,Mystery
38628,Police
38628,Sci-Fi
38629,Comedy
38629,Seinen
38631,Cars
38631,Kids
38632,Comedy
38632,Parody
38640,Unknown
38641,Music
38641,Dementia
38642,Dementia
38642,Drama
38643,Slice of Life
38644,Dementia
38646,Music
38646,Sports
38646,Shoujo
38647,Music
38647,Sports
38647,Shoujo
38648,Music
38648,Sports
38648,Shoujo
38650,Adventure
38650,Demons
38650,Fantasy
38650,Shounen
38650,Supernatural
38653,Action
38653,Comedy
38653,Shounen
38656,Action
38656,Sci-Fi
38656,Mystery
38656,Super Power
38656,Shounen
38658,Music
38658,Slice of Life
38658,Comedy
38659,Action
38659,Adventure
38659,Comedy
38659,Fantasy
38663,Action
38663,Sci-Fi
38663,Drama
38664,Action
38667,Action
38667,Music
38668,Action
38668,Comedy
38668,Horror
38668,Magic
38668,Fantasy
38668,Seinen
38669,Music
38670,Music
38670,School
38671,Action
38671,Supernatural
38671,Shounen
38672,Action
38672,Magic
38672,Fantasy
38672,Shoujo
38673,Action
38673,Comedy
38673,Fantasy
38674,Slice of Life
38676,Comedy
38677,Drama
38677,Romance
38678,Sci-Fi
38678,Slice of Life
38680,Comedy
38680,Drama
38680,Romance
38680,Shoujo
38680,Slice of Life
38680,Supernatural
38681,Action
38681,Game
38681,Music
38683,Comedy
38683,Game
38683,Parody
38685,Magic
38688,Action
38688,Adventure
38688,Mystery
38688,Supernatural
38688,Fantasy
38689,Action
38689,Military
38689,Historical
38689,Martial Arts
38689,Fantasy
38690,Action
38690,Adventure
38690,Fantasy
38690,Historical
38690,Martial Arts
38690,Military
38690,Mystery
38691,Sci-Fi
38691,Adventure
38691,Shounen
38693,Action
38693,Comedy
38693,Magic
38693,Fantasy
38699,Action
38699,Super Power
38699,Shounen
38700,Dementia
38701,Dementia
38702,Music
38703,Music
38705,Parody
38705,Sci-Fi
38707,Adventure
38707,Comedy
38707,Sci-Fi
38707,Space
38708,Hentai
38710,Action
38710,Adventure
38710,Historical
38710,Seinen
38711,Slice of Life
38712,Dementia
38714,Action
38714,Sci-Fi
38714,Space
38714,Mecha
38715,Action
38715,Historical
38715,Mecha
38716,Action
38716,Military
38716,Sci-Fi
38716,Space
38716,Drama
38716,Mecha
38717,Action
38717,Military
38717,Sci-Fi
38717,Space
38717,Drama
38717,Mecha
38719,Action
38719,Sci-Fi
38719,Mecha
38720,Action
38720,Adventure
38720,Mystery
38720,Comedy
38720,Seinen
38722,Comedy
38722,Parody
38727,Dementia
38728,Music
38729,Drama
38731,Comedy
38731,Sports
38731,School
38731,Shounen
38732,Hentai
38733,Comedy
38733,Shounen
38735,Adventure
38735,Drama
38735,Mystery
38735,Psychological
38735,Romance
38735,Sci-Fi
38735,Shoujo
38738,Kids
38739,Action
38739,Mecha
38740,Action
38740,Adventure
38740,Demons
38740,Drama
38740,Fantasy
38740,Historical
38740,Martial Arts
38740,Romance
38741,Action
38741,Adventure
38741,Historical
38741,Romance
38741,Martial Arts
38741,Fantasy
38742,Action
38742,Mystery
38742,Comedy
38742,Historical
38742,Demons
38742,Martial Arts
38743,Adventure
38743,Kids
38743,Fantasy
38744,Action
38744,Adventure
38744,Fantasy
38745,Comedy
38745,Ecchi
38748,Dementia
38749,Sci-Fi
38749,Thriller
38752,Sci-Fi
38752,Music
38753,Comedy
38753,Drama
38753,Romance
38753,School
38753,Shounen
38756,Music
38757,Dementia
38757,Music
38758,Dementia
38758,Music
38759,Slice of Life
38759,Comedy
38759,Supernatural
38759,Romance
38760,Hentai
38762,Music
38763,Music
38764,Music
38765,Game
38765,Music
38766,Cars
38767,Slice of Life
38767,Comedy
38768,Comedy
38768,Fantasy
38768,Shounen
38769,Music
38770,Action
38770,Mystery
38770,Comedy
38770,Police
38770,Drama
38770,Shounen
38771,Music
38772,Music
38773,Dementia
38774,Music
38774,Slice of Life
38775,Hentai
38775,Fantasy
38776,Slice of Life
38777,Shounen
38778,Comedy
38778,Romance
38778,Ecchi
38778,Shounen
38779,Hentai
38781,Adventure
38781,Comedy
38781,Horror
38783,Fantasy
38784,Game
38784,Music
38785,Kids
38786,Kids
38787,Slice of Life
38787,Comedy
38787,School
38787,Shounen
38788,Mystery
38788,Comedy
38788,Police
38789,Ecchi
38790,Action
38790,Game
38790,Sci-Fi
38790,Adventure
38790,Comedy
38790,Fantasy
38793,Fantasy
38793,Shounen
38794,Music
38795,Dementia
38795,Music
38796,Music
38797,Shounen Ai
38798,Hentai
38799,Action
38799,Military
38799,Sci-Fi
38799,Police
38799,Mecha
38799,Seinen
38800,Music
38800,Sports
38803,Comedy
38803,School
38804,Music
38804,Slice of Life
38804,Comedy
38804,Magic
38804,Shoujo
38805,Music
38807,Action
38807,Adventure
38807,Fantasy
38808,Music
38809,Music
38810,Action
38810,Adventure
38811,Music
38812,Music
38813,Music
38814,Comedy
38814,Ecchi
38814,Harem
38814,Romance
38814,School
38815,Slice of Life
38815,Comedy
38816,Sci-Fi
38816,Drama
38816,Romance
38818,Action
38818,Music
38819,Action
38819,Cars
38819,Music
38820,Kids
38821,Romance
38824,Music
38824,Romance
38826,Slice of Life
38826,Drama
38826,Romance
38826,Fantasy
38827,Kids
38828,Comedy
38830,Action
38830,Fantasy
38831,Hentai
38835,Slice of Life
38835,Comedy
38835,Sports
38837,Action
38837,Game
38837,Sci-Fi
38837,Comedy
38837,Parody
38837,School
38843,Action
38843,Adventure
38843,Magic
38843,Fantasy
38847,Dementia
38848,Dementia
38849,Supernatural
38850,Action
38850,Magic
38850,Fantasy
38850,Shoujo
38851,Comedy
38851,Music
38852,Music
38853,Action
38853,Sci-Fi
38853,Ecchi
38853,Seinen
38854,Music
38854,Magic
38854,Romance
38854,School
38855,Music
38856,Music
38857,Game
38857,Kids
38860,Action
38860,Historical
38860,Samurai
38861,Dementia
38862,Historical
38862,Dementia
38863,Dementia
38864,Parody
38864,Seinen
38864,Slice of Life
38865,Hentai
38866,Hentai
38867,Dementia
38868,Dementia
38869,Dementia
38870,Dementia
38871,Dementia
38872,Dementia
38873,Dementia
38874,Dementia
38875,Dementia
38876,Dementia
38877,Dementia
38878,Dementia
38879,Dementia
38881,Slice of Life
38881,Comedy
38881,Shounen
38882,Action
38882,Comedy
38882,Sports
38882,Shounen
38883,Comedy
38883,Sports
38883,Drama
38883,School
38883,Shounen
38886,Music
38887,Music
38888,Music
38889,Drama
38889,Music
38889,Romance
38889,School
38889,Shounen
38891,Slice of Life
38891,Comedy
38891,Fantasy
38891,School
38893,Dementia
38895,Action
38895,Sci-Fi
38895,Comedy
38895,Police
38896,Music
38897,Action
38897,Game
38897,Comedy
38897,Magic
38898,Music
38899,Comedy
38901,Music
38902,Horror
38902,Psychological
38903,Sci-Fi
38903,Space
38905,Music
38906,Music
38906,Dementia
38906,Horror
38906,Fantasy
38907,Demons
38907,Kids
38909,Game
38909,Fantasy
38910,Action
38910,Fantasy
38911,Space
38911,Kids
38913,Music
38914,Music
38915,Horror
38916,Game
38916,Military
38916,Sci-Fi
38916,Adventure
38916,Demons
38917,Comedy
38917,Historical
38917,Drama
38917,Romance
38918,Action
38918,Adventure
38918,Mystery
38918,Historical
38918,Martial Arts
38919,Adventure
38919,Comedy
38919,Supernatural
38919,Fantasy
38919,School
38920,Action
38920,Historical
38920,Drama
38920,Samurai
38921,Sports
38921,Drama
38921,School
38922,Music
38923,Action
38923,Mystery
38923,Kids
38924,Slice of Life
38924,Comedy
38925,Slice of Life
38926,Kids
38927,Kids
38928,Kids
38931,Fantasy
38931,Slice of Life
38932,Slice of Life
38933,Historical
38934,Music
38935,Ecchi
38935,School
38936,Fantasy
38936,Mystery
38936,Supernatural
38937,Action
38937,Supernatural
38937,Fantasy
38938,Comedy
38938,Romance
38939,Game
38939,Comedy
38940,Action
38940,Fantasy
38940,Magic
38940,Police
38940,Sci-Fi
38954,Slice of Life
38954,Comedy
38954,Josei
38955,Dementia
38955,Music
38957,Comedy
38958,Comedy
38959,Fantasy
38959,Mystery
38959,Supernatural
38960,Music
38961,Music
38961,Dementia
38963,Comedy
38963,Drama
38964,Music
38968,Music
38969,Dementia
38969,Music
38970,Dementia
38970,Music
38971,Supernatural
38972,Action
38972,Adventure
38972,Shounen
38974,Music
38975,Hentai
38975,School
38976,Music
38976,Dementia
38977,Music
38977,Dementia
38980,Music
38981,Action
38981,Parody
38982,Action
38982,Sci-Fi
38982,Space
38982,Drama
38982,Mecha
38985,Adventure
38985,Fantasy
38986,Music
38987,Drama
38990,Historical
38990,Demons
38990,Supernatural
38990,Drama
38992,Comedy
38992,Romance
38993,Slice of Life
38993,Comedy
38993,Romance
38993,School
38993,Shounen
38994,Hentai
38995,Hentai
38997,Music
38998,Music
38998,Comedy
38999,Comedy
38999,Shoujo Ai
38999,Slice of Life
39000,Dementia
39001,Music
39002,Comedy
39002,Kids
39002,Fantasy
39003,Comedy
39007,Comedy
39011,Comedy
39011,Parody
39011,Fantasy
39012,Sci-Fi
39012,Kids
39013,Kids
39014,Slice of Life
39014,Comedy
39014,Sports
39014,Drama
39014,School
39017,Mystery
39017,Demons
39017,Supernatural
39017,Romance
39017,Shounen
39018,Fantasy
39018,Supernatural
39020,Music
39020,Comedy
39020,Parody
39020,Dementia
39020,Psychological
39020,Ecchi
39022,Slice of Life
39022,Historical
39022,Drama
39022,Romance
39023,Action
39023,Historical
39023,Martial Arts
39023,Fantasy
39024,Action
39024,Adventure
39024,Historical
39024,Martial Arts
39024,Fantasy
39026,Comedy
39026,Ecchi
39026,Slice of Life
39026,Sports
39027,Historical
39028,Comedy
39028,Parody
39028,Sci-Fi
39028,Space
39029,Supernatural
39030,Comedy
39030,Fantasy
39030,Shounen
39031,Music
39031,Comedy
39032,Parody
39033,Comedy
39034,Sci-Fi
39034,Parody
39035,Sci-Fi
39035,Slice of Life
39036,Comedy
39037,Music
39038,Music
39038,Parody
39038,Super Power
39039,Action
39039,Adventure
39039,Comedy
39039,Shounen
39040,Action
39040,Adventure
39040,Comedy
39040,Fantasy
39040,Shounen
39042,Hentai
39042,School
39046,Music
39046,Slice of Life
39046,Comedy
39046,Parody
39046,Seinen
39047,Music
39047,Comedy
39048,Music
39049,Comedy
39049,Supernatural
39056,Sci-Fi
39056,Music
39057,Action
39057,Game
39058,Hentai
39063,Action
39063,Demons
39063,Fantasy
39063,Magic
39063,Supernatural
39065,Music
39066,Adventure
39066,Mystery
39066,Shounen
39067,Game
39067,Fantasy
39068,Hentai
39071,Slice of Life
39071,Comedy
39071,Magic
39075,Music
39075,Kids
39077,Slice of Life
39077,Drama
39077,School
39078,Music
39078,Slice of Life
39078,School
39078,Shoujo
39080,Action
39080,Adventure
39080,Romance
39080,Martial Arts
39080,Fantasy
39082,Music
39082,Kids
39083,Unknown
39085,Hentai
39086,Music
39087,Music
39088,Dementia
39088,Music
39089,Music
39090,Drama
39091,Historical
39091,Kids
39093,Music
39094,Comedy
39095,Music
39095,Romance
39096,Dementia
39096,Music
39097,Drama
39097,Military
39097,Music
39098,Kids
39098,Music
39099,Music
39099,Kids
39101,Mecha
39101,Sci-Fi
39102,Mecha
39102,Sci-Fi
39103,Kids
39104,Kids
39104,Martial Arts
39105,Kids
39106,Kids
39107,Kids
39108,Kids
39108,Music
39109,Drama
39109,Kids
39110,Slice of Life
39110,Kids
39112,Music
39113,Music
39114,Music
39115,Comedy
39115,Mecha
39115,Sci-Fi
39115,Seinen
39115,Slice of Life
39115,Space
39116,Adventure
39116,Fantasy
39116,Magic
39117,Sports
39119,Adventure
39119,Historical
39119,Kids
39119,Magic
39119,Samurai
39119,Fantasy
39121,Kids
39122,Kids
39123,Kids
39124,Kids
39125,Kids
39126,Kids
39127,Kids
39128,Kids
39129,Kids
39130,Kids
39131,Kids
39132,Kids
39133,Kids
39135,Kids
39136,Kids
39137,Kids
39138,Kids
39139,Kids
39140,Kids
39141,Historical
39141,Drama
39141,Romance
39141,Martial Arts
39141,Fantasy
39143,Kids
39144,Kids
39145,Kids
39146,Kids
39147,Kids
39148,Kids
39149,Historical
39149,Kids
39150,Music
39151,Kids
39152,Kids
39152,Sci-Fi
39153,Kids
39154,Kids
39155,Kids
39156,Kids
39157,Kids
39158,Kids
39159,Kids
39160,Kids
39161,Kids
39162,Mecha
39162,Sci-Fi
39163,Music
39164,Music
39165,Music
39166,Military
39166,School
39167,Military
39167,School
39168,Military
39168,School
39169,Military
39169,School
39170,Music
39171,Music
39172,Music
39173,Music
39174,Music
39175,Music
39178,Action
39178,Adventure
39178,Demons
39178,Fantasy
39179,Dementia
39179,Music
39180,Dementia
39181,Dementia
39181,Music
39182,Music
39183,Kids
39184,Slice of Life
39184,Drama
39185,Drama
39185,Music
39187,Music
39188,Action
39188,Comedy
39188,Drama
39188,Romance
39188,Martial Arts
39188,Fantasy
39189,Action
39190,Comedy
39191,Adventure
39191,Fantasy
39192,Fantasy
39194,Comedy
39194,Shounen
39195,Slice of Life
39195,Psychological
39195,Drama
39195,Shounen
39196,Comedy
39196,Demons
39196,Supernatural
39196,Fantasy
39196,School
39196,Shounen
39197,Adventure
39197,Slice of Life
39198,Sci-Fi
39198,Adventure
39198,Space
39198,Shounen
39199,Action
39199,Drama
39199,Fantasy
39199,Military
39199,Shounen
39200,Music
39201,Music
39202,Music
39203,Music
39204,Music
39205,Kids
39206,Slice of Life
39207,Music
39208,Music
39209,Dementia
39209,Music
39211,Music
39212,Music
39212,Slice of Life
39212,Kids
39213,Adventure
39213,Music
39213,Kids
39214,Music
39214,Slice of Life
39214,Kids
39215,Music
39216,Music
39217,Comedy
39219,Music
39220,Music
39221,Action
39221,Demons
39221,Supernatural
39222,Sci-Fi
39223,Action
39223,Game
39224,Music
39225,Music
39225,Kids
39226,Sports
39226,Kids
39227,Kids
39227,Sports
39228,Kids
39229,Kids
39230,Slice of Life
39230,Comedy
39231,Action
39231,Sci-Fi
39235,Action
39235,Adventure
39235,Magic
39235,Fantasy
39239,Action
39239,Adventure
39239,Romance
39239,Fantasy
39242,Music
39243,Music
39244,Action
39244,Game
39244,Shounen
39245,Music
39245,Kids
39247,Slice of Life
39247,Comedy
39247,Fantasy
39249,Action
39249,Fantasy
39249,Shoujo
39250,Comedy
39251,Dementia
39251,Music
39252,Ecchi
39252,Music
39253,Kids
39254,Kids
39255,Kids
39256,Kids
39257,Music
39257,Dementia
39258,Music
39259,Dementia
39259,Music
39260,Kids
39261,Kids
39262,Kids
39263,Kids
39264,Adventure
39264,Drama
39264,Romance
39264,Supernatural
39265,Kids
39271,Cars
39271,Kids
39271,Shounen
39272,Fantasy
39272,Historical
39272,Romance
39273,Music
39274,Adventure
39274,Comedy
39274,Demons
39274,Magic
39274,Martial Arts
39274,Fantasy
39275,Music
39277,Comedy
39277,Demons
39277,Kids
39277,Supernatural
39279,Music
39281,Music
39282,Action
39282,Sci-Fi
39282,Adventure
39282,Sports
39282,Shounen
39284,Music
39285,Music
39286,Music
39288,Music
39290,Dementia
39290,Psychological
39290,Drama
39292,Action
39292,Adventure
39292,Comedy
39292,Fantasy
39293,Music
39294,Music
39295,Game
39295,Comedy
39295,Supernatural
39295,Shounen
39296,Music
39297,Music
39298,Action
39298,Comedy
39299,Hentai
39305,Music
39306,Music
39307,Kids
39307,Supernatural
39308,Kids
39308,Sci-Fi
39308,Supernatural
39309,Kids
39309,Sci-Fi
39310,Kids
39310,Martial Arts
39313,Music
39314,Music
39315,Adventure
39315,Comedy
39315,Fantasy
39315,Shounen
39316,Comedy
39320,Music
39321,Music
39322,Drama
39322,Music
39323,Music
39324,Fantasy
39324,Slice of Life
39325,Comedy
39325,Ecchi
39325,Fantasy
39326,Comedy
39326,Ecchi
39326,Harem
39326,Romance
39326,School
39328,Kids
39328,Magic
39329,Adventure
39329,Romance
39329,Fantasy
39330,Music
39331,Music
39332,Drama
39333,Action
39333,Military
39333,Sci-Fi
39333,Space
39333,Romance
39334,Fantasy
39334,Magic
39335,Fantasy
39335,Mystery
39337,Comedy
39337,Ecchi
39337,Romance
39339,Comedy
39339,Parody
39342,Kids
39343,Comedy
39343,Kids
39343,School
39343,Slice of Life
39344,Slice of Life
39344,Comedy
39344,Kids
39344,School
39345,Kids
39348,Music
39349,Music
39351,Adventure
39351,Kids
39351,Magic
39352,Sports
39352,Kids
39353,Kids
39354,Kids
39355,Action
39355,Adventure
39355,Magic
39355,Fantasy
39356,Historical
39356,Parody
39356,Kids
39356,Samurai
39358,Kids
39358,Sci-Fi
39359,Kids
39359,Sci-Fi
39360,Historical
39361,Kids
39361,Mecha
39361,Sci-Fi
39361,Space
39362,Kids
39362,Mecha
39362,Sci-Fi
39362,Space
39363,Kids
39363,Mecha
39363,Sci-Fi
39363,Space
39364,Drama
39364,Romance
39365,Hentai
39367,Kids
39368,Kids
39368,Sci-Fi
39369,Sci-Fi
39369,Kids
39370,Kids
39370,Martial Arts
39371,Kids
39371,Martial Arts
39372,Kids
39372,Martial Arts
39373,Kids
39374,Fantasy
39374,Kids
39375,Kids
39376,Kids
39376,Magic
39377,Kids
39378,Historical
39378,Kids
39378,Drama
39380,Slice of Life
39380,Comedy
39380,Shounen Ai
39381,Kids
39382,Mystery
39382,Demons
39382,Supernatural
39382,Fantasy
39382,Shoujo
39384,Fantasy
39384,Kids
39385,Music
39385,Slice of Life
39385,Romance
39388,Slice of Life
39388,Comedy
39388,School
39392,Hentai
39393,Music
39394,Music
39395,Music
39396,Music
39397,Comedy
39397,Ecchi
39397,Harem
39401,Kids
39403,Kids
39404,Kids
39405,Fantasy
39405,Kids
39406,Kids
39407,Kids
39408,Kids
39409,Kids
39410,Action
39410,Sci-Fi
39410,Adventure
39410,Super Power
39410,Fantasy
39410,Shounen
39412,Adventure
39412,Kids
39413,Comedy
39414,Demons
39414,Shounen
39414,Supernatural
39415,Fantasy
39416,Sci-Fi
39416,Fantasy
39417,Fantasy
39417,Magic
39417,Mecha
39419,Action
39419,Adventure
39419,Comedy
39419,Historical
39419,Martial Arts
39421,Supernatural
39421,Vampire
39426,Kids
39427,Kids
39428,Kids
39428,Sci-Fi
39429,Military
39429,School
39430,Comedy
39430,Slice of Life
39431,Comedy
39431,Kids
39435,Mystery
39435,Comedy
39435,Kids
39435,Fantasy
39436,Slice of Life
39436,Comedy
39436,Kids
39448,Comedy
39449,Psychological
39449,Drama
39450,Kids
39451,Kids
39452,Music
39452,Dementia
39453,Kids
39454,Kids
39454,Sci-Fi
39454,Supernatural
39455,Kids
39455,Supernatural
39456,Adventure
39456,Comedy
39456,Seinen
39457,Slice of Life
39457,Comedy
39457,Seinen
39463,Action
39463,Mystery
39463,Supernatural
39463,Ecchi
39463,Seinen
39464,Game
39464,Music
39464,Parody
39465,Game
39465,Music
39466,Hentai
39468,Slice of Life
39468,Fantasy
39469,Action
39469,Comedy
39469,Supernatural
39469,Ecchi
39469,School
39469,Seinen
39470,Action
39470,Comedy
39470,Supernatural
39470,Ecchi
39470,School
39470,Seinen
39471,Hentai
39473,Action
39473,Game
39473,Kids
39474,Demons
39474,Kids
39475,Action
39475,Drama
39475,Music
39476,Music
39477,Comedy
39477,Parody
39477,Shounen
39478,Military
39478,Shounen
39478,Space
39479,Historical
39480,Demons
39480,Ecchi
39480,Harem
39480,Parody
39482,Action
39482,Comedy
39482,Parody
39482,Super Power
39486,Action
39486,Sci-Fi
39486,Comedy
39486,Historical
39486,Parody
39486,Drama
39486,Samurai
39486,Shounen
39487,Action
39487,Adventure
39487,Drama
39487,Seinen
39488,Kids
39489,Action
39489,Military
39489,Sci-Fi
39489,Adventure
39489,Shounen
39490,Music
39490,Fantasy
39491,Action
39491,Sci-Fi
39491,Police
39491,Psychological
39495,Supernatural
39495,Shounen
39498,Game
39498,Slice of Life
39498,Sports
39499,Music
39499,Kids
39500,Music
39501,Kids
39502,Kids
39503,Kids
39504,Kids
39505,Sports
39505,Kids
39506,Action
39506,Sci-Fi
39506,Space
39507,Kids
39511,Music
39513,Music
39513,Romance
39514,Adventure
39514,Drama
39514,Fantasy
39514,Sci-Fi
39517,Music
39518,Vampire
39519,Action
39519,Adventure
39519,Fantasy
39523,Fantasy
39526,Hentai
39527,Sports
39527,School
39527,Josei
39528,Sci-Fi
39528,Slice of Life
39528,Comedy
39528,Kids
39528,School
39529,Comedy
39529,Demons
39529,Kids
39529,Supernatural
39529,School
39530,Hentai
39531,Adventure
39531,Fantasy
39531,Seinen
39533,Drama
39533,Music
39533,Romance
39533,Shounen Ai
39533,Slice of Life
39534,Comedy
39534,School
39534,Shounen
39534,Supernatural
39535,Drama
39535,Magic
39535,Fantasy
39536,Dementia
39536,Demons
39538,Comedy
39538,Demons
39538,Supernatural
39538,Fantasy
39538,Seinen
39539,Action
39539,Sci-Fi
39539,Drama
39539,Seinen
39540,Dementia
39541,Dementia
39544,Music
39545,Sci-Fi
39545,Slice of Life
39545,Romance
39545,School
39545,Shoujo Ai
39546,Comedy
39546,Fantasy
39546,Kids
39546,Parody
39547,Slice of Life
39547,Comedy
39547,Drama
39547,Romance
39547,School
39549,Music
39551,Comedy
39551,Fantasy
39555,Action
39555,Martial Arts
39555,Shounen
39559,Romance
39559,Ecchi
39559,School
39560,Music
39562,Slice of Life
39564,Music
39564,Slice of Life
39565,Action
39565,Super Power
39565,Shounen
39566,Music
39566,Sports
39567,Action
39567,Police
39567,Vampire
39567,Fantasy
39568,Drama
39568,Music
39569,Drama
39570,Comedy
39570,Game
39570,Romance
39570,School
39570,Seinen
39572,Adventure
39572,Comedy
39572,Fantasy
39574,Action
39574,Sci-Fi
39574,Martial Arts
39574,Mecha
39574,Seinen
39575,Adventure
39575,Slice of Life
39575,Demons
39575,Drama
39575,Fantasy
39576,Action
39576,Adventure
39576,Fantasy
39581,Adventure
39581,Comedy
39582,Mystery
39582,Historical
39583,Sports
39583,School
39584,Historical
39584,Psychological
39584,Drama
39584,Seinen
39585,Comedy
39585,Magic
39585,Shoujo
39586,Comedy
39586,Shounen
39587,Psychological
39587,Drama
39587,Thriller
39587,Fantasy
39588,Comedy
39588,Magic
39589,Action
39589,Military
39589,Adventure
39590,Slice of Life
39590,Comedy
39591,Slice of Life
39591,Comedy
39592,Action
39592,Military
39592,Sci-Fi
39592,Space
39592,Mecha
39592,Shounen
39597,Action
39597,Game
39597,Adventure
39597,Romance
39597,Fantasy
39605,Comedy
39605,Parody
39605,Shounen
39606,Slice of Life
39606,Comedy
39606,Shoujo Ai
39607,Comedy
39607,Fantasy
39607,Shounen
39609,Music
39609,Slice of Life
39610,Mystery
39610,Police
39610,Drama
39610,Fantasy
39610,Seinen
39611,Music
39611,Parody
39616,Music
39617,Sci-Fi
39617,Mystery
39617,Psychological
39617,Thriller
39617,Shounen
39618,Action
39618,Comedy
39618,Shounen
39619,Music
39620,Comedy
39620,Slice of Life
39621,Fantasy
39621,Magic
39621,Shoujo
39622,Action
39622,Game
39622,Fantasy
39623,Music
39623,Dementia
39624,Kids
39625,Kids
39626,Kids
39627,Kids
39628,Comedy
39628,Kids
39629,Historical
39629,Fantasy
39634,Action
39634,Drama
39634,Historical
39634,Military
39635,Comedy
39638,Action
39638,Comedy
39638,Fantasy
39638,Sci-Fi
39640,Hentai
39643,Music
39643,Comedy
39643,School
39644,Music
39650,Music
39650,Dementia
39651,Action
39651,Slice of Life
39651,Comedy
39651,Supernatural
39652,Action
39652,Sci-Fi
39652,Comedy
39652,Parody
39652,Super Power
39652,Supernatural
39653,Adventure
39653,Comedy
39653,Fantasy
39654,Slice of Life
39654,Comedy
39658,Music
39659,Comedy
39659,Kids
39663,Historical
39663,Supernatural
39664,Comedy
39664,Kids
39668,Slice of Life
39674,Sci-Fi
39674,Space
39674,Comedy
39674,Kids
39674,Fantasy
39674,Mecha
39675,Action
39675,Sci-Fi
39675,Horror
39675,Demons
39675,Drama
39675,Thriller
39676,Slice of Life
39676,Comedy
39676,Supernatural
39677,Slice of Life
39677,Comedy
39677,Supernatural
39677,Magic
39677,Fantasy
39678,Slice of Life
39678,Comedy
39678,Historical
39678,Demons
39678,Supernatural
39679,Action
39679,Adventure
39679,Demons
39679,Kids
39679,Magic
39679,Fantasy
39680,Fantasy
39680,Hentai
39681,Music
39682,Kids
39682,Music
39684,Music
39685,Adventure
39685,Kids
39685,Magic
39685,Martial Arts
39686,Adventure
39686,Kids
39686,Magic
39686,Martial Arts
39689,Comedy
39689,Ecchi
39689,School
39689,Seinen
39690,Music
39690,Dementia
39690,Fantasy
39691,Kids
39694,Music
39696,Kids
39697,Magic
39697,Parody
39697,Shoujo
39699,Music
39699,Sports
39699,Shounen
39700,Dementia
39700,Music
39701,Action
39701,Adventure
39701,Supernatural
39701,Magic
39701,Fantasy
39701,Shounen
39703,Drama
39704,Drama
39705,Action
39705,Sci-Fi
39705,Comedy
39705,Parody
39705,Super Power
39705,Supernatural
39706,Music
39707,Action
39707,Game
39707,Music
39708,Music
39708,Comedy
39708,Demons
39708,Supernatural
39708,Fantasy
39709,Comedy
39710,Slice of Life
39710,Drama
39710,Romance
39710,Seinen
39711,Sci-Fi
39711,Comedy
39711,Parody
39711,Mecha
39714,Action
39714,Drama
39714,Military
39714,Music
39716,Music
39718,Music
39720,Action
39720,Mystery
39720,Historical
39720,Romance
39720,Martial Arts
39721,Comedy
39722,Comedy
39725,Music
39725,Slice of Life
39725,Comedy
39725,School
39728,Sci-Fi
39728,Slice of Life
39728,Fantasy
39730,Slice of Life
39730,Comedy
39730,School
39730,Seinen
39731,Slice of Life
39731,Hentai
39731,Drama
39731,Romance
39731,Thriller
39731,Josei
39734,Slice of Life
39735,Kids
39736,Action
39736,Mystery
39736,Supernatural
39738,Supernatural
39741,Slice of Life
39741,Drama
39741,Fantasy
39753,Drama
39753,Romance
39753,School
39753,Shoujo
39754,Unknown
39758,Kids
39759,Kids
39760,Supernatural
39760,Magic
39760,Fantasy
39761,Drama
39761,Yaoi
39762,Comedy
39762,Game
39762,Parody
39762,Samurai
39763,Action
39763,Adventure
39764,Action
39764,Mystery
39764,Comedy
39764,Police
39764,Drama
39764,Shounen
39766,Music
39766,Mystery
39766,Supernatural
39766,School
39767,Romance
39767,Fantasy
39769,Sci-Fi
39769,Music
39769,Fantasy
39778,Action
39778,Sci-Fi
39778,Shounen
39780,Comedy
39780,Demons
39780,School
39781,Fantasy
39781,Music
39782,Kids
39782,Music
39783,Harem
39783,Comedy
39783,Romance
39783,School
39783,Shounen
39786,Music
39787,Kids
39787,Music
39790,Slice of Life
39790,Romance
39790,School
39790,Shoujo Ai
39792,Adventure
39792,Comedy
39792,School
39792,Seinen
39793,Music
39794,Hentai
39795,Hentai
39795,Demons
39795,Magic
39795,Fantasy
39798,Sci-Fi
39798,Historical
39798,Super Power
39798,Kids
39799,Harem
39799,Comedy
39799,Supernatural
39799,Romance
39799,Ecchi
39799,School
39799,Shounen
39800,Harem
39800,Hentai
39800,Sports
39800,Romance
39800,School
39803,Hentai
39805,Sci-Fi
39805,Comedy
39806,Action
39806,Adventure
39806,Historical
39806,Supernatural
39806,Drama
39806,Martial Arts
39806,Samurai
39806,Seinen
39808,Slice of Life
39808,Comedy
39808,Seinen
39810,Adventure
39810,Comedy
39810,Fantasy
39811,Action
39811,Demons
39811,Supernatural
39811,Magic
39811,Fantasy
39812,Music
39815,Music
39819,Harem
39819,Comedy
39819,Romance
39819,School
39819,Shounen
39820,Adventure
39820,Cars
39820,Kids
39823,Action
39823,Historical
39823,Martial Arts
39823,Fantasy
39826,Music
39827,Kids
39827,Fantasy
39831,Music
39833,Action
39833,Sci-Fi
39833,Adventure
39833,Comedy
39833,Thriller
39836,Dementia
39836,Horror
39836,Supernatural
39839,Comedy
39839,Parody
39839,Super Power
39840,Music
39840,Slice of Life
39840,School
39841,Sci-Fi
39841,Mecha
39842,Hentai
39842,Demons
39842,Magic
39842,Fantasy
39846,Sci-Fi
39846,Drama
39849,Comedy
39849,Super Power
39851,Comedy
39851,Fantasy
39851,Shounen
39854,Music
39856,Game
39856,Music
39856,Kids
39857,Kids
39857,Music
39858,Music
39858,Kids
39861,Music
39861,Comedy
39861,Kids
39862,Slice of Life
39864,Comedy
39869,Music
39869,Kids
39870,Kids
39870,Music
39872,Music
39872,Dementia
39872,Drama
39874,Kids
39874,Music
39875,Music
39875,Supernatural
39876,Kids
39876,Music
39877,Kids
39877,Music
39884,Music
39885,Kids
39885,Music
39885,Slice of Life
39886,Kids
39886,Music
39888,Kids
39888,Music
39889,Kids
39889,Music
39890,Music
39890,Drama
39891,Kids
39891,Music
39892,Kids
39892,Music
39893,Action
39893,Comedy
39893,Kids
39893,Magic
39893,Mecha
39893,Sci-Fi
39893,Shounen
39893,Super Power
39894,Music
39894,Drama
39894,School
39895,Kids
39895,Music
39895,Slice of Life
39896,Kids
39896,Music
39900,Kids
39900,Music
39900,Slice of Life
39901,Kids
39901,Music
39905,Josei
39905,Mystery
39905,Police
39905,Romance
39905,Thriller
39906,Action
39906,Adventure
39906,Magic
39906,Fantasy
39910,Kids
39910,Music
39911,Kids
39911,Music
39912,Action
39912,Adventure
39912,Historical
39912,Demons
39912,Romance
39912,Martial Arts
39912,Fantasy
39914,Kids
39914,Music
39916,Kids
39916,Music
39917,Action
39917,Historical
39917,Samurai
39918,Kids
39918,Music
39919,Kids
39919,Music
39920,Kids
39920,Music
39921,Parody
39921,Fantasy
39922,Kids
39922,Music
39923,Kids
39923,Music
39925,Kids
39925,Music
39926,Kids
39926,Music
39931,Fantasy
39935,Action
39935,Sci-Fi
39935,Super Power
39935,Seinen
39936,Adventure
39938,Fantasy
39938,Historical
39938,Music
39939,Drama
39939,Music
39940,Ecchi
39940,School
39940,Shounen
39942,Slice of Life
39944,Music
39947,Music
39947,Fantasy
39948,Action
39948,Mystery
39948,Comedy
39948,Supernatural
39948,Drama
39948,Shounen
39957,Music
39957,Romance
39959,Slice of Life
39959,Comedy
39959,School
39960,Slice of Life
39960,Comedy
39960,School
39960,Shounen
39962,Music
39963,Comedy
39963,Romance
39963,Ecchi
39966,Sports
39966,School
39967,Action
39967,Sci-Fi
39967,Kids
39967,Mecha
39972,Mystery
39972,Demons
39972,Supernatural
39972,Fantasy
39972,Shoujo
39975,Music
39978,Comedy
39979,Slice of Life
39979,Comedy
39987,Military
39987,Sci-Fi
39987,Comedy
39987,Shounen
39988,Comedy
39988,Parody
39988,Fantasy
39989,Music
39990,Comedy
39990,Supernatural
39990,Vampire
39990,School
39991,Action
39991,Sci-Fi
39991,Super Power
39991,Mecha
39993,Comedy
39993,Parody
39993,Fantasy
39994,Music
39994,School
39995,Slice of Life
39995,Comedy
39995,Supernatural
39995,Romance
39996,Dementia
39996,Music
39997,Music
39999,Sci-Fi
39999,Music
39999,Drama
39999,Romance
40000,Dementia
40000,Music
40001,Dementia
40001,Music
40002,Dementia
40002,Music
40003,Music
40003,Dementia
40004,Harem
40004,Comedy
40004,Romance
40004,School
40004,Shounen
40005,Action
40005,Magic
40005,Fantasy
40005,School
40009,Comedy
40010,Comedy
40010,Ecchi
40010,Fantasy
40013,Comedy
40014,Slice of Life
40015,Action
40015,Comedy
40015,Game
40015,Music
40016,Dementia
40020,Action
40020,Sci-Fi
40022,Hentai
40023,Hentai
40024,Demons
40024,Magic
40024,Romance
40024,Shoujo
40028,Action
40028,Military
40028,Mystery
40028,Super Power
40028,Drama
40028,Fantasy
40028,Shounen
40029,Comedy
40030,Adventure
40030,Cars
40030,Kids
40031,Comedy
40031,Parody
40031,Magic
40031,Fantasy
40031,Shounen
40033,Kids
40033,Mecha
40034,Music
40034,Slice of Life
40035,Slice of Life
40036,Unknown
40037,Unknown
40040,Comedy
40040,Kids
40042,Game
40042,Music
40042,Magic
40042,Ecchi
40044,Sci-Fi
40044,Adventure
40044,Comedy
40044,Kids
40044,Shounen
40045,Adventure
40045,Comedy
40045,Kids
40046,Mystery
40046,Police
40046,Psychological
40046,Sci-Fi
40048,Hentai
40052,Action
40052,Adventure
40052,Mystery
40052,Comedy
40052,Psychological
40054,Action
40054,Military
40054,Sci-Fi
40054,Supernatural
40054,Seinen
40055,Sci-Fi
40055,Adventure
40055,Space
40056,Action
40056,Sci-Fi
40056,Adventure
40057,Music
40057,Kids
40058,Kids
40058,Music
40059,Action
40059,Adventure
40059,Historical
40059,Seinen
40060,Action
40060,Super Power
40060,Fantasy
40062,Action
40062,Romance
40062,Fantasy
40064,Action
40064,Adventure
40064,Comedy
40064,Fantasy
40066,Magic
40066,Fantasy
40073,Action
40073,Comedy
40073,Fantasy
40073,Parody
40073,Sci-Fi
40073,Supernatural
40074,Action
40074,Horror
40074,Martial Arts
40074,Samurai
40074,Fantasy
40075,Sci-Fi
40075,Mystery
40075,Super Power
40075,Romance
40076,Comedy
40078,Adventure
40078,Fantasy
40080,Action
40080,Game
40082,Action
40082,Adventure
40082,Mystery
40082,Comedy
40082,Seinen
40083,Action
40083,Adventure
40083,Fantasy
40083,Harem
40085,Slice of Life
40085,Comedy
40087,Kids
40088,Unknown
40089,Unknown
40090,Unknown
40091,Kids
40091,Magic
40092,Kids
40092,Magic
40097,Action
40097,Sci-Fi
40097,Harem
40097,Space
40097,Comedy
40097,Shounen
40100,Slice of Life
40100,Comedy
40102,Action
40102,Comedy
40102,Fantasy
40103,Action
40103,Adventure
40103,Comedy
40103,Kids
40103,Fantasy
40104,Action
40104,Historical
40104,Supernatural
40104,Drama
40104,Romance
40104,School
40104,Shounen Ai
40105,Music
40105,Dementia
40106,Dementia
40109,Action
40109,Military
40109,Sci-Fi
40109,Drama
40109,Mecha
40111,Action
40111,Comedy
40111,Historical
40111,Drama
40111,Fantasy
40112,Music
40117,Comedy
40121,Music
40124,Comedy
40124,Parody
40128,Drama
40128,Historical
40128,Romance
40128,Seinen
40128,Slice of Life
40129,Game
40129,Slice of Life
40129,Comedy
40131,Hentai
40131,Comedy
40131,Parody
40134,Slice of Life
40134,Magic
40134,Fantasy
40134,Shounen
40136,Slice of Life
40136,Comedy
40136,Historical
40136,Seinen
40137,Music
40139,Slice of Life
40139,Drama
40140,Music
40141,Comedy
40142,Sci-Fi
40142,Mystery
40142,Comedy
40142,Parody
40142,Supernatural
40143,Action
40143,Game
40143,Kids
40143,Fantasy
40145,Action
40145,Game
40145,Fantasy
40145,Shounen
40147,Music
40148,Music
40151,Military
40151,Sci-Fi
40151,Comedy
40152,Music
40153,Music
40154,Action
40154,Sci-Fi
40154,Mystery
40154,Police
40155,Music
40155,Sports
40155,Kids
40156,Mystery
40156,Fantasy
40156,School
40157,Sci-Fi
40157,Drama
40158,Dementia
40158,Music
40159,Dementia
40159,Music
40163,Slice of Life
40164,Music
40164,Dementia
40164,Drama
40165,Action
40165,Mecha
40165,Music
40165,Sci-Fi
40166,Action
40166,Sci-Fi
40166,Adventure
40166,Comedy
40167,Action
40167,Game
40167,Shounen
40171,Dementia
40171,Psychological
40172,Music
40174,Music
40174,Comedy
40174,Supernatural
40176,Ecchi
40176,School
40178,Sci-Fi
40178,Comedy
40179,Action
40179,Fantasy
40180,Historical
40180,Fantasy
40181,Adventure
40181,Parody
40181,Shounen
40182,Action
40182,Sci-Fi
40182,Adventure
40182,Super Power
40182,Kids
40182,Fantasy
40188,Kids
40188,Music
40192,Action
40192,Sci-Fi
40192,Mecha
40194,Action
40194,Ecchi
40194,Martial Arts
40194,Fantasy
40196,Sports
40196,Ecchi
40197,Slice of Life
40197,Comedy
40197,School
40200,Music
40200,Kids
40202,Comedy
40202,Dementia
40204,Dementia
40205,Slice of Life
40206,Action
40206,Supernatural
40206,Magic
40206,Fantasy
40208,Slice of Life
40208,Comedy
40209,Dementia
40210,Kids
40210,Music
40211,Adventure
40211,Drama
40211,Fantasy
40212,Hentai
40215,Slice of Life
40215,Comedy
40217,Hentai
40217,Demons
40217,Fantasy
40221,Action
40221,Adventure
40221,Mystery
40221,Drama
40221,Fantasy
40222,Music
40223,Slice of Life
40223,Comedy
40223,Historical
40223,Drama
40228,Slice of Life
40228,Comedy
40228,Kids
40230,Drama
40230,Mystery
40230,Slice of Life
40233,Action
40233,Adventure
40233,Historical
40233,Romance
40233,Martial Arts
40233,Fantasy
40237,Dementia
40238,Historical
40239,Action
40239,Adventure
40239,Harem
40239,Fantasy
40242,Adventure
40242,Fantasy
40244,Adventure
40244,Kids
40244,Fantasy
40245,Music
40246,Music
40249,Comedy
40249,Magic
40250,Action
40250,Sci-Fi
40250,Adventure
40250,Mecha
40250,Shounen
40251,Action
40251,Sci-Fi
40251,Adventure
40251,Mecha
40251,Shounen
40252,Music
40252,Fantasy
40254,Romance
40254,Ecchi
40254,Josei
40255,Music
40256,Action
40256,Sci-Fi
40256,Adventure
40256,Fantasy
40256,Mecha
40262,Comedy
40262,Sports
40262,Drama
40262,School
40262,Shounen
40266,Music
40266,Slice of Life
40266,School
40266,Shoujo
40267,Slice of Life
40267,Sports
40269,Action
40269,Martial Arts
40272,Slice of Life
40272,Drama
40273,Historical
40280,Super Power
40280,Supernatural
40282,Action
40282,Comedy
40283,Action
40283,Fantasy
40283,Game
40283,Music
40286,Music
40286,Romance
40288,Music
40291,Music
40292,Music
40293,Music
40294,Music
40295,Sci-Fi
40297,Adventure
40297,Dementia
40297,Music
40298,Military
40298,Parody
40299,Kids
40301,Drama
40301,Game
40301,Kids
40302,Action
40302,Historical
40302,Samurai
40302,Seinen
40304,Music
40305,Hentai
40312,Music
40312,Comedy
40312,Dementia
40313,Action
40313,Sci-Fi
40313,Super Power
40313,Mecha
40314,Comedy
40314,Drama
40314,Romance
40314,Shounen Ai
40315,Comedy
40316,Magic
40316,Shoujo
40320,Action
40320,Adventure
40320,Historical
40320,Supernatural
40320,Martial Arts
40320,Fantasy
40321,Adventure
40321,Historical
40321,Fantasy
40323,Action
40323,Comedy
40323,Parody
40323,Samurai
40327,Adventure
40327,Kids
40327,Fantasy
40329,Comedy
40329,Seinen
40331,Music
40331,Slice of Life
40332,Horror
40333,Dementia
40333,Horror
40333,Psychological
40333,Supernatural
40333,Drama
40333,Romance
40333,Seinen
40334,Slice of Life
40334,School
40335,Slice of Life
40335,Drama
40335,School
40336,Hentai
40336,Demons
40336,Supernatural
40336,Fantasy
40337,Hentai
40338,Dementia
40338,Music
40340,Action
40340,Mystery
40340,Shounen
40341,Sci-Fi
40341,Super Power
40341,Shounen
40342,Comedy
40342,Parody
40342,Slice of Life
40344,Music
40345,Action
40345,Comedy
40345,Super Power
40345,Demons
40345,Supernatural
40345,Shounen
40346,Comedy
40346,Supernatural
40346,Shounen
40347,Demons
40347,Supernatural
40347,Fantasy
40347,Shounen
40348,Mystery
40348,Shounen
40349,Comedy
40349,Sports
40349,Shounen
40350,Action
40350,Sports
40350,Shounen
40351,Action
40351,Adventure
40351,Comedy
40351,Kids
40351,Fantasy
40352,Music
40353,Dementia
40353,Music
40356,Action
40356,Adventure
40356,Drama
40356,Fantasy
40357,Action
40357,Adventure
40357,Drama
40357,Fantasy
40358,Slice of Life
40358,Comedy
40358,Seinen
40359,Mystery
40359,Drama
40360,Music
40361,Music
40361,Kids
40363,Dementia
40363,Music
40364,Music
40364,Slice of Life
40365,Comedy
40365,Demons
40366,Music
40367,Action
40367,Sci-Fi
40367,Adventure
40367,Kids
40367,Drama
40367,Mecha
40368,Adventure
40368,Comedy
40368,Kids
40368,Fantasy
40369,Slice of Life
40369,Comedy
40369,School
40369,Shoujo Ai
40372,Sports
40372,Shounen
40373,Music
40375,Game
40375,Music
40376,Slice of Life
40377,Kids
40377,Mecha
40377,Sci-Fi
40378,Music
40378,Horror
40378,Supernatural
40379,Action
40383,Music
40383,Dementia
40385,Slice of Life
40389,Action
40389,Military
40389,Sci-Fi
40389,Space
40389,Drama
40392,Slice of Life
40392,Drama
40392,School
40392,Shounen
40393,Parody
40393,Super Power
40394,Action
40397,Slice of Life
40397,Comedy
40397,Supernatural
40397,Magic
40397,Fantasy
40397,Shounen
40398,Hentai
40399,Hentai
40403,Sci-Fi
40403,Adventure
40403,Mecha
40403,Shounen
40405,Action
40405,Sci-Fi
40405,Police
40405,Magic
40405,Fantasy
40406,Kids
40407,Kids
40408,Kids
40410,Action
40410,Music
40412,Music
40412,Josei
40414,Music
40415,Music
40416,Sci-Fi
40417,Slice of Life
40417,Comedy
40417,Supernatural
40417,Drama
40417,Romance
40417,Shoujo
40421,Music
40421,Slice of Life
40421,Drama
40421,Romance
40421,Shounen Ai
40423,Slice of Life
40425,Historical
40425,Kids
40425,Parody
40427,Drama
40429,Demons
40429,Magic
40429,Romance
40429,Shoujo
40430,Music
40430,Space
40430,Kids
40431,Music
40431,Slice of Life
40431,School
40434,Action
40434,Historical
40434,Demons
40434,Supernatural
40434,Drama
40434,Magic
40435,Comedy
40435,Historical
40435,Supernatural
40435,Magic
40436,Harem
40436,Comedy
40436,Ecchi
40436,Fantasy
40437,Slice of Life
40437,Kids
40437,Magic
40437,Fantasy
40438,Mecha
40439,Adventure
40439,Comedy
40440,Adventure
40440,Comedy
40441,Cars
40441,Music
40442,Dementia
40442,Music
40452,Kids
40452,Music
40452,Slice of Life
40453,Adventure
40453,Comedy
40453,Romance
40453,Ecchi
40453,Fantasy
40454,Action
40454,Adventure
40454,Comedy
40454,Romance
40454,Fantasy
40456,Action
40456,Historical
40456,Demons
40456,Supernatural
40456,Shounen
40459,Music
40459,Parody
40459,School
40460,Game
40460,Comedy
40460,Drama
40462,Music
40462,School
40462,Shoujo
40463,Kids
40463,Music
40464,Military
40464,Drama
40464,Mecha
40465,Slice of Life
40465,Comedy
40465,School
40468,Kids
40468,Music
40471,Hentai
40472,Hentai
40473,Comedy
40473,Fantasy
40474,Fantasy
40474,Music
40475,Dementia
40475,Music
40476,Dementia
40476,Music
40477,Music
40477,Supernatural
40478,Comedy
40478,Slice of Life
40479,Adventure
40479,Slice of Life
40480,Sci-Fi
40480,Music
40480,Samurai
40482,Comedy
40482,Kids
40482,Fantasy
40483,Comedy
40483,School
40484,Action
40484,Game
40484,Military
40484,Police
40484,Shounen
40485,Action
40485,Harem
40485,Supernatural
40485,Ecchi
40485,Vampire
40485,Fantasy
40486,Action
40486,Harem
40486,Supernatural
40486,Ecchi
40486,Vampire
40486,Fantasy
40487,Comedy
40487,Magic
40487,Fantasy
40488,Sports
40489,Action
40489,Game
40489,Adventure
40489,Romance
40489,Fantasy
40491,Drama
40491,Romance
40491,Shounen Ai
40495,Cars
40495,Historical
40495,Kids
40496,Action
40496,Demons
40496,Magic
40496,Fantasy
40496,School
40497,Action
40497,Sci-Fi
40497,Supernatural
40497,Magic
40497,Romance
40497,School
40499,Dementia
40499,Music
40502,Music
40504,Comedy
40504,Sports
40504,Drama
40504,Shounen
40506,Game
40506,Fantasy
40507,Action
40507,Adventure
40507,Harem
40507,Fantasy
40508,Music
40508,Slice of Life
40508,Kids
40509,Music
40509,Kids
40509,School
40513,Comedy
40513,Drama
40513,Romance
40513,Seinen
40515,Sci-Fi
40515,Drama
40517,Sci-Fi
40517,Drama
40519,Hentai
40519,Demons
40519,Supernatural
40519,Fantasy
40520,Hentai
40521,Hentai
40523,Dementia
40523,Music
40526,Comedy
40526,Fantasy
40526,Shounen
40527,Kids
40527,Music
40529,Action
40529,Sci-Fi
40529,Drama
40529,Seinen
40530,Drama
40530,Romance
40530,School
40531,Kids
40531,Music
40532,Cars
40532,Comedy
40532,Historical
40539,Kids
40539,Music
40540,Action
40540,Game
40540,Adventure
40540,Romance
40540,Fantasy
40542,Slice of Life
40542,Comedy
40542,Supernatural
40542,School
40542,Shounen
40543,Music
40543,Shoujo
40550,Action
40550,Magic
40550,Fantasy
40552,Kids
40552,Music
40553,Kids
40553,Music
40554,Action
40554,Military
40554,Sci-Fi
40554,Space
40554,Drama
40555,Music
40556,Music
40557,Music
40558,Music
40559,Music
40560,Music
40562,Kids
40562,Music
40564,Music
40567,Action
40567,Adventure
40567,Comedy
40567,Mecha
40567,Sci-Fi
40567,Shounen
40568,Slice of Life
40568,Comedy
40568,Historical
40568,Demons
40568,Supernatural
40569,Music
40570,Kids
40570,Fantasy
40571,Adventure
40571,Magic
40571,Fantasy
40573,Kids
40573,Music
40576,Kids
40576,Music
40578,Action
40578,Adventure
40578,Mystery
40578,Comedy
40578,Seinen
40582,Kids
40582,Music
40586,Comedy
40586,Fantasy
40587,Action
40587,Fantasy
40587,Magic
40587,Shoujo
40590,Action
40590,Drama
40590,Fantasy
40591,Comedy
40591,Psychological
40591,Romance
40591,School
40591,Seinen
40593,Kids
40593,Music
40594,Adventure
40594,Fantasy
40595,Action
40595,Military
40595,Romance
40595,Fantasy
40597,Action
40597,Fantasy
40598,Music
40598,Dementia
40598,Psychological
40599,Kids
40599,Music
40600,Kids
40600,Music
40602,Sci-Fi
40602,Adventure
40602,Mystery
40602,Psychological
40602,Drama
40602,Romance
40602,Shoujo
40603,Kids
40603,Music
40603,Romance
40608,Action
40608,Military
40608,Sci-Fi
40608,Drama
40608,Mecha
40610,Action
40610,Magic
40610,Fantasy
40610,Shoujo
40612,Kids
40612,Music
40613,Action
40613,Sci-Fi
40613,Drama
40615,Slice of Life
40615,Romance
40615,Shounen Ai
40616,Kids
40616,Music
40616,Slice of Life
40619,Drama
40619,Kids
40619,Music
40620,Slice of Life
40620,Comedy
40621,Kids
40623,Action
40623,Comedy
40623,Supernatural
40623,Ecchi
40623,School
40623,Shounen
40625,Kids
40625,Music
40626,Kids
40626,Music
40628,Drama
40628,Music
40630,Music
40632,Slice of Life
40632,Romance
40632,Shoujo
40633,Drama
40636,Action
40636,Adventure
40636,Comedy
40636,Fantasy
40638,Action
40638,Adventure
40638,Historical
40638,Romance
40639,Hentai
40641,Kids
40642,Drama
40642,Supernatural
40644,Fantasy
40644,Music
40644,Slice of Life
40644,Supernatural
40645,Drama
40645,Music
40646,Drama
40646,Shounen Ai
40651,Sports
40651,Ecchi
40652,Historical
40652,Demons
40652,Supernatural
40655,Kids
40655,Music
40655,Slice of Life
40656,Military
40656,Comedy
40656,School
40658,Demons
40658,Fantasy
40658,Harem
40658,Hentai
40658,Magic
40659,Slice of Life
40659,Comedy
40660,Slice of Life
40661,Comedy
40661,Supernatural
40664,Music
40664,School
40665,Music
40665,School
40667,Supernatural
40670,Kids
40671,Kids
40672,Kids
40673,Dementia
40673,Music
40674,Dementia
40677,Music
40679,Slice of Life
40679,Sports
40679,Drama
40679,School
40682,Action
40682,Historical
40682,Military
40682,Seinen
40683,Music
40684,Music
40685,Slice of Life
40685,School
40686,Music
40687,Music
40689,Kids
40689,Music
40690,Music
40691,Music
40693,Music
40694,Kids
40694,Music
40694,Sports
40695,Kids
40695,Music
40699,Kids
40699,Music
40700,Hentai
40701,Music
40702,Music
40703,Music
40707,Romance
40708,Comedy
40708,Romance
40708,Ecchi
40708,Fantasy
40709,Music
40710,Music
40711,Music
40712,Action
40712,Military
40712,Sci-Fi
40713,Music
40714,Comedy
40714,Demons
40714,Kids
40714,Supernatural
40714,School
40715,Music
40716,Slice of Life
40716,Comedy
40716,Shounen
40717,Unknown
40721,Dementia
40722,Music
40722,Drama
40722,Fantasy
40727,Dementia
40728,Comedy
40728,Drama
40728,Romance
40729,Action
40729,Sci-Fi
40729,Slice of Life
40729,Sports
40729,Drama
40730,Action
40730,Adventure
40730,Historical
40730,Supernatural
40730,Drama
40732,Action
40732,Adventure
40732,Mystery
40732,Historical
40732,Martial Arts
40733,Action
40733,Supernatural
40734,Action
40734,Adventure
40734,Demons
40734,Romance
40734,Martial Arts
40734,Fantasy
40735,Action
40735,Historical
40735,Fantasy
40737,Dementia
40737,Music
40738,Drama
40738,Slice of Life
40741,Music
40742,Music
40745,Dementia
40745,Music
40746,Ecchi
40746,Romance
40747,Slice of Life
40747,Drama
40747,Romance
40747,Shoujo Ai
40747,Shounen Ai
40748,Action
40748,Demons
40748,Supernatural
40748,School
40748,Shounen
40749,Comedy
40750,Ecchi
40750,Fantasy
40752,Mystery
40752,School
40753,Comedy
40753,Slice of Life
40755,Comedy
40758,Slice of Life
40758,Comedy
40761,Action
40761,Supernatural
40761,Magic
40761,Fantasy
40762,Action
40762,Police
40762,Vampire
40762,Fantasy
40763,Music
40763,Comedy
40765,Adventure
40765,Drama
40768,Sci-Fi
40768,Kids
40769,Comedy
40769,School
40769,Slice of Life
40776,Comedy
40776,Sports
40776,Drama
40776,School
40776,Shounen
40778,Sci-Fi
40778,Drama
40779,Comedy
40779,Historical
40780,Action
40780,Fantasy
40780,Police
40780,Vampire
40783,Action
40783,Adventure
40783,Fantasy
40784,Action
40784,Mystery
40784,Comedy
40784,Super Power
40784,Drama
40784,Martial Arts
40785,Music
40785,Kids
40786,Comedy
40786,Sports
40786,Drama
40786,School
40787,Slice of Life
40787,Drama
40787,Romance
40793,Romance
40794,Drama
40794,Music
40799,Slice of Life
40800,Music
40801,Hentai
40803,Action
40803,Sci-Fi
40803,Music
40806,Comedy
40806,Historical
40806,Supernatural
40806,Drama
40806,Romance
40807,Comedy
40807,Romance
40807,School
40808,Adventure
40811,Dementia
40811,Music
40812,Dementia
40812,Music
40813,Fantasy
40814,Comedy
40814,School
40814,Shounen
40814,Slice of Life
40815,Slice of Life
40815,Fantasy
40816,Dementia
40817,Dementia
40817,Music
40819,Hentai
40823,Action
40823,Game
40823,Sci-Fi
40823,Adventure
40823,Martial Arts
40823,Fantasy
40827,Dementia
40827,Music
40828,Music
40830,Drama
40830,Music
40831,Kids
40831,Music
40832,Comedy
40832,Parody
40832,Sports
40832,Fantasy
40833,Slice of Life
40833,Comedy
40834,Action
40834,Adventure
40834,Comedy
40834,Historical
40834,Fantasy
40834,Seinen
40835,Harem
40835,Comedy
40835,Romance
40835,School
40836,Comedy
40836,School
40837,Music
40839,Comedy
40839,Romance
40839,School
40839,Shounen
40840,Music
40840,Kids
40841,Fantasy
40841,Slice of Life
40842,Music
40844,Adventure
40844,Music
40844,Fantasy
40845,Yaoi
40849,Action
40849,Adventure
40849,Comedy
40849,Fantasy
40850,Sports
40851,Music
40851,Fantasy
40852,Sci-Fi
40852,Adventure
40852,Shounen
40853,Sci-Fi
40853,Comedy
40853,Kids
40853,Seinen
40854,Music
40854,Comedy
40855,Hentai
40858,Action
40858,Sci-Fi
40858,Police
40858,Psychological
40859,Kids
40859,Music
40861,Action
40861,Adventure
40861,Comedy
40861,Kids
40861,Fantasy
40863,Mystery
40863,Comedy
40863,Kids
40863,Fantasy
40868,Music
40868,Slice of Life
40870,Action
40870,Sci-Fi
40870,Mecha
40873,Adventure
40873,Fantasy
40876,Action
40876,Sci-Fi
40876,Romance
40876,Fantasy
40877,Dementia
40877,Music
40879,Music
40879,Slice of Life
40879,School
40880,Music
40880,Slice of Life
40880,Comedy
40880,Magic
40880,Shoujo
40881,Action
40881,Game
40881,Adventure
40881,Comedy
40881,Kids
40881,Fantasy
40885,Sci-Fi
40888,Comedy
40888,Parody
40888,Mecha
40889,Music
40890,Action
40890,Sci-Fi
40890,Space
40890,Mecha
40893,Adventure
40893,Slice of Life
40893,Comedy
40893,Drama
40893,Romance
40893,Seinen
40894,Comedy
40894,Demons
40894,Supernatural
40897,Adventure
40897,Fantasy
40900,Music
40901,Action
40901,Fantasy
40902,Ecchi
40902,School
40902,Shounen
40903,Dementia
40903,Music
40904,Comedy
40905,Kids
40905,Music
40905,Romance
40906,Action
40906,Adventure
40906,Fantasy
40906,Shounen
40907,Action
40907,Sci-Fi
40907,Supernatural
40907,School
40907,Shounen
40908,Action
40908,Mystery
40908,Demons
40908,Supernatural
40908,Shounen
40909,Action
40909,Adventure
40909,Historical
40909,Demons
40909,Romance
40909,Martial Arts
40909,Fantasy
40911,Mystery
40911,Historical
40911,Psychological
40911,Shounen
40914,Music
40914,Dementia
40917,Comedy
40917,Kids
40917,Music
40921,Slice of Life
40921,Comedy
40922,Hentai
40924,Music
40928,Kids
40928,Music
40930,Military
40930,Sci-Fi
40930,Slice of Life
40930,Comedy
40932,Sci-Fi
40932,Comedy
40934,Action
40934,Adventure
40934,Fantasy
40935,Slice of Life
40935,Psychological
40935,Drama
40935,Shounen
40936,Comedy
40936,Romance
40936,School
40938,Drama
40938,Romance
40939,Comedy
40940,Action
40940,Game
40940,Fantasy
40941,Hentai
40942,Action
40942,Sci-Fi
40942,Mecha
40948,Action
40948,Sci-Fi
40948,Space
40953,Slice of Life
40953,Comedy
40953,Kids
40956,Action
40956,Supernatural
40956,Shounen
40957,Comedy
40957,Shounen
40958,Slice of Life
40959,Hentai
40960,Comedy
40960,Fantasy
40961,Action
40961,Adventure
40961,Magic
40961,Fantasy
40964,Action
40964,Fantasy
40964,Mecha
40966,Action
40966,Romance
40966,Fantasy
40967,Music
40969,Music
40969,Slice of Life
40969,Comedy
40971,Sci-Fi
40971,Music
40974,Adventure
40974,Comedy
40974,Fantasy
40979,Action
40979,Sci-Fi
40982,Action
40982,Music
40982,Supernatural
40982,Magic
40982,Fantasy
40983,Comedy
40983,Fantasy
40989,School
40991,Action
40991,Adventure
40991,Historical
40991,Romance
40991,Martial Arts
40991,Fantasy
40994,Sci-Fi
40994,Mystery
40995,Adventure
40995,Mystery
41005,Horror
41005,Supernatural
41005,Romance
41005,Ecchi
41006,Mystery
41006,Dementia
41006,Horror
41006,Psychological
41006,Supernatural
41006,Thriller
41008,Comedy
41008,School
41011,Music
41019,Game
41019,Kids
41022,Music
41023,Music
41025,Adventure
41025,Supernatural
41025,Drama
41025,Shounen
41027,Adventure
41027,Comedy
41028,Comedy
41028,Kids
41028,Fantasy
41029,Fantasy
41029,Horror
41029,Mystery
41035,Music
41039,Music
41051,Slice of Life
41051,Comedy
41051,Shounen Ai
41052,Comedy
41052,Parody
41053,Action
41053,Comedy
41053,Horror
41053,Fantasy
41053,Seinen
41054,Comedy
41054,Parody
41061,Slice of Life
41061,Comedy
41062,Action
41062,Adventure
41062,Mecha
41062,Sci-Fi
41063,Action
41063,Sci-Fi
41063,Mecha
41068,Sci-Fi
41074,Action
41074,Adventure
41074,Comedy
41074,Fantasy
41074,Kids
41075,Comedy
41078,Adventure
41078,Fantasy
41079,Adventure
41079,Fantasy
41080,Action
41080,Sci-Fi
41080,Mecha
41081,Adventure
41081,Fantasy
41084,Sci-Fi
41084,Adventure
41084,Mystery
41084,Drama
41084,Fantasy
41090,Music
41091,Music
41092,Music
41093,Action
41093,Slice of Life
41093,Comedy
41093,Drama
41093,Ecchi
41093,Fantasy
41094,Adventure
41094,Slice of Life
41094,Comedy
41094,Demons
41094,Fantasy
41094,School
41096,Comedy
41096,Horror
41096,Parody
41097,Music
41097,Slice of Life
41099,Music
41100,Music
41100,Kids
41101,Slice of Life
41101,Kids
41102,Music
41102,Fantasy
41103,Comedy
41103,Romance
41105,Game
41105,Slice of Life
41105,Sports
41105,Drama
41105,School
41105,Josei
41109,Action
41109,Game
41109,Adventure
41109,Magic
41109,Fantasy
41111,Comedy
41111,Mecha
41111,Parody
41111,Sports
41112,Comedy
41112,Mecha
41112,Parody
41113,Comedy
41113,Parody
41113,Mecha
41114,Slice of Life
41114,Comedy
41115,Military
41115,Adventure
41115,Cars
41115,Sports
41116,Comedy
41116,Drama
41116,Historical
41116,Parody
41117,Cars
41117,Drama
41117,Historical
41117,Parody
41118,Comedy
41118,Drama
41118,Historical
41118,Parody
41119,Comedy
41119,Drama
41119,Historical
41119,Parody
41120,Mystery
41120,Comedy
41120,Police
41124,Comedy
41124,Horror
41124,Supernatural
41132,Music
41135,Adventure
41135,Music
41135,Kids
41135,Fantasy
41136,Comedy
41136,Slice of Life
41137,Game
41137,Military
41137,Sci-Fi
41137,Adventure
41137,Demons
41146,Sports
41146,Ecchi
41156,Comedy
41156,Parody
41158,Comedy
41158,Kids
41159,Comedy
41159,Kids
41160,Comedy
41160,Kids
41161,Comedy
41161,Kids
41164,Music
41167,Music
41168,Comedy
41168,Supernatural
41168,Drama
41168,Romance
41168,School
41169,Music
41169,Slice of Life
41169,School
41170,Dementia
41170,Music
41171,Music
41174,Music
41176,Music
41177,Music
41178,Music
41179,Music
41179,Slice of Life
41180,Music
41181,Music
41181,Slice of Life
41182,Comedy
41183,Dementia
41183,Music
41184,Comedy
41184,Parody
41185,Music
41188,Music
41188,School
41189,Music
41189,School
41190,Adventure
41190,Kids
41191,Game
41191,Supernatural
41191,Shounen
41192,Military
41192,Music
41193,Music
41194,Action
41194,Mystery
41194,Shounen
41195,Music
41195,Romance
41199,Action
41199,Comedy
41199,Kids
41199,Fantasy
41200,Hentai
41202,Music
41203,Sci-Fi
41203,Space
41204,Music
41205,Action
41205,Military
41205,Adventure
41206,Adventure
41206,Drama
41207,Hentai
41210,Adventure
41210,Fantasy
41211,Hentai
41212,Hentai
41215,Action
41215,Adventure
41215,Historical
41215,Martial Arts
41215,Fantasy
41217,Music
41217,Demons
41217,Psychological
41217,Fantasy
41218,Adventure
41218,Comedy
41218,Shounen
41219,Action
41219,Adventure
41219,Historical
41219,Fantasy
41220,Action
41220,Adventure
41220,Historical
41220,Martial Arts
41221,Comedy
41221,Fantasy
41221,Historical
41221,Romance
41222,Fantasy
41223,Historical
41223,Romance
41224,Adventure
41224,Mystery
41224,Historical
41224,Supernatural
41224,Fantasy
41226,Slice of Life
41226,Comedy
41226,Romance
41226,Ecchi
41227,Music
41227,Comedy
41227,Dementia
41235,Hentai
41236,Hentai
41250,Slice of Life
41250,Comedy
41250,Fantasy
41260,Hentai
41261,Hentai
41265,Action
41265,Military
41265,Historical
41265,Supernatural
41265,Vampire
41266,Slice of Life
41266,Comedy
41266,Historical
41266,Sports
41266,Seinen
41271,Slice of Life
41271,Comedy
41271,School
41276,Fantasy
41276,Kids
41276,School
41277,Kids
41277,Fantasy
41278,Music
41278,Romance
41279,Dementia
41279,Music
41280,Dementia
41280,Drama
41280,Music
41282,Hentai
41283,Action
41283,Game
41283,Adventure
41283,Comedy
41283,Parody
41283,Demons
41285,Comedy
41285,Supernatural
41285,Romance
41285,Ecchi
41286,Comedy
41286,Demons
41286,Magic
41286,Fantasy
41286,School
41289,Drama
41289,Yaoi
41290,Drama
41290,Shounen Ai
41293,Adventure
41293,Kids
41293,Fantasy
41296,Action
41296,Adventure
41296,Fantasy
41296,Game
41298,Drama
41298,Sports
41299,Slice of Life
41299,Comedy
41307,Music
41307,Slice of Life
41307,Comedy
41307,School
41312,Adventure
41312,Slice of Life
41312,Magic
41312,Fantasy
41317,Music
41319,Music
41325,Comedy
41325,Horror
41332,Ecchi
41332,Romance
41335,Action
41335,Mecha
41339,Slice of Life
41339,Drama
41340,Horror
41340,Romance
41340,Shoujo
41341,Action
41341,Game
41341,Adventure
41341,Romance
41341,Fantasy
41345,Action
41345,Supernatural
41345,Vampire
41345,School
41349,Slice of Life
41353,Action
41353,Sci-Fi
41353,Adventure
41353,Comedy
41353,Supernatural
41353,Martial Arts
41353,Fantasy
41360,Music
41360,Comedy
41361,Comedy
41361,Drama
41364,Slice of Life
41370,Hentai
41372,Action
41372,Military
41375,Hentai
41375,Fantasy
41379,Drama
41379,Fantasy
41380,Action
41380,Game
41380,Drama
41380,Fantasy
41380,Shounen
41381,Music
41381,School
41383,Comedy
41383,Demons
41383,Kids
41383,Supernatural
41383,Fantasy
41384,Slice of Life
41384,Cars
41384,Comedy
41384,Kids
41389,Comedy
41389,Romance
41389,Shounen
41392,Sci-Fi
41392,Adventure
41392,Mystery
41392,Fantasy
41392,Shoujo Ai
41396,Hentai
41397,Hentai
41399,Comedy
41401,Adventure
41401,Comedy
41402,Comedy
41402,Demons
41402,Supernatural
41402,Fantasy
41402,School
41402,Shounen
41404,Historical
41404,Parody
41404,Kids
41404,Samurai
41405,Action
41405,Fantasy
41405,Game
41409,Action
41409,Historical
41409,Drama
41409,Martial Arts
41409,Fantasy
41412,Kids
41416,Action
41416,Sci-Fi
41416,Adventure
41416,Comedy
41416,Kids
41421,Comedy
41421,Super Power
41426,Slice of Life
41431,Music
41433,Action
41433,Sci-Fi
41439,Action
41439,Sci-Fi
41439,Adventure
41439,Sports
41439,Shounen
41440,Comedy
41440,Supernatural
41443,Dementia
41444,Dementia
41445,Music
41445,Dementia
41446,Dementia
41447,Music
41447,Dementia
41448,Music
41448,Dementia
41449,Music
41449,Dementia
41450,Music
41450,Dementia
41451,Music
41451,Dementia
41452,Dementia
41453,Music
41453,Dementia
41454,Comedy
41456,Action
41456,Comedy
41456,Fantasy
41457,Sci-Fi
41457,Drama
41458,Comedy
41458,Kids
41459,Slice of Life
41460,Drama
41460,Slice of Life
41461,Harem
41461,Comedy
41461,Romance
41461,School
41462,Music
41466,Fantasy
41466,Shounen Ai
41467,Action
41467,Adventure
41467,Comedy
41467,Super Power
41467,Supernatural
41467,Shounen
41468,Action
41468,Magic
41468,Fantasy
41468,Shounen
41470,Comedy
41470,Kids
41471,Slice of Life
41471,Comedy
41471,School
41471,Seinen
41475,Action
41475,Adventure
41475,Super Power
41475,Kids
41477,Music
41477,Comedy
41480,Action
41480,Demons
41480,Magic
41480,Supernatural
41481,Dementia
41481,Music
41485,Music
41487,Comedy
41487,Fantasy
41488,Slice of Life
41488,Comedy
41488,Fantasy
41488,Shounen
41489,Dementia
41490,Dementia
41490,Music
41491,Action
41491,Adventure
41491,Supernatural
41491,Magic
41491,Fantasy
41491,Shounen
41494,Action
41494,Fantasy
41495,Dementia
41495,Music
41496,Action
41496,Drama
41496,Music
41497,Action
41497,Supernatural
41497,Magic
41497,Fantasy
41500,Music
41503,Music
41503,Slice of Life
41503,Comedy
41504,Comedy
41504,Horror
41504,Shounen
41505,Music
41505,Psychological
41509,Slice of Life
41509,Comedy
41511,Comedy
41511,Romance
41512,Hentai
41514,Action
41514,Sci-Fi
41514,Adventure
41514,Comedy
41514,Fantasy
41519,Action
41519,Game
41519,Fantasy
41520,Music
41520,Comedy
41521,Game
41521,Psychological
41522,Sci-Fi
41522,Slice of Life
41522,Comedy
41522,Kids
41522,School
41528,Action
41528,Adventure
41528,Historical
41528,Romance
41528,Martial Arts
41528,Fantasy
41529,Action
41529,Adventure
41529,Comedy
41529,Shounen
41530,Psychological
41530,Drama
41530,Magic
41530,Thriller
41531,Action
41531,Seinen
41534,Music
41535,Music
41541,Music
41542,Comedy
41542,Music
41545,Romance
41546,Action
41546,Comedy
41546,Kids
41546,Fantasy
41547,Sci-Fi
41547,Super Power
41547,Martial Arts
41549,Action
41549,Adventure
41549,Drama
41549,Magic
41549,Martial Arts
41549,Fantasy
41555,Music
41555,Slice of Life
41555,School
41555,Shoujo
41556,Slice of Life
41556,Comedy
41556,Shounen
41558,Adventure
41564,Adventure
41564,Mystery
41567,Comedy
41567,Parody
41567,Fantasy
41568,Music
41570,Music
41573,Action
41573,Adventure
41573,Drama
41573,Magic
41573,Martial Arts
41573,Fantasy
41574,Adventure
41574,Fantasy
41586,Sports
41586,School
41587,Action
41587,Comedy
41587,Super Power
41587,School
41587,Shounen
41589,Sci-Fi
41589,Comedy
41589,Magic
41589,Romance
41589,Fantasy
41589,Shoujo
41590,Fantasy
41595,Action
41595,Comedy
41595,Mystery
41595,Super Power
41609,Comedy
41609,Parody
41609,Super Power
41611,Slice of Life
41611,Comedy
41611,Supernatural
41619,Psychological
41619,Shounen
41619,Super Power
41619,Supernatural
41619,Thriller
41622,Kids
41622,Music
41622,Romance
41623,Harem
41623,Comedy
41623,Magic
41623,Ecchi
41623,Fantasy
41632,Action
41632,Sci-Fi
41633,Kids
41633,Music
41634,Game
41634,Comedy
41634,Parody
41635,Sci-Fi
41635,Cars
41635,Space
41635,Super Power
41635,Kids
41638,Cars
41638,Kids
41646,Kids
41646,Music
41651,Kids
41651,Music
41656,Kids
41656,Music
41659,Mystery
41659,Comedy
41659,Drama
41660,Slice of Life
41660,Drama
41660,Romance
41660,Seinen
41663,Kids
41663,Music
41664,Kids
41664,Music
41667,Action
41667,Adventure
41667,Fantasy
41667,Kids
41673,Music
41673,Kids
41674,Sci-Fi
41674,Slice of Life
41674,Fantasy
41674,Shounen
41684,Kids
41684,Music
41685,Kids
41685,Music
41686,Comedy
41686,Kids
41688,Slice of Life
41688,Comedy
41688,Fantasy
41691,Hentai
41694,Action
41694,Seinen
41707,Kids
41707,Music
41708,Music
41708,Dementia
41709,Music
41709,Mecha
41710,Action
41710,Military
41710,Harem
41710,Magic
41710,Romance
41710,Fantasy
41714,Action
41714,Military
41714,Sci-Fi
41714,Drama
41714,Mecha
41722,Kids
41722,Music
41727,Kids
41727,Music
41729,Kids
41729,Music
41734,Action
41734,Comedy
41734,Shounen
41739,Kids
41739,Music
41744,Kids
41744,Music
41745,Dementia
41745,Music
41750,Action
41750,Mecha
41750,Military
41750,Police
41750,Sci-Fi
41750,Seinen
41759,Kids
41759,Music
41762,Slice of Life
41762,Comedy
41762,Fantasy
41762,Seinen
41766,Kids
41766,Music
41768,Music
41769,Music
41769,Drama
41776,Mystery
41776,Comedy
41776,Kids
41776,Fantasy
41777,Mystery
41777,Comedy
41777,Kids
41777,Fantasy
41778,Comedy
41778,Fantasy
41778,Kids
41778,Mystery
41780,Music
41781,Music
41782,Music
41783,Comedy
41783,Sports
41783,School
41785,Action
41785,Adventure
41785,Fantasy
41793,Hentai
41794,Hentai
41795,Hentai
41796,Dementia
41796,Drama
41797,Dementia
41797,Music
41802,Action
41802,Adventure
41802,Historical
41802,Magic
41802,Romance
41802,Martial Arts
41802,Fantasy
41807,Slice of Life
41807,Comedy
41808,Fantasy
41808,Music
41808,School
41808,Shoujo
41812,Harem
41812,Comedy
41812,Romance
41812,Ecchi
41812,Shounen
41813,Comedy
41813,Kids
41822,Sci-Fi
41822,Comedy
41824,Hentai
41833,Comedy
41833,Supernatural
41833,Vampire
41833,Shounen
41834,Action
41834,Adventure
41834,Magic
41834,Fantasy
41842,Game
41842,Sports
41842,School
41842,Shounen
41848,Fantasy
41848,Harem
41848,Hentai
41851,Comedy
41851,Horror
41852,Music
41853,Music
41854,Drama
41854,Magic
41854,Romance
41854,Fantasy
41877,Mystery
41877,Demons
41884,Action
41884,Romance
41884,Fantasy
41899,Action
41899,Adventure
41899,Harem
41899,Ecchi
41899,Fantasy
41911,Action
41911,Adventure
41911,Comedy
41911,Historical
41911,Demons
41911,Supernatural
41911,Magic
41911,Fantasy
41912,Action
41912,Slice of Life
41913,Music
41913,Fantasy
41915,Action
41915,Adventure
41915,Harem
41915,Drama
41915,Fantasy
41916,Comedy
41917,Action
41917,Adventure
41917,Supernatural
41917,Thriller
41918,Action
41918,Fantasy
41919,Mystery
41919,Drama
41920,Action
41923,Action
41923,Comedy
41923,Historical
41923,Martial Arts
41923,Fantasy
41926,Comedy
41926,Music
41926,Sci-Fi
41926,Space
41930,Drama
41930,Fantasy
41939,Music
41945,Music
41945,Historical
41945,Supernatural
41945,Drama
41946,Sci-Fi
41946,Harem
41946,Ecchi
41946,Shounen
41951,Comedy
41951,Parody
41951,Sports
41951,Fantasy
42004,Comedy
42004,Supernatural
42004,Romance
42008,Fantasy
42008,Music
42009,Fantasy
42009,Kids
42009,Music
42012,Music
42013,Comedy
42013,Music
42014,Comedy
42014,Horror
42014,Music
42015,Dementia
42015,Music
42030,Action
42030,Magic
42030,Fantasy
42031,Hentai
42033,Action
42033,Adventure
42033,Comedy
42033,Kids
42033,Fantasy
42042,Comedy
42044,Shounen Ai
42047,Horror
42048,Hentai
42048,School
42054,Comedy
42054,Fantasy
42055,Comedy
42055,Fantasy
42057,Mystery
42057,Supernatural
42057,Drama
42061,Comedy
42068,Music
42068,Slice of Life
42070,Action
42070,Adventure
42070,Demons
42070,Magic
42070,Fantasy
42071,Slice of Life
42071,Comedy
42071,Drama
42071,Magic
42071,Fantasy
42072,Adventure
42072,Fantasy
42074,Drama
42076,Music
42076,Horror
42076,Supernatural
42078,Music
42078,Drama
42082,Drama
42082,Magic
42082,Fantasy
42090,Slice of Life
42091,Action
42091,Military
42091,Mystery
42091,Super Power
42091,Drama
42091,Fantasy
42091,Shounen
42104,Music
42104,Supernatural
42105,Music
42106,Action
42106,Adventure
42106,Fantasy
42109,Comedy
42109,Slice of Life
42111,Comedy
42111,Parody
42121,Music
42129,Action
42129,Horror
42129,Demons
42129,Supernatural
42132,Action
42132,Sci-Fi
42132,Adventure
42136,Action
42136,Adventure
42136,Comedy
42136,Kids
42136,Fantasy
42141,Hentai
42142,Action
42142,Super Power
42143,Magic
42144,Action
42144,Adventure
42144,Comedy
42144,Kids
42144,Fantasy
42145,Slice of Life
42145,Comedy
42146,Action
42146,Adventure
42146,Comedy
42146,Kids
42146,Martial Arts
42146,Fantasy
42147,Action
42147,Adventure
42147,Comedy
42147,Kids
42147,Fantasy
42148,Action
42148,Sci-Fi
42148,Adventure
42148,Magic
42149,Action
42149,Sci-Fi
42151,Action
42151,Sci-Fi
42156,Action
42156,Super Power
42156,Drama
42156,Fantasy
42158,Action
42158,Adventure
42158,Fantasy
42161,Comedy
42163,Action
42163,Game
42163,Fantasy
42168,Game
42170,Slice of Life
42172,Comedy
42172,Romance
42176,Comedy
42176,Historical
42176,Supernatural
42176,Drama
42176,Romance
42178,Sci-Fi
42178,Mystery
42178,Fantasy
42179,Comedy
42179,Kids
42179,Slice of Life
42181,Comedy
42183,Action
42183,Adventure
42183,Romance
42183,Martial Arts
42183,Fantasy
42187,Action
42187,Adventure
42187,Supernatural
42187,Magic
42191,Sci-Fi
42191,Adventure
42191,Fantasy
42192,Action
42192,Sci-Fi
42192,Adventure
42192,Comedy
42192,Fantasy
42192,Shounen
42194,Comedy
42199,Music
42203,Psychological
42203,Drama
42203,Thriller
42203,Fantasy
42205,Action
42205,Adventure
42205,Comedy
42205,Super Power
42205,Supernatural
42205,Shounen
42206,Slice of Life
42206,Comedy
42208,Comedy
42208,Super Power
42209,Action
42209,Adventure
42209,Historical
42209,Martial Arts
42209,Fantasy
42211,Comedy
42211,Parody
42214,Romance
42214,Fantasy
42215,Action
42215,Sci-Fi
42215,Adventure
42215,Space
42220,Action
42220,Parody
42223,Hentai
42223,Fantasy
42224,Hentai
42228,Slice of Life
42233,Music
42233,Dementia
42234,Dementia
42238,Slice of Life
42238,Comedy
42238,School
42246,Dementia
42247,Music
42247,Dementia
42248,Dementia
42248,Music
42249,Action
42249,Drama
42249,School
42249,Shounen
42250,Slice of Life
42250,Comedy
42250,Supernatural
42256,Dementia
42256,Music
42257,Dementia
42257,Music
42258,Dementia
42258,Music
42260,Supernatural
42262,Comedy
42263,Action
42263,Sci-Fi
42263,Adventure
42263,Comedy
42263,Kids
42264,Action
42264,Sci-Fi
42264,Adventure
42264,Comedy
42264,Kids
42266,Action
42266,Adventure
42266,Historical
42266,Romance
42266,Martial Arts
42266,Fantasy
42267,Action
42267,Martial Arts
42268,Action
42268,Fantasy
42271,Dementia
42272,Dementia
42274,Dementia
42275,Dementia
42276,Dementia
42277,Dementia
42278,Dementia
42279,Dementia
42280,Dementia
42281,Dementia
42282,Comedy
42282,Drama
42282,Romance
42282,Fantasy
42282,School
42284,Action
42284,Adventure
42284,Fantasy
42285,Action
42285,Fantasy
42286,Drama
42286,Fantasy
42290,Action
42290,Sci-Fi
42290,Horror
42290,Demons
42290,Drama
42290,Thriller
42291,Action
42291,Supernatural
42291,Fantasy
42293,Action
42293,Sci-Fi
42295,Mystery
42295,Kids
42296,Kids
42296,Mystery
42302,Comedy
42302,Demons
42302,Magic
42302,Fantasy
42302,School
42307,Action
42307,Adventure
42310,Sci-Fi
42314,Music
42317,Music
42317,Slice of Life
42319,Slice of Life
42319,Comedy
42319,Historical
42319,Demons
42319,Supernatural
42320,Action
42320,Comedy
42320,Fantasy
42321,Action
42321,Sci-Fi
42321,Adventure
42321,Comedy
42321,Sports
42321,School
42323,Historical
42323,Military
42324,Hentai
42328,Comedy
42330,Slice of Life
42330,Comedy
42331,Slice of Life
42331,Comedy
42332,Comedy
42332,Historical
42332,Fantasy
42333,Slice of Life
42333,Comedy
42340,Comedy
42340,Fantasy
42343,Action
42343,Military
42343,Sci-Fi
42343,Adventure
42343,Space
42343,Drama
42343,Mecha
42344,Music
42345,Slice of Life
42345,Comedy
42346,Comedy
42347,Comedy
42347,Music
42351,Comedy
42351,Romance
42354,Dementia
42357,Comedy
42357,Music
42358,Comedy
42359,Action
42359,Supernatural
42361,Slice of Life
42361,Comedy
42361,Romance
42364,Adventure
42364,Comedy
42364,Parody
42364,Fantasy
42366,Kids
42366,Fantasy
42367,Cars
42367,Fantasy
42367,Kids
42372,Kids
42372,Magic
42373,Kids
42373,Magic
42378,Music
42380,Music
42380,Romance
42380,Space
42381,Music
42381,Romance
42383,Hentai
42385,Music
42387,Action
42387,Comedy
42387,Shounen
42391,Comedy
42391,Parody
42392,Action
42392,School
42395,Sports
42414,Ecchi
42414,Romance
42422,Action
42422,Magic
42422,Fantasy
42422,Shoujo
42423,Sci-Fi
42429,Slice of Life
42429,Fantasy
42431,Music
42431,Romance
42432,Drama
42432,Music
42433,Adventure
42433,Music
42435,Music
42435,Romance
42436,Drama
42436,Music
42438,Drama
42438,Music
42439,Drama
42439,Music
42442,Drama
42442,Music
42443,Comedy
42444,Comedy
42445,Comedy
42446,Comedy
42446,Fantasy
42447,Comedy
42447,Fantasy
42448,Comedy
42448,Fantasy
42454,Slice of Life
42454,Comedy
42454,Supernatural
42455,Slice of Life
42455,Comedy
42455,Supernatural
42456,Action
42456,Historical
42457,Comedy
42458,Comedy
42460,Action
42460,Sci-Fi
42460,Adventure
42463,Slice of Life
42463,Comedy
42465,Action
42465,Military
42465,Historical
42465,Martial Arts
42465,Fantasy
42466,Action
42466,Adventure
42466,Comedy
42466,Police
42466,Kids
42468,Action
42468,Kids
42476,Adventure
42476,Mystery
42476,Kids
42481,Romance
42482,Parody
42482,Magic
42483,Music
42483,Romance
42484,Dementia
42484,Drama
42485,Adventure
42485,Drama
42485,Fantasy
42486,Game
42486,Fantasy
42487,Comedy
42488,Slice of Life
42491,Slice of Life
42496,Action
42496,Adventure
42496,Historical
42496,Supernatural
42496,Martial Arts
42496,Fantasy
42497,Action
42497,Adventure
42497,Historical
42497,Romance
42497,Martial Arts
42497,Fantasy
42498,Action
42498,Adventure
42498,Historical
42498,Romance
42498,Martial Arts
42498,Fantasy
42500,Slice of Life
42500,Fantasy
42501,Kids
42501,Fantasy
42506,Military
42506,Comedy
42507,Music
42507,Slice of Life
42514,Comedy
42514,Kids
42516,Action
42516,Game
42517,Romance
42517,Ecchi
42519,Harem
42519,Comedy
42519,Romance
42519,Shounen
42522,Action
42526,Music
42540,Comedy
42542,Comedy
42546,Slice of Life
42546,Comedy
42547,Comedy
42550,Action
42550,Music
42550,Sci-Fi
42562,Supernatural
42563,Music
42568,Slice of Life
42571,Comedy
42571,Ecchi
42571,Fantasy
42584,Demons
42584,Music
42585,Dementia
42585,Music
42587,Slice of Life
42587,Drama
42587,Magic
42587,Fantasy
42590,Music
42590,Drama
42590,School
42591,Hentai
42592,Hentai
42593,Comedy
42600,Music
42601,Music
42601,Dementia
42603,Action
42603,Shounen
42603,Super Power
42612,Kids
42612,Music
42616,Music
42617,Music
42618,Music
42619,Kids
42619,Music
42625,Action
42625,Adventure
42625,Demons
42625,Fantasy
42625,Seinen
42627,Fantasy
42627,Shounen
42628,Kids
42628,Music
42629,Slice of Life
42629,Romance
42632,Romance
42636,Music
42636,Kids
42637,Kids
42637,Music
42638,Kids
42638,Music
42639,Kids
42639,Music
42640,Slice of Life
42640,Comedy
42640,Supernatural
42641,Action
42646,Kids
42646,Music
42649,Kids
42649,Music
42650,Kids
42650,Music
42653,Kids
42653,Music
42654,Cars
42654,Comedy
42654,Kids
42656,Kids
42656,Music
42657,Comedy
42657,Parody
42657,Super Power
42658,Action
42658,Martial Arts
42660,Cars
42660,Comedy
42660,Kids
42662,Kids
42662,Music
42663,Kids
42663,Music
42666,Kids
42666,Music
42668,Sports
42670,Action
42670,Adventure
42670,Comedy
42670,Fantasy
42672,Kids
42672,Music
42681,Kids
42681,Music
42682,Kids
42682,Music
42685,Action
42685,Comedy
42685,Supernatural
42685,Ecchi
42685,School
42685,Shounen
42690,Kids
42690,Music
42697,Comedy
42697,Parody
42698,Comedy
42698,Parody
42699,Music
42703,Music
42714,Romance
42714,Ecchi
42717,Slice of Life
42717,Kids
42722,Kids
42722,Music
42723,Action
42723,Sci-Fi
42723,Adventure
42725,Fantasy
42725,Kids
42725,Music
42729,Action
42731,Kids
42731,Music
42733,Kids
42733,Music
42736,Kids
42736,Music
42740,Action
42740,Adventure
42740,Cars
42744,Kids
42744,Music
42745,Slice of Life
42745,Comedy
42745,Magic
42749,Kids
42749,Music
42750,Music
42754,Fantasy
42754,Kids
42754,Music
42756,Hentai
42757,Hentai
42760,Action
42760,Adventure
42760,Cars
42761,Action
42761,Adventure
42761,Cars
42762,Kids
42762,Music
42765,Action
42765,Adventure
42766,Action
42766,Adventure
42767,Kids
42767,Music
42768,Kids
42768,Music
42774,Sports
42774,Drama
42774,Shounen
42780,Kids
42780,Music
42780,Romance
42783,Music
42784,Martial Arts
42785,Kids
42785,Music
42786,Kids
42786,Music
42786,Romance
42787,Kids
42787,Music
42787,Slice of Life
42791,Action
42791,Mecha
42792,Kids
42792,Music
42792,Romance
42793,Kids
42793,Music
42794,Action
42794,Adventure
42794,Romance
42794,Fantasy
42797,Game
42797,Slice of Life
42797,Comedy
42798,Sports
42798,Romance
42798,School
42798,Shounen
42799,Slice of Life
42800,Dementia
42801,Dementia
42801,Music
42802,Dementia
42802,Music
42803,Action
42803,Comedy
42803,Supernatural
42803,Ecchi
42803,School
42803,Shounen
42804,Slice of Life
42805,Action
42805,Super Power
42805,Psychological
42805,Drama
42807,Dementia
42807,Music
42809,Action
42809,Dementia
42809,Music
42811,Music
42815,Adventure
42815,Fantasy
42820,Dementia
42820,Music
42822,Comedy
42822,Psychological
42822,Supernatural
42822,Shounen
42825,Action
42825,Super Power
42826,Romance
42826,Fantasy
42829,Sports
42829,School
42829,Shounen
42831,Comedy
42831,Supernatural
42831,Shounen
42832,Adventure
42832,Magic
42832,Fantasy
42834,Adventure
42835,Action
42835,Adventure
42835,Fantasy
42836,Dementia
42836,Music
42837,Kids
42837,Music
42838,Music
42838,Kids
42842,Kids
42842,Magic
42842,Music
42843,Kids
42843,Music
42847,Music
42847,School
42848,Hentai
42852,Parody
42853,Fantasy
42853,Kids
42853,Music
42854,Dementia
42854,Fantasy
42854,Music
42855,Fantasy
42855,Shounen Ai
42862,Comedy
42862,Ecchi
42862,Fantasy
42863,Fantasy
42863,Historical
42863,Kids
42863,Music
42865,Music
42867,Comedy
42870,Space
42872,Kids
42872,Music
42873,Kids
42873,Music
42875,Comedy
42875,Fantasy
42876,Comedy
42876,Fantasy
42883,Mystery
42886,Action
42886,Military
42886,Sci-Fi
42886,Space
42886,Drama
42887,Kids
42887,Music
42888,Kids
42888,Music
42889,Music
42890,Action
42890,Game
42890,Kids
42892,Action
42892,Historical
42892,Supernatural
42892,Drama
42892,Shoujo
42893,Action
42893,Sci-Fi
42893,Supernatural
42893,Martial Arts
42893,Fantasy
42894,Demons
42894,Drama
42894,Shoujo
42894,Slice of Life
42894,Supernatural
42895,Kids
42895,Music
42895,Space
42896,Kids
42896,Music
42897,Slice of Life
42897,Comedy
42897,Romance
42897,School
42897,Shounen
42898,Action
42898,Historical
42898,Demons
42898,Romance
42898,Fantasy
42903,Kids
42903,Music
42906,Horror
42906,Drama
42909,Kids
42909,Music
42913,Comedy
42916,Action
42916,Game
42916,Adventure
42916,Romance
42916,Fantasy
42919,Music
42919,Kids
42923,Comedy
42923,Sports
42925,Kids
42925,Music
42935,Music
42938,Slice of Life
42938,Comedy
42938,Supernatural
42938,Drama
42938,Romance
42938,Shoujo
42940,Action
42940,Martial Arts
42940,Shounen
42941,Slice of Life
42941,Comedy
42941,Sports
42946,Game
42946,Comedy
42947,Action
42947,Adventure
42947,Fantasy
42948,Slice of Life
42948,Comedy
42949,Military
42949,Sci-Fi
42949,Comedy
42950,Action
42950,Adventure
42950,Comedy
42950,Historical
42950,Martial Arts
42952,Music
42952,School
42954,Kids
42954,Music
42955,Action
42955,Fantasy
42956,Slice of Life
42956,Comedy
42956,Supernatural
42958,Kids
42958,Music
42959,Slice of Life
42959,Comedy
42959,School
42959,Shounen
42962,Slice of Life
42962,Comedy
42962,Romance
42962,Ecchi
42963,Comedy
42963,Romance
42963,School
42963,Shounen
42966,Action
42966,Comedy
42967,Comedy
42969,Comedy
42969,Fantasy
42971,Kids
42971,Music
42976,Action
42976,Sci-Fi
42976,Horror
42979,Action
42979,Kids
42981,Music
42984,Music
42984,Fantasy
42985,Action
42985,Sci-Fi
42985,Horror
42985,Demons
42985,Drama
42985,Thriller
42988,Dementia
42988,Music
42989,Comedy
42989,Dementia
42989,Music
42990,Comedy
42990,Ecchi
42990,Fantasy
42994,Comedy
42994,Supernatural
42995,Comedy
42995,Dementia
42995,Music
42996,Comedy
42996,Music
42998,Comedy
42998,Kids
42998,Supernatural
43001,Comedy
43004,Comedy
43004,Kids
43004,Music
43005,Kids
43005,Music
43007,Harem
43007,Comedy
43007,Romance
43007,School
43011,Kids
43011,Music
43011,Supernatural
43013,Hentai
43015,Hentai
43016,Hentai
43016,Comedy
43020,Slice of Life
43043,Music
43043,Supernatural
43201,Music
43207,Slice of Life
43229,Action
43288,Comedy
43292,Kids
43292,Music
43293,Dementia
43293,Music
43299,Psychological
43299,Drama
43299,Fantasy
43318,Dementia
43318,Music
43323,Dementia
43323,Music
43325,Mystery
43325,Historical
43325,Psychological
43325,Shounen
43349,Sci-Fi
43349,Comedy
43350,Sci-Fi
43350,Comedy
43351,Dementia
43351,Music
43352,Music
43353,Comedy
43397,Dementia
43397,Music
43398,Music
43416,Comedy
43417,Music
43417,Sports
43418,Dementia
43418,Music
43419,Dementia
43419,Music
43426,Hentai
43426,Demons
43426,Supernatural
43433,Fantasy
43433,Kids
43433,Music
43434,Action
43434,Adventure
43434,Historical
43439,Slice of Life
43439,Supernatural
43439,Seinen
43444,Music
43444,Drama
43446,Kids
43446,Music
43465,Hentai
43465,School
43466,Hentai
43467,Hentai
43470,Comedy
43470,Romance
43483,Comedy
43485,Kids
43485,Music
43506,Mecha
43517,Kids
43517,Music
43521,Historical
43521,Kids
43521,Music
43522,Music
43523,Adventure
43523,Fantasy
43531,Kids
43531,Music
43532,Adventure
43532,Kids
43532,Music
43550,Comedy
43550,Kids
43550,Music
43550,Sci-Fi
43551,Kids
43551,Music
43555,Sci-Fi
43555,Adventure
43555,Shounen
43556,Sports
43556,Drama
43556,School
43565,Action
43565,Game
43565,Horror
43565,Supernatural
43565,Fantasy
43566,Kids
43566,Music
43567,Kids
43567,Music
43568,Kids
43568,Fantasy
43590,Music
43590,Drama
43591,Comedy
43591,Historical
43591,Parody
43598,Kids
43598,Music
43600,Historical
43600,Demons
43600,Supernatural
43600,Drama
43602,Music
43602,Kids
43603,Kids
43603,Music
43608,Comedy
43608,Psychological
43608,Romance
43608,School
43608,Seinen
43609,Comedy
43609,Psychological
43609,Romance
43609,School
43609,Seinen
43626,Action
43626,Fantasy
43626,Martial Arts
43627,Kids
43627,Music
43627,Sci-Fi
43627,Space
43628,Music
43628,Kids
43629,Supernatural
43629,Drama
43629,Fantasy
43629,Shoujo
43629,Shounen Ai
43682,Kids
43682,Music
43683,Comedy
43684,Action
43684,Comedy
43684,Fantasy
43688,Kids
43688,Music
43689,Kids
43689,Music
43690,Action
43690,Mystery
43690,Horror
43691,Drama
43691,School
43691,Seinen
43692,Slice of Life
43692,Comedy
43692,Romance
43693,Slice of Life
43693,Comedy
43693,Historical
43693,Seinen
43694,Kids
43702,Action
43702,Adventure
43702,Historical
43702,Martial Arts
43703,Action
43703,Adventure
43703,Historical
43704,Comedy
43704,Drama
43711,Drama
43722,Slice of Life
43722,Comedy
43727,Action
43727,Fantasy
43729,Action
43729,Fantasy
43735,Music
43741,Action
43741,Sci-Fi
43741,Mecha
43741,Shounen
43745,Music
43745,Slice of Life
43746,Kids
43746,Music
43751,Music
43755,Drama
43756,Sports
43760,Fantasy
43761,Comedy
43761,Kids
43761,Music
43762,Unknown
43763,Action
43763,Historical
43763,Drama
43763,Seinen
43767,Sci-Fi
43767,Mystery
43767,Psychological
43767,Supernatural
43767,Drama
43768,Kids
43768,Music
43771,Music
43772,Action
43772,Adventure
43772,Historical
43772,Drama
43772,Magic
43772,Martial Arts
43772,Fantasy
43774,Kids
43774,Music
43774,Mystery
43775,Music
43778,Adventure
43778,Comedy
43778,Kids
43779,Comedy
43779,Romance
43779,Ecchi
43780,Comedy
43787,Kids
43787,Music
43791,Hentai
43793,Hentai
43793,Fantasy
43814,Action
43814,Super Power
43814,Supernatural
43878,Comedy
43917,Kids
43917,Music
43969,Slice of Life
43969,Comedy
43969,Romance
43969,School
43969,Shounen
44025,Sci-Fi
44025,Adventure
44025,Space
44025,Comedy
44025,Kids
44025,Shounen
44026,Comedy
44026,Slice of Life
44037,Adventure
44037,Slice of Life
44037,Fantasy
44040,Comedy
44041,Unknown
44042,Comedy
44044,Romance
44044,Ecchi
44047,Action
44047,Fantasy
44047,Historical
44047,Martial Arts
44048,Kids
44050,Action
44050,Sci-Fi
44050,Mecha
44055,Slice of Life
44055,School
44055,Shounen Ai
44056,Slice of Life
44059,Dementia
44062,Action
44062,Sci-Fi
44062,Romance
44062,Fantasy
44062,Mecha
44064,Action
44064,Supernatural
44064,Drama
44065,Action
44065,Historical
44065,Fantasy
44067,Adventure
44067,Mystery
44067,Historical
44067,Supernatural
44067,Fantasy
44068,Action
44068,Adventure
44068,Historical
44068,Supernatural
44068,Fantasy
44069,Adventure
44069,Slice of Life
44069,Comedy
44069,Demons
44069,Fantasy
44069,School
44070,Historical
44070,Supernatural
44070,Drama
44071,Action
44071,Adventure
44071,Fantasy
44072,Slice of Life
44072,School
44073,Comedy
44073,Fantasy
44074,Fantasy
44075,Action
44075,Fantasy
44076,Action
44076,Fantasy
44078,Action
44078,Adventure
44078,Comedy
44078,Historical
44078,Martial Arts
44079,Action
44079,Adventure
44079,Comedy
44079,Historical
44079,Martial Arts
44081,Music
44081,Shoujo
44086,Music
44086,Dementia
44087,Action
44087,Comedy
44087,Historical
44087,Parody
44087,Samurai
44087,Shounen
44096,Action
44096,Romance
44096,Fantasy
44097,Comedy
44097,Historical
44097,Supernatural
44097,Drama
44097,Romance
44129,Comedy
44141,Slice of Life
44141,Comedy
44141,Shoujo Ai
44191,Action
44191,Magic
44191,Fantasy
44191,Shoujo
44192,Hentai
44193,Hentai
44194,Hentai
44196,Action
44196,Historical
44196,Martial Arts
44196,Fantasy
44200,Action
44200,Comedy
44200,Super Power
44200,School
44200,Shounen
44203,Action
44203,Adventure
44203,Harem
44203,Drama
44203,Romance
44203,Fantasy
44204,Mystery
44204,Demons
44204,Supernatural
44204,Romance
44204,Shounen
44208,Dementia
44208,Horror
44208,Supernatural
44211,Hentai
44213,Action
44213,Military
44213,Adventure
44213,Mystery
44213,Historical
44213,Martial Arts
44213,Fantasy
44218,Sci-Fi
44221,Action
44221,Comedy
44221,Drama
44221,Romance
44221,Martial Arts
44221,Fantasy
44225,Adventure
44225,Kids
44225,Fantasy
44228,Comedy
44228,Historical
44233,Action
44233,Sci-Fi
44235,Kids
44236,Action
44236,Military
44248,Comedy
44248,Supernatural
44248,Magic
44248,Fantasy
44274,Sports
44275,Music
44276,Action
44276,Game
44276,Comedy
44276,Fantasy
44304,Action
44304,Military
44304,Sci-Fi
44304,Super Power
44304,Drama
44304,Mecha
44376,Music
44376,Slice of Life
44376,Kids
44376,Shoujo
44387,Mystery
44387,Supernatural
44387,Drama
44388,Action
44388,Historical
44389,Action
44389,Fantasy
44390,Supernatural
44390,Drama
44390,Romance
44406,Action
44406,Adventure
44406,Fantasy
44407,Music
44408,Adventure
44408,Fantasy
44410,Action
44410,Sci-Fi
44410,Fantasy
44411,Adventure
44411,Historical
44411,Supernatural
44411,Fantasy
44412,Action
44412,Adventure
44412,Demons
44412,Supernatural
44412,Romance
44412,Martial Arts
44412,Fantasy
44511,Action
44511,Adventure
44511,Demons
44511,Shounen
44513,Action
44513,Martial Arts
44513,Fantasy
44513,Shounen
44516,Action
44516,Romance
44516,Josei
44524,Action
44524,Adventure
44524,Harem
44524,Romance
44524,Fantasy
44583,Slice of Life
44586,Slice of Life
44586,Comedy
44586,Shounen
44587,Adventure
44587,Fantasy
44615,Action
44615,Adventure
44615,Historical
44615,Martial Arts
44615,Fantasy
44616,Comedy
44616,Seinen
44634,Action
44634,Adventure
44634,Historical
44634,Martial Arts
44634,Fantasy
44752,Action
44752,Adventure
44752,Comedy
44752,Historical
44807,Sci-Fi
44848,Kids
44881,Action
44881,Game
44881,Drama
44881,Fantasy
44881,Shounen
44931,Comedy
44931,Romance
44931,Shounen
44940,Action
44940,Sci-Fi
44940,Supernatural
44940,School
44940,Shounen
44942,Action
44942,Super Power
44942,Supernatural
44942,Drama
44942,Seinen
44961,Psychological
44961,Supernatural
44961,Drama
44961,Shounen
44983,Adventure
44983,Comedy
44983,Romance
44983,Ecchi
44983,Fantasy
45031,Music
45031,Kids
45040,Action
45040,Adventure
45040,Fantasy
45040,Historical
45040,Martial Arts
45053,Action
45053,Music
45055,Slice of Life
45055,Comedy
45055,Historical
45055,Romance
45055,Shounen
45169,Action
45169,Adventure
45169,Historical
45169,Martial Arts
45169,Fantasy
45195,Action
45195,Fantasy
45196,Adventure
45196,Romance
45196,Martial Arts
45196,Fantasy
45207,Comedy
45425,Slice of Life
45444,Action
45444,Mecha
45444,Military
45444,Sci-Fi
45445,Action
45445,Mecha
45445,Military
45445,Sci-Fi
45447,Action
45447,Mecha
45447,Military
45447,Sci-Fi
45448,Action
45448,Fantasy
45486,Adventure
45486,Comedy
45486,Fantasy
45489,Slice of Life
45489,Comedy
45518,Sci-Fi
45518,Mystery
45556,Action
45556,Adventure
45556,Comedy
45556,Drama
45556,Martial Arts
45556,Mystery
45556,Super Power
45557,Action
45557,Drama
45558,Action
45558,Adventure
45558,Historical
45558,Martial Arts
45558,Fantasy
45560,Action
45560,Fantasy
45560,Shounen
45567,Comedy
45567,Supernatural
45567,Fantasy
45572,Sci-Fi
45572,Magic
45572,Fantasy
45574,Action
45574,Fantasy
45577,Music
45582,Dementia
45582,Psychological
45583,Dementia
45584,Action
45584,Sci-Fi
45584,Thriller
45585,Sports
45585,School
45596,Comedy
45596,Romance
45598,Comedy
45598,Romance
45598,Shounen
45599,Action
45599,Adventure
45599,Fantasy
45599,Historical
45599,Martial Arts
45599,Romance
45600,Fantasy
45607,Adventure
45607,Historical
45611,Slice of Life
45611,Fantasy
45612,Martial Arts
45613,Slice of Life
45613,Comedy
45613,Romance
45614,Dementia
45614,Music
45615,Dementia
45615,Music
45616,Dementia
45616,Music
45618,Slice of Life
45620,Drama
45645,Adventure
45645,Kids
45645,Drama
45649,Comedy
45649,Sports
45649,Drama
45649,School
45649,Shounen
45653,Slice of Life
45653,Comedy
45653,Romance
45653,School
45653,Shounen
45658,Comedy
45658,Fantasy
45665,Slice of Life
45665,School
45731,Music
45753,Fantasy
45753,Shounen
45782,Music
45782,Comedy
45783,Action
45783,Adventure
45783,Comedy
45783,Demons
45783,Supernatural
45783,Drama
45783,Josei
45961,Action
45961,Comedy
45961,Magic
45961,Fantasy
45999,Comedy
46000,Slice of Life
46003,Comedy
46004,Comedy
46093,Slice of Life
46095,Sci-Fi
46102,Mystery
46118,Slice of Life
46118,Sports
46119,Slice of Life
46352,Drama
46352,School
46352,Seinen
46381,Action
46381,Sci-Fi
46381,Kids
46381,Mecha
46420,Action
46420,Adventure
46420,Supernatural
46420,Magic
46420,Fantasy
46420,Shounen
46422,Romance
46422,Fantasy
46422,Shoujo
46431,Slice of Life
46431,Comedy
46431,Drama
46431,Romance
46431,School
46471,Mystery
46471,Comedy
46471,Drama
46471,Romance
46488,Game
46488,Comedy
46488,School
46488,Seinen
46488,Shoujo Ai
46491,Fantasy
46569,Historical
46569,Shounen
46604,Action
46604,Military
46604,Sci-Fi
46604,Drama
46630,Comedy
46630,Historical
46639,Action
46639,Fantasy
46652,Action
46652,Adventure
46652,Comedy
46652,Shounen
46654,Music
46701,Comedy
46701,Romance
46701,Ecchi
46735,Comedy
46735,Parody
46821,Action
46821,Fantasy
46924,Fantasy
46925,Action
46925,Fantasy
46925,Sci-Fi
46985,Fantasy
47044,Action
47044,Historical
47044,Martial Arts
47044,Fantasy
47158,Comedy
47158,Romance
47158,School
47159,Comedy
47159,Fantasy
47160,Action
47160,Adventure
47160,Fantasy
47161,Action
47161,Adventure
47161,Fantasy
47162,Action
47162,Adventure
47162,Fantasy
47163,Action
47163,Adventure
47163,Fantasy
47164,Action
47164,Adventure
47164,Comedy
47164,Romance
47164,Fantasy
47194,Mystery
47194,Supernatural
47194,Shounen
47250,Action
47250,Historical
47250,Supernatural
47257,Comedy
47257,Drama
47257,Romance
47307,Sci-Fi
47307,Music
47307,Mecha
47391,Action
47391,Adventure
47391,Magic
47391,Fantasy
47398,Comedy
47402,Music
47402,Romance
47403,Adventure
47403,Fantasy
47405,Action
47405,Adventure
47405,Fantasy
47409,Action
47409,Military
47409,Sci-Fi
47409,Music
47409,Space
47409,Romance
47409,Mecha
47410,Action
47410,Cars
47410,Sports
47537,Mystery
47537,Supernatural
47537,School
47591,Romance
47591,Shounen Ai
47614,Slice of Life
47614,Comedy
47616,Mystery
47616,Psychological
47616,Supernatural
47616,Thriller
47616,Shounen
47618,Slice of Life
47623,Slice of Life
47634,Action
47639,Magic
47777,Action
47777,Slice of Life
47777,Comedy
47777,Historical
47777,Drama
47777,Fantasy
47778,Action
47778,Historical
47778,Demons
47778,Supernatural
47778,Shounen
47790,Action
47790,Fantasy
47792,Fantasy
47792,Yaoi
47795,Fantasy
47795,Romance
47917,Music
47917,Slice of Life
47917,Comedy
48097,Martial Arts
48097,Fantasy
48171,Unknown
48177,Music
48177,Drama
48239,Adventure
48239,Fantasy
48252,Slice of Life
48252,Comedy
48252,Seinen
48316,Action
48316,Comedy
48316,Fantasy
48363,Slice of Life
48363,Comedy
48363,Fantasy
48365,Comedy
48365,Demons
48365,Kids
48365,Supernatural
48369,Action
48369,Martial Arts
48369,Fantasy
48369,Shounen
48374,Slice of Life
48374,Comedy
48374,Supernatural
48375,Sci-Fi
48375,Supernatural
48375,Magic
48391,Game
48391,Magic
48391,Fantasy
48405,Supernatural
48405,Shounen
48406,Sports
48406,School
48409,Comedy
48409,Parody
48411,Sci-Fi
48411,Slice of Life
48411,Fantasy
48411,Shounen
48413,Comedy
48413,Demons
48413,Supernatural
48413,Romance
48413,Fantasy
48414,Action
48414,Adventure
48414,Fantasy
48415,Action
48415,Fantasy
48415,School
48417,Magic
48417,Fantasy
48417,School
48418,Action
48418,Demons
48418,Magic
48418,Fantasy
48418,School
48422,Hentai
48425,Horror
48425,Demons
48425,Supernatural
48425,Thriller
48426,Comedy
48426,Demons
48426,Supernatural
48426,Shounen
48427,Music
48438,Slice of Life
48438,Magic
48438,Fantasy
48438,Shounen
48441,Action
48442,Slice of Life
48456,Comedy
48456,Sports
48466,Action
48466,Mecha
48470,Action
48470,Adventure
48470,Drama
48470,Magic
48470,Fantasy
48471,Sci-Fi
48471,Space
48471,Vampire
48480,Adventure
48480,Fantasy
48481,Adventure
48481,Mystery
48481,Supernatural
48483,Comedy
48483,Horror
48483,Supernatural
48488,Mystery
48488,Dementia
48488,Horror
48488,Psychological
48488,Supernatural
48488,Thriller
48491,Adventure
48491,Slice of Life
48491,Comedy
48492,Action
48492,Fantasy
